timestamp,real_value,predicted_value
2023-08-25 06:00:00,26015.4,26118.186
2023-08-25 07:00:00,25980.5,26092.758
2023-08-25 08:00:00,26093.5,26068.104
2023-08-25 09:00:00,26080.0,26061.836
2023-08-25 10:00:00,26088.0,26075.69
2023-08-25 11:00:00,26096.4,26097.158
2023-08-25 12:00:00,26108.7,26115.74
2023-08-25 13:00:00,26068.3,26129.469
2023-08-25 14:00:00,25833.6,26128.932
2023-08-25 15:00:00,25932.0,26073.258
2023-08-25 16:00:00,25935.3,26030.059
2023-08-25 17:00:00,25890.0,26014.188
2023-08-25 18:00:00,26052.0,25997.31
2023-08-25 19:00:00,25972.4,25998.037
2023-08-25 20:00:00,26060.8,26011.822
2023-08-25 21:00:00,26081.9,26030.104
2023-08-25 22:00:00,26054.0,26053.154
2023-08-25 23:00:00,26060.0,26072.68
2023-08-26 00:00:00,26040.3,26083.697
2023-08-26 01:00:00,26046.0,26088.084
2023-08-26 02:00:00,26076.0,26087.691
2023-08-26 03:00:00,26087.2,26088.799
2023-08-26 04:00:00,26076.0,26094.541
2023-08-26 05:00:00,26062.0,26100.701
2023-08-26 06:00:00,26079.9,26104.998
2023-08-26 07:00:00,26050.8,26103.75
2023-08-26 08:00:00,26041.9,26099.365
2023-08-26 09:00:00,26015.4,26092.85
2023-08-26 10:00:00,26035.2,26085.156
2023-08-26 11:00:00,26045.9,26077.156
2023-08-26 12:00:00,26029.4,26073.033
2023-08-26 13:00:00,26044.2,26068.182
2023-08-26 14:00:00,26068.0,26068.236
2023-08-26 15:00:00,26054.0,26072.324
2023-08-26 16:00:00,26041.9,26078.693
2023-08-26 17:00:00,26035.0,26079.934
2023-08-26 18:00:00,26020.0,26077.281
2023-08-26 19:00:00,26034.2,26072.97
2023-08-26 20:00:00,26032.4,26068.756
2023-08-26 21:00:00,26042.0,26066.72
2023-08-26 22:00:00,26030.2,26065.984
2023-08-26 23:00:00,26017.4,26067.107
2023-08-27 00:00:00,26000.0,26062.223
2023-08-27 01:00:00,25997.7,26057.408
2023-08-27 02:00:00,26000.1,26044.998
2023-08-27 03:00:00,26022.0,26038.86
2023-08-27 04:00:00,26037.8,26038.088
2023-08-27 05:00:00,26033.5,26045.756
2023-08-27 06:00:00,26046.0,26054.734
2023-08-27 07:00:00,26043.6,26061.703
2023-08-27 08:00:00,26063.1,26067.457
2023-08-27 09:00:00,26078.1,26072.078
2023-08-27 10:00:00,26082.8,26079.676
2023-08-27 11:00:00,26060.4,26090.379
2023-08-27 12:00:00,26071.7,26100.863
2023-08-27 13:00:00,26080.0,26105.996
2023-08-27 14:00:00,26145.3,26109.047
2023-08-27 15:00:00,26122.2,26113.83
2023-08-27 16:00:00,26166.1,26129.943
2023-08-27 17:00:00,26065.1,26148.924
2023-08-27 18:00:00,26104.1,26158.3
2023-08-27 19:00:00,26125.5,26154.238
2023-08-27 20:00:00,26091.5,26152.033
2023-08-27 21:00:00,26067.9,26150.357
2023-08-27 22:00:00,26089.3,26143.21
2023-08-27 23:00:00,26101.8,26132.467
2023-08-28 00:00:00,26023.5,26127.629
2023-08-28 01:00:00,26028.0,26109.959
2023-08-28 02:00:00,26030.5,26092.295
2023-08-28 03:00:00,26013.0,26081.914
2023-08-28 04:00:00,26026.6,26072.072
2023-08-28 05:00:00,25963.0,26066.201
2023-08-28 06:00:00,25946.3,26041.004
2023-08-28 07:00:00,25934.1,26024.395
2023-08-28 08:00:00,25969.7,26004.367
2023-08-28 09:00:00,25931.5,25990.89
2023-08-28 10:00:00,25953.4,25977.207
2023-08-28 11:00:00,26001.0,25976.387
2023-08-28 12:00:00,26136.6,25984.98
2023-08-28 13:00:00,26101.3,26000.705
2023-08-28 14:00:00,26139.6,26053.018
2023-08-28 15:00:00,26104.2,26104.758
2023-08-28 16:00:00,26146.9,26136.348
2023-08-28 17:00:00,26141.8,26155.955
2023-08-28 18:00:00,26148.9,26168.752
2023-08-28 19:00:00,25996.3,26173.81
2023-08-28 20:00:00,25993.0,26147.809
2023-08-28 21:00:00,25982.7,26116.05
2023-08-28 22:00:00,26061.4,26080.89
2023-08-28 23:00:00,26120.0,26061.668
2023-08-29 00:00:00,26140.4,26069.975
2023-08-29 01:00:00,26106.3,26099.092
2023-08-29 02:00:00,26104.7,26126.887
2023-08-29 03:00:00,26083.2,26145.027
2023-08-29 04:00:00,26057.9,26148.13
2023-08-29 05:00:00,26065.2,26136.984
2023-08-29 06:00:00,26008.7,26107.354
2023-08-29 07:00:00,26004.2,26092.076
2023-08-29 08:00:00,25956.4,26077.428
2023-08-29 09:00:00,25992.2,26054.547
2023-08-29 10:00:00,25981.3,26037.846
2023-08-29 11:00:00,25975.6,26023.217
2023-08-29 12:00:00,26044.5,26017.918
2023-08-29 13:00:00,26052.0,26024.56
2023-08-29 14:00:00,27492.0,26039.396
2023-08-29 15:00:00,27423.4,26069.62
2023-08-29 16:00:00,28000.0,26446.463
2023-08-29 17:00:00,27892.1,26902.072
2023-08-29 18:00:00,27971.8,27399.078
2023-08-29 19:00:00,27831.3,27776.1
2023-08-29 20:00:00,27569.3,27973.324
2023-08-29 21:00:00,27659.0,27985.637
2023-08-29 22:00:00,27638.3,27911.64
2023-08-29 23:00:00,27716.3,27820.451
2023-08-30 00:00:00,27622.2,27759.578
2023-08-30 01:00:00,27552.6,27736.83
2023-08-30 02:00:00,27400.6,27713.385
2023-08-30 03:00:00,27391.1,27667.287
2023-08-30 04:00:00,27443.0,27602.791
2023-08-30 05:00:00,27469.0,27555.602
2023-08-30 06:00:00,27382.2,27529.97
2023-08-30 07:00:00,27436.2,27508.312
2023-08-30 08:00:00,27471.0,27490.748
2023-08-30 09:00:00,27426.8,27483.266
2023-08-30 10:00:00,27435.4,27473.613
2023-08-30 11:00:00,27338.5,27475.244
2023-08-30 12:00:00,27353.6,27463.371
2023-08-30 13:00:00,27376.1,27437.82
2023-08-30 14:00:00,27110.0,27399.291
2023-08-30 15:00:00,27201.6,27338.996
2023-08-30 16:00:00,27155.4,27293.578
2023-08-30 17:00:00,27168.0,27266.469
2023-08-30 18:00:00,27280.0,27253.4
2023-08-30 19:00:00,27178.3,27253.963
2023-08-30 20:00:00,27250.2,27261.523
2023-08-30 21:00:00,27259.7,27269.502
2023-08-30 22:00:00,27241.0,27283.08
2023-08-30 23:00:00,27300.0,27293.865
2023-08-31 00:00:00,27222.1,27304.727
2023-08-31 01:00:00,27196.5,27306.87
2023-08-31 02:00:00,27190.0,27293.982
2023-08-31 03:00:00,27217.3,27276.252
2023-08-31 04:00:00,27252.3,27261.865
2023-08-31 05:00:00,27251.3,27261.314
2023-08-31 06:00:00,27253.2,27270.54
2023-08-31 07:00:00,27261.0,27282.947
2023-08-31 08:00:00,27235.1,27292.371
2023-08-31 09:00:00,27198.3,27295.684
2023-08-31 10:00:00,27201.8,27285.357
2023-08-31 11:00:00,27304.0,27275.523
2023-08-31 12:00:00,27192.6,27268.033
2023-08-31 13:00:00,27150.0,27265.29
2023-08-31 14:00:00,27175.7,27254.88
2023-08-31 15:00:00,26922.0,27237.326
2023-08-31 16:00:00,26234.2,27175.697
2023-08-31 17:00:00,26329.1,26981.496
2023-08-31 18:00:00,26292.2,26773.018
2023-08-31 19:00:00,26162.8,26608.797
2023-08-31 20:00:00,26022.6,26444.338
2023-08-31 21:00:00,26024.6,26320.348
2023-08-31 22:00:00,26054.0,26184.492
2023-08-31 23:00:00,25940.8,26122.393
2023-09-01 00:00:00,26052.0,26084.744
2023-09-01 01:00:00,25985.7,26061.81
2023-09-01 02:00:00,26058.6,26046.34
2023-09-01 03:00:00,26081.0,26041.443
2023-09-01 04:00:00,26044.5,26051.014
2023-09-01 05:00:00,26027.3,26061.535
2023-09-01 06:00:00,25997.0,26064.11
2023-09-01 07:00:00,25990.9,26053.908
2023-09-01 08:00:00,25980.5,26038.316
2023-09-01 09:00:00,26034.0,26025.574
2023-09-01 10:00:00,25999.3,26021.836
2023-09-01 11:00:00,26047.5,26026.344
2023-09-01 12:00:00,26063.3,26032.56
2023-09-01 13:00:00,26000.0,26035.459
2023-09-01 14:00:00,25717.0,26038.13
2023-09-01 15:00:00,25811.0,25997.14
2023-09-01 16:00:00,25789.8,25924.906
2023-09-01 17:00:00,25478.9,25882.908
2023-09-01 18:00:00,25654.2,25784.088
2023-09-01 19:00:00,25645.7,25728.895
2023-09-01 20:00:00,25776.6,25712.8
2023-09-01 21:00:00,25804.5,25720.156
2023-09-01 22:00:00,25764.3,25758.04
2023-09-01 23:00:00,25805.1,25794.014
2023-09-02 00:00:00,25789.1,25815.246
2023-09-02 01:00:00,25773.7,25824.734
2023-09-02 02:00:00,25761.9,25823.016
2023-09-02 03:00:00,25798.1,25813.324
2023-09-02 04:00:00,25779.7,25805.578
2023-09-02 05:00:00,25821.4,25804.291
2023-09-02 06:00:00,25801.4,25808.158
2023-09-02 07:00:00,25795.5,25820.766
2023-09-02 08:00:00,25782.2,25830.15
2023-09-02 09:00:00,25810.5,25831.016
2023-09-02 10:00:00,25832.9,25829.332
2023-09-02 11:00:00,25813.5,25833.602
2023-09-02 12:00:00,25808.7,25838.426
2023-09-02 13:00:00,25825.0,25843.91
2023-09-02 14:00:00,25866.0,25846.871
2023-09-02 15:00:00,25894.8,25853.523
2023-09-02 16:00:00,25861.4,25867.127
2023-09-02 17:00:00,25813.6,25888.58
2023-09-02 18:00:00,25809.6,25897.895
2023-09-02 19:00:00,25833.4,25885.584
2023-09-02 20:00:00,25849.0,25874.564
2023-09-02 21:00:00,25858.8,25869.553
2023-09-02 22:00:00,25861.5,25872.82
2023-09-02 23:00:00,25869.5,25880.135
2023-09-03 00:00:00,25870.0,25888.992
2023-09-03 01:00:00,25867.4,25893.205
2023-09-03 02:00:00,25860.5,25895.025
2023-09-03 03:00:00,25863.9,25897.732
2023-09-03 04:00:00,25875.0,25898.164
2023-09-03 05:00:00,25900.1,25900.393
2023-09-03 06:00:00,25910.0,25905.48
2023-09-03 07:00:00,25956.2,25915.156
2023-09-03 08:00:00,25882.2,25924.258
2023-09-03 09:00:00,25905.0,25936.396
2023-09-03 10:00:00,25933.0,25940.967
2023-09-03 11:00:00,25943.4,25946.506
2023-09-03 12:00:00,25896.1,25953.1
2023-09-03 13:00:00,25890.5,25953.38
2023-09-03 14:00:00,25927.0,25948.39
2023-09-03 15:00:00,25873.5,25949.424
2023-09-03 16:00:00,25846.9,25945.469
2023-09-03 17:00:00,25888.0,25922.953
2023-09-03 18:00:00,25934.0,25912.426
2023-09-03 19:00:00,26011.2,25918.043
2023-09-03 20:00:00,26048.2,25944.45
2023-09-03 21:00:00,25967.7,25981.531
2023-09-03 22:00:00,25950.6,26014.734
2023-09-03 23:00:00,25971.2,26026.943
2023-09-04 00:00:00,25910.1,26022.604
2023-09-04 01:00:00,25908.5,26006.066
2023-09-04 02:00:00,25983.2,25982.625
2023-09-04 03:00:00,25987.6,25971.459
2023-09-04 04:00:00,25982.6,25981.746
2023-09-04 05:00:00,25934.4,26000.453
2023-09-04 06:00:00,25967.5,26009.775
2023-09-04 07:00:00,25965.0,26007.416
2023-09-04 08:00:00,25986.1,26004.586
2023-09-04 09:00:00,25952.2,26005.275
2023-09-04 10:00:00,25907.8,26002.1
2023-09-04 11:00:00,25892.5,25987.678
2023-09-04 12:00:00,25858.4,25968.645
2023-09-04 13:00:00,25883.3,25942.406
2023-09-04 14:00:00,25854.4,25925.18
2023-09-04 15:00:00,25814.2,25914.896
2023-09-04 16:00:00,25864.1,25884.566
2023-09-04 17:00:00,25907.5,25881.043
2023-09-04 18:00:00,25915.7,25893.648
2023-09-04 19:00:00,25893.2,25913.754
2023-09-04 20:00:00,25836.7,25927.355
2023-09-04 21:00:00,25677.7,25924.215
2023-09-04 22:00:00,25775.0,25879.797
2023-09-04 23:00:00,25826.0,25834.8
2023-09-05 00:00:00,25768.5,25812.277
2023-09-05 01:00:00,25753.1,25809.658
2023-09-05 02:00:00,25670.5,25812.328
2023-09-05 03:00:00,25692.4,25799.889
2023-09-05 04:00:00,25698.2,25762.805
2023-09-05 05:00:00,25733.3,25740.018
2023-09-05 06:00:00,25690.0,25733.701
2023-09-05 07:00:00,25735.6,25734.225
2023-09-05 08:00:00,25710.9,25737.023
2023-09-05 09:00:00,25752.3,25738.75
2023-09-05 10:00:00,25758.0,25747.912
2023-09-05 11:00:00,25783.7,25763.469
2023-09-05 12:00:00,25824.3,25776.531
2023-09-05 13:00:00,25736.2,25787.746
2023-09-05 14:00:00,25716.2,25796.957
2023-09-05 15:00:00,25759.4,25786.176
2023-09-05 16:00:00,25753.6,25772.303
2023-09-05 17:00:00,25749.1,25778.652
2023-09-05 18:00:00,25742.4,25787.496
2023-09-05 19:00:00,25683.9,25793.45
2023-09-05 20:00:00,25714.4,25787.06
2023-09-05 21:00:00,25735.0,25771.23
2023-09-05 22:00:00,25768.3,25761.64
2023-09-05 23:00:00,25792.1,25763.443
2023-09-06 00:00:00,25803.4,25776.584
2023-09-06 01:00:00,25783.3,25792.723
2023-09-06 02:00:00,25849.7,25808.643
2023-09-06 03:00:00,25782.9,25824.512
2023-09-06 04:00:00,25755.4,25835.557
2023-09-06 05:00:00,25746.6,25832.717
2023-09-06 06:00:00,25780.0,25819.277
2023-09-06 07:00:00,25728.9,25803.248
2023-09-06 08:00:00,25749.9,25790.021
2023-09-06 09:00:00,25753.5,25783.54
2023-09-06 10:00:00,25726.9,25780.688
2023-09-06 11:00:00,25733.3,25780.684
2023-09-06 12:00:00,25713.6,25778.934
2023-09-06 13:00:00,25741.8,25770.27
2023-09-06 14:00:00,25615.9,25759.719
2023-09-06 15:00:00,25588.0,25728.582
2023-09-06 16:00:00,25595.2,25697.305
2023-09-06 17:00:00,25860.0,25670.97
2023-09-06 18:00:00,25630.0,25641.639
2023-09-06 19:00:00,25689.5,25676.91
2023-09-06 20:00:00,25681.4,25716.648
2023-09-06 21:00:00,25725.6,25743.71
2023-09-06 22:00:00,25748.2,25757.818
2023-09-06 23:00:00,25759.9,25757.613
2023-09-07 00:00:00,25758.6,25766.996
2023-09-07 01:00:00,25745.7,25776.04
2023-09-07 02:00:00,25750.0,25779.258
2023-09-07 03:00:00,25837.9,25780.004
2023-09-07 04:00:00,25816.1,25789.771
2023-09-07 05:00:00,25788.9,25807.783
2023-09-07 06:00:00,25761.9,25822.973
2023-09-07 07:00:00,25762.9,25825.44
2023-09-07 08:00:00,25745.0,25815.428
2023-09-07 09:00:00,25735.3,25802.898
2023-09-07 10:00:00,25748.8,25791.08
2023-09-07 11:00:00,25708.6,25781.344
2023-09-07 12:00:00,25660.0,25770.986
2023-09-07 13:00:00,25646.6,25751.543
2023-09-07 14:00:00,25768.8,25730.584
2023-09-07 15:00:00,25779.3,25721.934
2023-09-07 16:00:00,25828.7,25734.586
2023-09-07 17:00:00,25931.2,25770.3
2023-09-07 18:00:00,25902.9,25821.209
2023-09-07 19:00:00,25880.0,25875.605
2023-09-07 20:00:00,26006.2,25910.781
2023-09-07 21:00:00,26160.0,25931.52
2023-09-07 22:00:00,26324.0,25961.408
2023-09-07 23:00:00,26255.0,26064.248
2023-09-08 00:00:00,26359.1,26175.947
2023-09-08 01:00:00,26244.8,26272.752
2023-09-08 02:00:00,26248.3,26327.355
2023-09-08 03:00:00,26252.8,26339.293
2023-09-08 04:00:00,26345.8,26327.885
2023-09-08 05:00:00,26239.4,26322.018
2023-09-08 06:00:00,26224.8,26322.342
2023-09-08 07:00:00,26256.2,26315.19
2023-09-08 08:00:00,26200.0,26309.037
2023-09-08 09:00:00,26044.1,26295.258
2023-09-08 10:00:00,25831.2,26252.852
2023-09-08 11:00:00,25839.5,26139.396
2023-09-08 12:00:00,25854.0,26050.621
2023-09-08 13:00:00,25887.5,25981.633
2023-09-08 14:00:00,25831.2,25940.613
2023-09-08 15:00:00,25844.6,25920.463
2023-09-08 16:00:00,25796.7,25902.018
2023-09-08 17:00:00,25829.0,25878.861
2023-09-08 18:00:00,25798.3,25864.215
2023-09-08 19:00:00,25895.6,25852.9
2023-09-08 20:00:00,25908.8,25851.104
2023-09-08 21:00:00,25894.2,25865.23
2023-09-08 22:00:00,25905.7,25884.355
2023-09-08 23:00:00,25910.5,25906.354
2023-09-09 00:00:00,25860.7,25923.37
2023-09-09 01:00:00,25865.2,25925.43
2023-09-09 02:00:00,25888.0,25917.584
2023-09-09 03:00:00,25875.0,25910.584
2023-09-09 04:00:00,25873.4,25908.234
2023-09-09 05:00:00,25844.9,25905.854
2023-09-09 06:00:00,25881.3,25902.2
2023-09-09 07:00:00,25886.2,25901.14
2023-09-09 08:00:00,25870.5,25903.133
2023-09-09 09:00:00,25882.9,25905.764
2023-09-09 10:00:00,25868.5,25908.844
2023-09-09 11:00:00,25863.0,25909.504
2023-09-09 12:00:00,25852.7,25907.12
2023-09-09 13:00:00,25824.6,25902.453
2023-09-09 14:00:00,25847.4,25888.234
2023-09-09 15:00:00,25894.1,25879.42
2023-09-09 16:00:00,25895.8,25878.797
2023-09-09 17:00:00,25879.0,25894.873
2023-09-09 18:00:00,25861.9,25910.705
2023-09-09 19:00:00,25868.4,25916.178
2023-09-09 20:00:00,25863.0,25913.75
2023-09-09 21:00:00,25891.3,25907.977
2023-09-09 22:00:00,25908.5,25905.838
2023-09-09 23:00:00,25901.6,25911.035
2023-09-10 00:00:00,25871.7,25919.748
2023-09-10 01:00:00,25852.8,25923.217
2023-09-10 02:00:00,25853.3,25916.18
2023-09-10 03:00:00,25861.4,25905.172
2023-09-10 04:00:00,25832.8,25892.6
2023-09-10 05:00:00,25847.8,25874.387
2023-09-10 06:00:00,25852.0,25869.246
2023-09-10 07:00:00,25852.2,25873.992
2023-09-10 08:00:00,25863.1,25880.992
2023-09-10 09:00:00,25830.0,25884.576
2023-09-10 10:00:00,25805.0,25883.836
2023-09-10 11:00:00,25795.3,25876.588
2023-09-10 12:00:00,25802.5,25863.531
2023-09-10 13:00:00,25809.1,25850.98
2023-09-10 14:00:00,25773.2,25838.305
2023-09-10 15:00:00,25775.0,25828.914
2023-09-10 16:00:00,25791.2,25816.672
2023-09-10 17:00:00,25695.6,25800.11
2023-09-10 18:00:00,25728.2,25786.46
2023-09-10 19:00:00,25800.0,25777.58
2023-09-10 20:00:00,25820.3,25764.89
2023-09-10 21:00:00,25902.8,25774.094
2023-09-10 22:00:00,25852.3,25815.516
2023-09-10 23:00:00,25841.6,25860.338
2023-09-11 00:00:00,25726.3,25891.164
2023-09-11 01:00:00,25687.3,25877.95
2023-09-11 02:00:00,25735.7,25841.338
2023-09-11 03:00:00,25740.4,25801.621
2023-09-11 04:00:00,25778.1,25779.152
2023-09-11 05:00:00,25893.0,25771.55
2023-09-11 06:00:00,25839.6,25791.398
2023-09-11 07:00:00,25813.7,25823.555
2023-09-11 08:00:00,25805.3,25847.252
2023-09-11 09:00:00,25736.5,25851.686
2023-09-11 10:00:00,25711.5,25829.367
2023-09-11 11:00:00,25601.3,25786.582
2023-09-11 12:00:00,25718.0,25750.426
2023-09-11 13:00:00,25617.5,25723.596
2023-09-11 14:00:00,25147.8,25708.793
2023-09-11 15:00:00,25116.0,25565.254
2023-09-11 16:00:00,25185.0,25417.896
2023-09-11 17:00:00,25223.9,25328.994
2023-09-11 18:00:00,25163.6,25281.887
2023-09-11 19:00:00,25020.7,25260.846
2023-09-11 20:00:00,25100.0,25215.09
2023-09-11 21:00:00,25148.0,25162.264
2023-09-11 22:00:00,25148.6,25142.703
2023-09-11 23:00:00,25162.5,25145.367
2023-09-12 00:00:00,25202.4,25152.527
2023-09-12 01:00:00,25141.6,25164.318
2023-09-12 02:00:00,25209.4,25174.92
2023-09-12 03:00:00,25798.0,25183.645
2023-09-12 04:00:00,25760.8,25225.111
2023-09-12 05:00:00,25773.1,25389.379
2023-09-12 06:00:00,25763.7,25562.85
2023-09-12 07:00:00,25822.7,25696.98
2023-09-12 08:00:00,25766.9,25782.156
2023-09-12 09:00:00,25870.0,25822.26
2023-09-12 10:00:00,26160.0,25841.047
2023-09-12 11:00:00,26099.0,25861.697
2023-09-12 12:00:00,26121.8,25955.855
2023-09-12 13:00:00,26275.4,26060.12
2023-09-12 14:00:00,26114.4,26141.396
2023-09-12 15:00:00,26206.0,26190.268
2023-09-12 16:00:00,26109.3,26224.834
2023-09-12 17:00:00,25903.0,26226.541
2023-09-12 18:00:00,25980.3,26199.566
2023-09-12 19:00:00,26066.3,26151.623
2023-09-12 20:00:00,26073.9,26118.38
2023-09-12 21:00:00,26103.0,26114.537
2023-09-12 22:00:00,25970.0,26124.342
2023-09-12 23:00:00,25840.1,26112.68
2023-09-13 00:00:00,25919.5,26061.686
2023-09-13 01:00:00,25957.5,26002.238
2023-09-13 02:00:00,25910.5,25969.498
2023-09-13 03:00:00,25879.2,25956.682
2023-09-13 04:00:00,25926.4,25949.082
2023-09-13 05:00:00,25900.0,25946.418
2023-09-13 06:00:00,25956.7,25942.82
2023-09-13 07:00:00,25879.9,25943.904
2023-09-13 08:00:00,25952.9,25940.654
2023-09-13 09:00:00,26155.0,25948.799
2023-09-13 10:00:00,26151.9,25977.182
2023-09-13 11:00:00,26198.4,26037.383
2023-09-13 12:00:00,26212.5,26106.824
2023-09-13 13:00:00,26124.9,26143.785
2023-09-13 14:00:00,26214.4,26176.715
2023-09-13 15:00:00,26241.3,26197.459
2023-09-13 16:00:00,26280.1,26227.596
2023-09-13 17:00:00,26094.1,26258.072
2023-09-13 18:00:00,26111.5,26259.293
2023-09-13 19:00:00,26140.0,26250.361
2023-09-13 20:00:00,26218.0,26228.984
2023-09-13 21:00:00,26226.8,26221.023
2023-09-13 22:00:00,26242.2,26230.098
2023-09-13 23:00:00,26222.0,26248.834
2023-09-14 00:00:00,26522.0,26262.852
2023-09-14 01:00:00,26173.4,26287.426
2023-09-14 02:00:00,26285.0,26303.117
2023-09-14 03:00:00,26265.7,26319.535
2023-09-14 04:00:00,26214.1,26328.586
2023-09-14 05:00:00,26194.8,26318.674
2023-09-14 06:00:00,26291.9,26296.514
2023-09-14 07:00:00,26344.4,26282.006
2023-09-14 08:00:00,26306.5,26289.787
2023-09-14 09:00:00,26287.6,26309.469
2023-09-14 10:00:00,26334.4,26327.54
2023-09-14 11:00:00,26446.2,26340.09
2023-09-14 12:00:00,26458.7,26356.924
2023-09-14 13:00:00,26582.4,26381.945
2023-09-14 14:00:00,26731.4,26421.787
2023-09-14 15:00:00,26694.0,26513.648
2023-09-14 16:00:00,26621.7,26606.373
2023-09-14 17:00:00,26645.6,26676.404
2023-09-14 18:00:00,26581.0,26709.047
2023-09-14 19:00:00,26678.1,26713.94
2023-09-14 20:00:00,26568.7,26709.84
2023-09-14 21:00:00,26534.8,26698.717
2023-09-14 22:00:00,26601.2,26671.83
2023-09-14 23:00:00,26522.7,26647.613
2023-09-15 00:00:00,26481.4,26628.04
2023-09-15 01:00:00,26502.7,26603.07
2023-09-15 02:00:00,26608.6,26576.717
2023-09-15 03:00:00,26615.4,26570.395
2023-09-15 04:00:00,26642.2,26585.59
2023-09-15 05:00:00,26589.0,26612.05
2023-09-15 06:00:00,26576.0,26634.762
2023-09-15 07:00:00,26565.7,26642.281
2023-09-15 08:00:00,26633.4,26632.043
2023-09-15 09:00:00,26613.8,26626.414
2023-09-15 10:00:00,26639.6,26630.139
2023-09-15 11:00:00,26425.2,26641.822
2023-09-15 12:00:00,26364.7,26618.773
2023-09-15 13:00:00,26365.0,26568.908
2023-09-15 14:00:00,26238.1,26519.81
2023-09-15 15:00:00,26321.2,26453.906
2023-09-15 16:00:00,26380.0,26404.082
2023-09-15 17:00:00,26338.5,26384.139
2023-09-15 18:00:00,26347.4,26383.117
2023-09-15 19:00:00,26397.4,26388.264
2023-09-15 20:00:00,26415.8,26398.23
2023-09-15 21:00:00,26469.1,26412.186
2023-09-15 22:00:00,26776.3,26431.004
2023-09-15 23:00:00,26600.0,26482.342
2023-09-16 00:00:00,26630.2,26564.543
2023-09-16 01:00:00,26653.3,26629.78
2023-09-16 02:00:00,26675.0,26671.87
2023-09-16 03:00:00,26616.4,26695.854
2023-09-16 04:00:00,26555.3,26703.842
2023-09-16 05:00:00,26537.8,26685.145
2023-09-16 06:00:00,26487.4,26654.387
2023-09-16 07:00:00,26494.5,26616.66
2023-09-16 08:00:00,26508.1,26584.688
2023-09-16 09:00:00,26501.4,26563.27
2023-09-16 10:00:00,26545.2,26555.992
2023-09-16 11:00:00,26524.1,26553.703
2023-09-16 12:00:00,26550.7,26557.672
2023-09-16 13:00:00,26550.7,26565.02
2023-09-16 14:00:00,26500.6,26573.156
2023-09-16 15:00:00,26507.1,26571.89
2023-09-16 16:00:00,26527.2,26565.812
2023-09-16 17:00:00,26567.0,26559.57
2023-09-16 18:00:00,26581.2,26562.842
2023-09-16 19:00:00,26532.8,26578.418
2023-09-16 20:00:00,26527.4,26589.889
2023-09-16 21:00:00,26570.0,26593.445
2023-09-16 22:00:00,26560.0,26592.758
2023-09-16 23:00:00,26559.7,26594.805
2023-09-17 00:00:00,26468.7,26593.744
2023-09-17 01:00:00,26496.3,26578.438
2023-09-17 02:00:00,26502.5,26555.729
2023-09-17 03:00:00,26529.2,26543.2
2023-09-17 04:00:00,26552.8,26544.488
2023-09-17 05:00:00,26543.8,26555.145
2023-09-17 06:00:00,26545.4,26567.49
2023-09-17 07:00:00,26495.9,26576.014
2023-09-17 08:00:00,26551.1,26574.37
2023-09-17 09:00:00,26578.7,26568.72
2023-09-17 10:00:00,26597.7,26572.197
2023-09-17 11:00:00,26566.7,26586.111
2023-09-17 12:00:00,26576.8,26602.463
2023-09-17 13:00:00,26543.9,26614.225
2023-09-17 14:00:00,26538.9,26613.488
2023-09-17 15:00:00,26550.0,26607.365
2023-09-17 16:00:00,26511.2,26596.238
2023-09-17 17:00:00,26480.0,26586.963
2023-09-17 18:00:00,26494.8,26572.29
2023-09-17 19:00:00,26505.2,26558.723
2023-09-17 20:00:00,26436.3,26550.314
2023-09-17 21:00:00,26484.9,26533.557
2023-09-17 22:00:00,26492.0,26518.72
2023-09-17 23:00:00,26527.5,26513.715
2023-09-18 00:00:00,26462.4,26518.344
2023-09-18 01:00:00,26462.6,26515.012
2023-09-18 02:00:00,26663.1,26514.291
2023-09-18 03:00:00,26658.7,26526.463
2023-09-18 04:00:00,26621.8,26574.738
2023-09-18 05:00:00,26647.4,26622.58
2023-09-18 06:00:00,26622.8,26658.525
2023-09-18 07:00:00,26710.7,26679.453
2023-09-18 08:00:00,26724.8,26692.71
2023-09-18 09:00:00,26872.3,26709.766
2023-09-18 10:00:00,27129.1,26732.729
2023-09-18 11:00:00,27197.0,26799.01
2023-09-18 12:00:00,27371.3,26931.117
2023-09-18 13:00:00,27255.2,27071.318
2023-09-18 14:00:00,27260.5,27200.666
2023-09-18 15:00:00,27269.4,27281.904
2023-09-18 16:00:00,27246.0,27327.324
2023-09-18 17:00:00,26760.5,27337.418
2023-09-18 18:00:00,26710.0,27240.334
2023-09-18 19:00:00,26814.8,27110.094
2023-09-18 20:00:00,26765.9,27000.854
2023-09-18 21:00:00,26839.1,26927.992
2023-09-18 22:00:00,26872.1,26890.41
2023-09-18 23:00:00,26762.499999999996,26881.246
2023-09-19 00:00:00,26677.1,26874.86
2023-09-19 01:00:00,26700.0,26846.098
2023-09-19 02:00:00,26821.6,26810.795
2023-09-19 03:00:00,26818.4,26790.354
2023-09-19 04:00:00,26859.9,26794.543
2023-09-19 05:00:00,26796.3,26816.889
2023-09-19 06:00:00,26829.9,26837.621
2023-09-19 07:00:00,26847.2,26847.564
2023-09-19 08:00:00,27066.7,26853.52
2023-09-19 09:00:00,27289.0,26878.062
2023-09-19 10:00:00,27170.7,26955.455
2023-09-19 11:00:00,27237.6,27064.186
2023-09-19 12:00:00,27139.200000000004,27159.36
2023-09-19 13:00:00,26968.8,27209.275
2023-09-19 14:00:00,27169.0,27200.418
2023-09-19 15:00:00,27422.2,27169.959
2023-09-19 16:00:00,27285.7,27176.316
2023-09-19 17:00:00,27133.9,27243.924
2023-09-19 18:00:00,27123.0,27284.107
2023-09-19 19:00:00,27185.4,27285.053
2023-09-19 20:00:00,27183.7,27270.92
2023-09-19 21:00:00,27158.0,27252.412
2023-09-19 22:00:00,27189.5,27225.832
2023-09-19 23:00:00,27210.3,27214.389
2023-09-20 00:00:00,27206.7,27218.744
2023-09-20 01:00:00,27345.8,27228.215
2023-09-20 02:00:00,27165.5,27252.57
2023-09-20 03:00:00,27119.5,27271.348
2023-09-20 04:00:00,27071.8,27261.125
2023-09-20 05:00:00,27025.0,27232.617
2023-09-20 06:00:00,27064.1,27188.018
2023-09-20 07:00:00,27105.6,27134.193
2023-09-20 08:00:00,27188.4,27114.908
2023-09-20 09:00:00,27055.4,27128.035
2023-09-20 10:00:00,27081.3,27133.758
2023-09-20 11:00:00,27098.1,27130.348
2023-09-20 12:00:00,27068.3,27134.402
2023-09-20 13:00:00,27160.1,27129.236
2023-09-20 14:00:00,27125.0,27130.205
2023-09-20 15:00:00,27180.6,27135.078
2023-09-20 16:00:00,27161.2,27158.273
2023-09-20 17:00:00,27195.1,27185.043
2023-09-20 18:00:00,27165.0,27208.38
2023-09-20 19:00:00,26930.6,27209.29
2023-09-20 20:00:00,27098.7,27166.504
2023-09-20 21:00:00,27111.2,27140.12
2023-09-20 22:00:00,27095.9,27135.588
2023-09-20 23:00:00,27125.0,27141.521
2023-09-21 00:00:00,27046.3,27154.186
2023-09-21 01:00:00,27029.5,27155.035
2023-09-21 02:00:00,26970.8,27134.932
2023-09-21 03:00:00,27035.0,27104.281
2023-09-21 04:00:00,27093.2,27079.643
2023-09-21 05:00:00,27071.0,27072.902
2023-09-21 06:00:00,27070.0,27082.625
2023-09-21 07:00:00,26990.1,27091.69
2023-09-21 08:00:00,26926.7,27089.205
2023-09-21 09:00:00,26747.3,27065.875
2023-09-21 10:00:00,26649.9,26996.701
2023-09-21 11:00:00,26730.8,26907.645
2023-09-21 12:00:00,26642.3,26838.074
2023-09-21 13:00:00,26419.9,26773.004
2023-09-21 14:00:00,26582.5,26687.027
2023-09-21 15:00:00,26584.0,26624.193
2023-09-21 16:00:00,26583.8,26612.035
2023-09-21 17:00:00,26651.6,26620.887
2023-09-21 18:00:00,26606.4,26639.72
2023-09-21 19:00:00,26599.9,26660.025
2023-09-21 20:00:00,26594.3,26659.912
2023-09-21 21:00:00,26613.7,26646.148
2023-09-21 22:00:00,26590.1,26636.316
2023-09-21 23:00:00,26568.1,26629.256
2023-09-22 00:00:00,26643.4,26624.527
2023-09-22 01:00:00,26630.2,26615.527
2023-09-22 02:00:00,26567.7,26623.898
2023-09-22 03:00:00,26627.8,26633.697
2023-09-22 04:00:00,26647.7,26640.98
2023-09-22 05:00:00,26666.2,26652.477
2023-09-22 06:00:00,26620.0,26664.178
2023-09-22 07:00:00,26674.8,26672.238
2023-09-22 08:00:00,26672.8,26674.889
2023-09-22 09:00:00,26635.8,26685.58
2023-09-22 10:00:00,26591.8,26694.803
2023-09-22 11:00:00,26640.3,26690.496
2023-09-22 12:00:00,26585.7,26683.852
2023-09-22 13:00:00,26610.0,26673.994
2023-09-22 14:00:00,26679.1,26656.225
2023-09-22 15:00:00,26631.0,26650.104
2023-09-22 16:00:00,26597.9,26663.143
2023-09-22 17:00:00,26576.2,26670.877
2023-09-22 18:00:00,26593.7,26663.727
2023-09-22 19:00:00,26540.1,26651.273
2023-09-22 20:00:00,26539.1,26637.514
2023-09-22 21:00:00,26569.1,26619.156
2023-09-22 22:00:00,26584.4,26601.936
2023-09-22 23:00:00,26580.1,26597.656
2023-09-23 00:00:00,26603.1,26600.627
2023-09-23 01:00:00,26580.0,26609.348
2023-09-23 02:00:00,26545.6,26619.152
2023-09-23 03:00:00,26532.2,26619.113
2023-09-23 04:00:00,26550.2,26609.254
2023-09-23 05:00:00,26542.5,26597.348
2023-09-23 06:00:00,26582.6,26588.947
2023-09-23 07:00:00,26585.3,26584.455
2023-09-23 08:00:00,26573.6,26591.213
2023-09-23 09:00:00,26573.9,26601.49
2023-09-23 10:00:00,26567.3,26609.324
2023-09-23 11:00:00,26575.2,26613.166
2023-09-23 12:00:00,26575.0,26613.64
2023-09-23 13:00:00,26575.1,26612.422
2023-09-23 14:00:00,26566.8,26611.135
2023-09-23 15:00:00,26581.6,26608.205
2023-09-23 16:00:00,26606.3,26605.416
2023-09-23 17:00:00,26598.3,26610.973
2023-09-23 18:00:00,26615.3,26620.797
2023-09-23 19:00:00,26610.1,26632.11
2023-09-23 20:00:00,26587.8,26642.97
2023-09-23 21:00:00,26568.8,26646.941
2023-09-23 22:00:00,26562.2,26641.2
2023-09-23 23:00:00,26576.0,26630.342
2023-09-24 00:00:00,26567.1,26620.35
2023-09-24 01:00:00,26584.4,26613.988
2023-09-24 02:00:00,26586.1,26612.52
2023-09-24 03:00:00,26570.9,26614.863
2023-09-24 04:00:00,26569.8,26617.752
2023-09-24 05:00:00,26558.0,26616.578
2023-09-24 06:00:00,26553.1,26609.102
2023-09-24 07:00:00,26563.4,26603.377
2023-09-24 08:00:00,26590.0,26599.207
2023-09-24 09:00:00,26589.1,26602.04
2023-09-24 10:00:00,26579.8,26609.523
2023-09-24 11:00:00,26596.7,26617.879
2023-09-24 12:00:00,26606.5,26623.27
2023-09-24 13:00:00,26588.8,26628.436
2023-09-24 14:00:00,26588.1,26633.531
2023-09-24 15:00:00,26578.1,26633.244
2023-09-24 16:00:00,26573.1,26629.756
2023-09-24 17:00:00,26673.1,26625.07
2023-09-24 18:00:00,26591.8,26629.736
2023-09-24 19:00:00,26449.2,26621.086
2023-09-24 20:00:00,26502.0,26599.57
2023-09-24 21:00:00,26519.3,26579.547
2023-09-24 22:00:00,26490.8,26566.994
2023-09-24 23:00:00,26248.4,26558.893
2023-09-25 00:00:00,26248.2,26502.08
2023-09-25 01:00:00,26164.0,26405.877
2023-09-25 02:00:00,26207.4,26337.342
2023-09-25 03:00:00,26157.4,26294.887
2023-09-25 04:00:00,26149.1,26269.178
2023-09-25 05:00:00,26113.8,26245.16
2023-09-25 06:00:00,26138.0,26215.508
2023-09-25 07:00:00,26189.2,26184.967
2023-09-25 08:00:00,26143.0,26172.566
2023-09-25 09:00:00,26063.1,26173.271
2023-09-25 10:00:00,26094.8,26163.62
2023-09-25 11:00:00,26075.4,26149.543
2023-09-25 12:00:00,26103.6,26131.488
2023-09-25 13:00:00,26161.6,26112.254
2023-09-25 14:00:00,26133.9,26114.82
2023-09-25 15:00:00,26243.7,26134.232
2023-09-25 16:00:00,26324.8,26162.57
2023-09-25 17:00:00,26358.4,26210.092
2023-09-25 18:00:00,26331.6,26266.086
2023-09-25 19:00:00,26331.8,26322.13
2023-09-25 20:00:00,26287.6,26354.803
2023-09-25 21:00:00,26279.6,26368.627
2023-09-25 22:00:00,26281.8,26366.238
2023-09-25 23:00:00,26304.8,26354.146
2023-09-26 00:00:00,26266.0,26342.988
2023-09-26 01:00:00,26297.6,26331.443
2023-09-26 02:00:00,26357.1,26322.182
2023-09-26 03:00:00,26353.9,26328.443
2023-09-26 04:00:00,26344.7,26346.148
2023-09-26 05:00:00,26320.9,26367.713
2023-09-26 06:00:00,26292.9,26377.912
2023-09-26 07:00:00,26272.0,26372.799
2023-09-26 08:00:00,26274.3,26355.506
2023-09-26 09:00:00,26272.1,26335.787
2023-09-26 10:00:00,26249.8,26319.129
2023-09-26 11:00:00,26273.8,26308.1
2023-09-26 12:00:00,26213.2,26298.1
2023-09-26 13:00:00,26181.6,26291.414
2023-09-26 14:00:00,26196.4,26272.682
2023-09-26 15:00:00,26126.7,26250.615
2023-09-26 16:00:00,26217.9,26227.408
2023-09-26 17:00:00,26175.0,26217.795
2023-09-26 18:00:00,26185.0,26221.768
2023-09-26 19:00:00,26247.7,26225.477
2023-09-26 20:00:00,26164.2,26234.395
2023-09-26 21:00:00,26165.4,26239.738
2023-09-26 22:00:00,26157.7,26231.744
2023-09-26 23:00:00,26221.7,26221.99
2023-09-27 00:00:00,26257.5,26218.375
2023-09-27 01:00:00,26260.3,26226.008
2023-09-27 02:00:00,26228.0,26245.043
2023-09-27 03:00:00,26278.0,26262.71
2023-09-27 04:00:00,26248.7,26277.734
2023-09-27 05:00:00,26255.9,26287.932
2023-09-27 06:00:00,26257.8,26290.291
2023-09-27 07:00:00,26246.3,26290.352
2023-09-27 08:00:00,26259.8,26288.902
2023-09-27 09:00:00,26397.8,26286.83
2023-09-27 10:00:00,26442.6,26292.61
2023-09-27 11:00:00,26766.7,26325.564
2023-09-27 12:00:00,26722.5,26392.055
2023-09-27 13:00:00,26621.5,26522.113
2023-09-27 14:00:00,26192.9,26633.91
2023-09-27 15:00:00,26304.4,26615.043
2023-09-27 16:00:00,26241.1,26547.64
2023-09-27 17:00:00,26231.4,26469.725
2023-09-27 18:00:00,26249.4,26392.01
2023-09-27 19:00:00,26267.8,26329.643
2023-09-27 20:00:00,26257.8,26305.74
2023-09-27 21:00:00,26279.9,26300.215
2023-09-27 22:00:00,26334.1,26305.756
2023-09-27 23:00:00,26373.0,26318.426
2023-09-28 00:00:00,26446.7,26336.85
2023-09-28 01:00:00,26451.5,26364.855
2023-09-28 02:00:00,26386.3,26402.52
2023-09-28 03:00:00,26379.2,26434.146
2023-09-28 04:00:00,26444.8,26442.775
2023-09-28 05:00:00,26449.9,26444.605
2023-09-28 06:00:00,26477.9,26450.664
2023-09-28 07:00:00,26460.0,26462.723
2023-09-28 08:00:00,26410.0,26473.498
2023-09-28 09:00:00,26428.7,26481.705
2023-09-28 10:00:00,26570.6,26481.824
2023-09-28 11:00:00,26476.9,26486.812
2023-09-28 12:00:00,26479.3,26507.734
2023-09-28 13:00:00,26580.7,26525.055
2023-09-28 14:00:00,26793.4,26542.035
2023-09-28 15:00:00,27020.0,26562.592
2023-09-28 16:00:00,27060.0,26651.96
2023-09-28 17:00:00,27160.1,26789.389
2023-09-28 18:00:00,26959.3,26962.656
2023-09-28 19:00:00,27100.0,27069.748
2023-09-28 20:00:00,27082.3,27118.463
2023-09-28 21:00:00,27002.8,27142.707
2023-09-28 22:00:00,27011.0,27135.654
2023-09-28 23:00:00,27021.4,27114.934
2023-09-29 00:00:00,27066.8,27098.154
2023-09-29 01:00:00,27045.0,27087.629
2023-09-29 02:00:00,26895.2,27086.814
2023-09-29 03:00:00,26958.0,27069.49
2023-09-29 04:00:00,26972.4,27048.648
2023-09-29 05:00:00,26977.1,27029.973
2023-09-29 06:00:00,27075.3,27020.809
2023-09-29 07:00:00,27180.0,27025.58
2023-09-29 08:00:00,27003.6,27046.262
2023-09-29 09:00:00,27035.6,27084.107
2023-09-29 10:00:00,27029.0,27104.06
2023-09-29 11:00:00,26970.8,27107.414
2023-09-29 12:00:00,27001.0,27094.014
2023-09-29 13:00:00,26895.0,27060.871
2023-09-29 14:00:00,26908.1,27033.48
2023-09-29 15:00:00,26888.6,26976.314
2023-09-29 16:00:00,26875.0,26957.67
2023-09-29 17:00:00,26840.9,26951.2
2023-09-29 18:00:00,26920.0,26945.018
2023-09-29 19:00:00,26926.5,26932.96
2023-09-29 20:00:00,26910.5,26937.035
2023-09-29 21:00:00,26870.0,26946.244
2023-09-29 22:00:00,26887.2,26949.867
2023-09-29 23:00:00,26907.0,26944.924
2023-09-30 00:00:00,26936.1,26941.387
2023-09-30 01:00:00,26894.7,26943.537
2023-09-30 02:00:00,26909.4,26946.873
2023-09-30 03:00:00,26915.3,26949.092
2023-09-30 04:00:00,26924.6,26951.525
2023-09-30 05:00:00,26934.9,26954.299
2023-09-30 06:00:00,26927.5,26961.082
2023-09-30 07:00:00,26931.8,26967.395
2023-09-30 08:00:00,26929.1,26969.477
2023-09-30 09:00:00,26947.6,26971.145
2023-09-30 10:00:00,26978.9,26975.812
2023-09-30 11:00:00,26936.0,26984.713
2023-09-30 12:00:00,26928.1,26992.014
2023-09-30 13:00:00,26973.4,26991.297
2023-09-30 14:00:00,26992.4,26989.666
2023-09-30 15:00:00,26996.3,26993.984
2023-09-30 16:00:00,27020.9,27007.768
2023-09-30 17:00:00,27017.6,27027.613
2023-09-30 18:00:00,27000.0,27045.828
2023-09-30 19:00:00,27020.7,27056.164
2023-09-30 20:00:00,27064.2,27058.191
2023-09-30 21:00:00,26999.3,27066.21
2023-09-30 22:00:00,27010.3,27068.719
2023-09-30 23:00:00,26962.6,27066.854
2023-10-01 00:00:00,26991.1,27058.201
2023-10-01 01:00:00,27019.8,27046.701
2023-10-01 02:00:00,27025.9,27042.49
2023-10-01 03:00:00,27044.8,27047.822
2023-10-01 04:00:00,27045.5,27058.64
2023-10-01 05:00:00,27071.7,27069.82
2023-10-01 06:00:00,27128.8,27079.072
2023-10-01 07:00:00,27107.9,27095.316
2023-10-01 08:00:00,27135.5,27117.12
2023-10-01 09:00:00,27217.8,27139.787
2023-10-01 10:00:00,27210.0,27164.889
2023-10-01 11:00:00,27187.7,27194.604
2023-10-01 12:00:00,27194.0,27223.396
2023-10-01 13:00:00,27192.0,27236.271
2023-10-01 14:00:00,27119.8,27240.031
2023-10-01 15:00:00,27153.2,27230.234
2023-10-01 16:00:00,27112.2,27217.596
2023-10-01 17:00:00,27072.3,27202.137
2023-10-01 18:00:00,27096.1,27180.885
2023-10-01 19:00:00,27103.0,27163.037
2023-10-01 20:00:00,27109.8,27152.385
2023-10-01 21:00:00,27180.4,27144.742
2023-10-01 22:00:00,27996.4,27154.951
2023-10-01 23:00:00,27992.6,27216.037
2023-10-02 00:00:00,27932.1,27443.256
2023-10-02 01:00:00,27920.0,27682.297
2023-10-02 02:00:00,27982.6,27862.064
2023-10-02 03:00:00,28126.5,27966.69
2023-10-02 04:00:00,28067.1,28025.928
2023-10-02 05:00:00,27977.4,28075.15
2023-10-02 06:00:00,28101.6,28087.51
2023-10-02 07:00:00,28311.9,28097.928
2023-10-02 08:00:00,28280.9,28127.283
2023-10-02 09:00:00,28288.6,28191.754
2023-10-02 10:00:00,28305.5,28275.416
2023-10-02 11:00:00,28198.0,28341.785
2023-10-02 12:00:00,28320.7,28366.623
2023-10-02 13:00:00,28544.0,28362.37
2023-10-02 14:00:00,28307.7,28377.434
2023-10-02 15:00:00,28026.3,28391.193
2023-10-02 16:00:00,27999.2,28369.447
2023-10-02 17:00:00,28055.2,28295.016
2023-10-02 18:00:00,27798.8,28225.848
2023-10-02 19:00:00,27965.0,28127.22
2023-10-02 20:00:00,27843.7,28042.537
2023-10-02 21:00:00,27472.2,27996.514
2023-10-02 22:00:00,27554.6,27893.22
2023-10-02 23:00:00,27494.5,27780.357
2023-10-03 00:00:00,27430.0,27691.24
2023-10-03 01:00:00,27563.3,27611.354
2023-10-03 02:00:00,27584.2,27572.553
2023-10-03 03:00:00,27601.6,27574.17
2023-10-03 04:00:00,27633.0,27591.926
2023-10-03 05:00:00,27572.4,27615.24
2023-10-03 06:00:00,27637.6,27630.744
2023-10-03 07:00:00,27540.6,27640.82
2023-10-03 08:00:00,27595.1,27638.008
2023-10-03 09:00:00,27550.0,27631.758
2023-10-03 10:00:00,27625.6,27624.252
2023-10-03 11:00:00,27560.0,27624.043
2023-10-03 12:00:00,27472.7,27619.764
2023-10-03 13:00:00,27549.5,27599.111
2023-10-03 14:00:00,27350.6,27577.805
2023-10-03 15:00:00,27345.0,27536.314
2023-10-03 16:00:00,27385.4,27491.94
2023-10-03 17:00:00,27435.4,27463.879
2023-10-03 18:00:00,27300.5,27459.031
2023-10-03 19:00:00,27275.0,27451.379
2023-10-03 20:00:00,27394.2,27427.72
2023-10-03 21:00:00,27400.1,27396.723
2023-10-03 22:00:00,27404.2,27398.934
2023-10-03 23:00:00,27426.5,27406.27
2023-10-04 00:00:00,27310.4,27421.094
2023-10-04 01:00:00,27336.8,27406.32
2023-10-04 02:00:00,27412.1,27390.527
2023-10-04 03:00:00,27430.4,27398.666
2023-10-04 04:00:00,27388.7,27428.846
2023-10-04 05:00:00,27407.2,27452.266
2023-10-04 06:00:00,27420.0,27458.863
2023-10-04 07:00:00,27453.8,27456.516
2023-10-04 08:00:00,27519.9,27457.76
2023-10-04 09:00:00,27630.0,27474.066
2023-10-04 10:00:00,27530.1,27512.89
2023-10-04 11:00:00,27572.4,27555.621
2023-10-04 12:00:00,27570.0,27587.195
2023-10-04 13:00:00,27420.0,27608.049
2023-10-04 14:00:00,27386.9,27595.344
2023-10-04 15:00:00,27404.2,27555.703
2023-10-04 16:00:00,27524.1,27517.523
2023-10-04 17:00:00,27539.5,27503.938
2023-10-04 18:00:00,27627.4,27525.018
2023-10-04 19:00:00,27618.1,27561.576
2023-10-04 20:00:00,27649.0,27591.045
2023-10-04 21:00:00,27686.6,27637.672
2023-10-04 22:00:00,27752.8,27689.137
2023-10-04 23:00:00,27778.6,27730.648
2023-10-05 00:00:00,27811.8,27765.84
2023-10-05 01:00:00,27732.2,27796.348
2023-10-05 02:00:00,27677.7,27813.016
2023-10-05 03:00:00,27651.7,27808.277
2023-10-05 04:00:00,27692.9,27788.107
2023-10-05 05:00:00,27641.3,27764.053
2023-10-05 06:00:00,27660.8,27744.244
2023-10-05 07:00:00,27608.0,27724.37
2023-10-05 08:00:00,27649.6,27704.344
2023-10-05 09:00:00,27684.7,27694.344
2023-10-05 10:00:00,27737.0,27697.291
2023-10-05 11:00:00,27725.7,27714.102
2023-10-05 12:00:00,27724.3,27737.357
2023-10-05 13:00:00,27992.8,27754.348
2023-10-05 14:00:00,27960.6,27776.28
2023-10-05 15:00:00,27555.0,27848.021
2023-10-05 16:00:00,27446.6,27847.164
2023-10-05 17:00:00,27483.4,27792.68
2023-10-05 18:00:00,27495.1,27714.191
2023-10-05 19:00:00,27471.3,27644.232
2023-10-05 20:00:00,27472.7,27595.658
2023-10-05 21:00:00,27450.0,27562.06
2023-10-05 22:00:00,27435.3,27544.152
2023-10-05 23:00:00,27410.4,27523.436
2023-10-06 00:00:00,27457.2,27506.104
2023-10-06 01:00:00,27516.9,27489.17
2023-10-06 02:00:00,27541.6,27491.377
2023-10-06 03:00:00,27559.2,27513.137
2023-10-06 04:00:00,27527.9,27546.102
2023-10-06 05:00:00,27500.0,27566.707
2023-10-06 06:00:00,27491.7,27573.46
2023-10-06 07:00:00,27638.5,27566.68
2023-10-06 08:00:00,27616.7,27567.07
2023-10-06 09:00:00,27690.6,27590.992
2023-10-06 10:00:00,27670.5,27627.44
2023-10-06 11:00:00,27760.0,27668.475
2023-10-06 12:00:00,27253.0,27706.28
2023-10-06 13:00:00,27526.1,27664.334
2023-10-06 14:00:00,27670.0,27600.098
2023-10-06 15:00:00,27941.1,27588.555
2023-10-06 16:00:00,27877.7,27636.705
2023-10-06 17:00:00,27958.5,27742.523
2023-10-06 18:00:00,27904.1,27855.486
2023-10-06 19:00:00,27952.4,27938.16
2023-10-06 20:00:00,27977.6,27980.33
2023-10-06 21:00:00,28042.4,28005.13
2023-10-06 22:00:00,27971.2,28026.318
2023-10-06 23:00:00,27931.1,28053.14
2023-10-07 00:00:00,27912.9,28054.543
2023-10-07 01:00:00,27901.9,28032.93
2023-10-07 02:00:00,27878.8,28010.37
2023-10-07 03:00:00,27900.4,27989.656
2023-10-07 04:00:00,27915.0,27974.586
2023-10-07 05:00:00,27900.4,27969.582
2023-10-07 06:00:00,27890.0,27968.709
2023-10-07 07:00:00,27890.8,27964.752
2023-10-07 08:00:00,28006.6,27958.326
2023-10-07 09:00:00,27951.7,27962.88
2023-10-07 10:00:00,27947.1,27982.135
2023-10-07 11:00:00,27942.1,27998.434
2023-10-07 12:00:00,27959.0,28002.64
2023-10-07 13:00:00,27938.9,28008.916
2023-10-07 14:00:00,27952.5,28008.44
2023-10-07 15:00:00,27939.8,28005.766
2023-10-07 16:00:00,27940.9,28001.21
2023-10-07 17:00:00,27933.2,27998.377
2023-10-07 18:00:00,27891.2,27995.176
2023-10-07 19:00:00,27865.5,27984.656
2023-10-07 20:00:00,27925.6,27971.234
2023-10-07 21:00:00,27931.9,27961.873
2023-10-07 22:00:00,27951.0,27963.455
2023-10-07 23:00:00,27956.7,27972.338
2023-10-08 00:00:00,27964.9,27985.742
2023-10-08 01:00:00,28016.3,27999.137
2023-10-08 02:00:00,28012.6,28012.621
2023-10-08 03:00:00,28064.9,28030.738
2023-10-08 04:00:00,27924.2,28047.51
2023-10-08 05:00:00,27933.9,28039.334
2023-10-08 06:00:00,27891.8,28033.639
2023-10-08 07:00:00,27905.6,28024.06
2023-10-08 08:00:00,27911.6,28007.379
2023-10-08 09:00:00,27878.8,27987.867
2023-10-08 10:00:00,27818.8,27969.025
2023-10-08 11:00:00,27811.6,27943.275
2023-10-08 12:00:00,27810.2,27918.678
2023-10-08 13:00:00,27910.8,27901.072
2023-10-08 14:00:00,27930.7,27886.506
2023-10-08 15:00:00,27892.7,27907.463
2023-10-08 16:00:00,27912.6,27932.781
2023-10-08 17:00:00,27878.8,27951.383
2023-10-08 18:00:00,27871.9,27960.656
2023-10-08 19:00:00,27895.0,27951.092
2023-10-08 20:00:00,27904.0,27943.602
2023-10-08 21:00:00,27916.9,27943.707
2023-10-08 22:00:00,27919.0,27950.21
2023-10-08 23:00:00,27917.1,27949.1
2023-10-09 00:00:00,27822.1,27957.55
2023-10-09 01:00:00,27961.9,27952.012
2023-10-09 02:00:00,27938.2,27948.094
2023-10-09 03:00:00,27921.699999999997,27958.768
2023-10-09 04:00:00,27929.5,27973.533
2023-10-09 05:00:00,27864.2,27983.965
2023-10-09 06:00:00,27902.4,27978.215
2023-10-09 07:00:00,27813.3,27966.676
2023-10-09 08:00:00,27745.8,27944.086
2023-10-09 09:00:00,27543.0,27904.482
2023-10-09 10:00:00,27532.8,27819.225
2023-10-09 11:00:00,27468.9,27735.143
2023-10-09 12:00:00,27436.0,27662.059
2023-10-09 13:00:00,27518.9,27599.877
2023-10-09 14:00:00,27498.2,27562.39
2023-10-09 15:00:00,27443.3,27552.014
2023-10-09 16:00:00,27403.0,27545.166
2023-10-09 17:00:00,27589.8,27503.932
2023-10-09 18:00:00,27565.3,27503.473
2023-10-09 19:00:00,27616.7,27536.043
2023-10-09 20:00:00,27569.6,27585.002
2023-10-09 21:00:00,27620.2,27625.467
2023-10-09 22:00:00,27586.7,27647.705
2023-10-09 23:00:00,27590.1,27653.902
2023-10-10 00:00:00,27553.2,27650.945
2023-10-10 01:00:00,27597.6,27639.258
2023-10-10 02:00:00,27680.5,27627.719
2023-10-10 03:00:00,27632.3,27634.777
2023-10-10 04:00:00,27600.1,27657.422
2023-10-10 05:00:00,27607.2,27671.314
2023-10-10 06:00:00,27655.4,27673.77
2023-10-10 07:00:00,27651.4,27675.27
2023-10-10 08:00:00,27677.1,27682.31
2023-10-10 09:00:00,27662.8,27695.521
2023-10-10 10:00:00,27610.0,27706.246
2023-10-10 11:00:00,27508.9,27706.553
2023-10-10 12:00:00,27426.5,27681.59
2023-10-10 13:00:00,27395.0,27630.625
2023-10-10 14:00:00,27440.7,27566.434
2023-10-10 15:00:00,27408.0,27515.684
2023-10-10 16:00:00,27432.8,27490.65
2023-10-10 17:00:00,27369.2,27480.516
2023-10-10 18:00:00,27356.1,27475.93
2023-10-10 19:00:00,27397.3,27461.416
2023-10-10 20:00:00,27400.0,27446.033
2023-10-10 21:00:00,27425.7,27438.164
2023-10-10 22:00:00,27447.9,27442.318
2023-10-10 23:00:00,27390.1,27457.31
2023-10-11 00:00:00,27462.5,27465.883
2023-10-11 01:00:00,27439.2,27469.143
2023-10-11 02:00:00,27120.9,27476.51
2023-10-11 03:00:00,27016.1,27415.791
2023-10-11 04:00:00,27123.6,27332.193
2023-10-11 05:00:00,27113.7,27245.639
2023-10-11 06:00:00,27068.9,27192.967
2023-10-11 07:00:00,27021.9,27160.104
2023-10-11 08:00:00,27108.4,27140.104
2023-10-11 09:00:00,27285.4,27127.785
2023-10-11 10:00:00,27277.3,27142.61
2023-10-11 11:00:00,27196.3,27190.809
2023-10-11 12:00:00,27169.2,27236.068
2023-10-11 13:00:00,27143.6,27243.85
2023-10-11 14:00:00,27091.9,27233.883
2023-10-11 15:00:00,26779.5,27206.4
2023-10-11 16:00:00,26682.7,27112.088
2023-10-11 17:00:00,26632.3,26992.777
2023-10-11 18:00:00,26690.4,26877.535
2023-10-11 19:00:00,26763.2,26802.69
2023-10-11 20:00:00,26725.3,26766.615
2023-10-11 21:00:00,26728.4,26770.02
2023-10-11 22:00:00,26784.2,26781.111
2023-10-11 23:00:00,26875.5,26791.395
2023-10-12 00:00:00,26801.7,26808.521
2023-10-12 01:00:00,26779.8,26827.496
2023-10-12 02:00:00,26903.3,26830.95
2023-10-12 03:00:00,26847.1,26837.256
2023-10-12 04:00:00,26821.1,26859.285
2023-10-12 05:00:00,26876.8,26874.906
2023-10-12 06:00:00,26870.0,26882.807
2023-10-12 07:00:00,26810.7,26890.752
2023-10-12 08:00:00,26802.8,26889.49
2023-10-12 09:00:00,26742.3,26878.383
2023-10-12 10:00:00,26754.8,26845.072
2023-10-12 11:00:00,26837.8,26825.94
2023-10-12 12:00:00,26830.0,26821.637
2023-10-12 13:00:00,26761.6,26829.53
2023-10-12 14:00:00,26701.9,26834.475
2023-10-12 15:00:00,26675.0,26822.607
2023-10-12 16:00:00,26673.4,26795.668
2023-10-12 17:00:00,26641.9,26758.613
2023-10-12 18:00:00,26658.1,26727.447
2023-10-12 19:00:00,26712.9,26712.379
2023-10-12 20:00:00,26745.0,26714.15
2023-10-12 21:00:00,26759.3,26729.635
2023-10-12 22:00:00,26755.1,26751.643
2023-10-12 23:00:00,26759.6,26770.83
2023-10-13 00:00:00,26829.6,26782.197
2023-10-13 01:00:00,26793.6,26795.592
2023-10-13 02:00:00,26809.2,26815.709
2023-10-13 03:00:00,26781.7,26831.95
2023-10-13 04:00:00,26805.5,26838.686
2023-10-13 05:00:00,26821.9,26840.256
2023-10-13 06:00:00,26808.2,26840.473
2023-10-13 07:00:00,26875.0,26846.59
2023-10-13 08:00:00,26796.0,26857.652
2023-10-13 09:00:00,26738.1,26862.504
2023-10-13 10:00:00,26778.5,26859.373
2023-10-13 11:00:00,26820.9,26849.377
2023-10-13 12:00:00,26932.6,26845.129
2023-10-13 13:00:00,26855.6,26851.092
2023-10-13 14:00:00,26757.1,26871.44
2023-10-13 15:00:00,26706.8,26878.475
2023-10-13 16:00:00,26796.7,26859.686
2023-10-13 17:00:00,26768.3,26836.281
2023-10-13 18:00:00,26749.1,26817.748
2023-10-13 19:00:00,26778.6,26809.463
2023-10-13 20:00:00,26981.4,26806.102
2023-10-13 21:00:00,27019.2,26825.9
2023-10-13 22:00:00,26829.9,26871.943
2023-10-13 23:00:00,26862.0,26920.484
2023-10-14 00:00:00,26892.5,26941.69
2023-10-14 01:00:00,26915.1,26945.797
2023-10-14 02:00:00,26905.0,26943.652
2023-10-14 03:00:00,26930.8,26944.129
2023-10-14 04:00:00,26908.4,26949.299
2023-10-14 05:00:00,26885.1,26957.18
2023-10-14 06:00:00,26863.4,26958.395
2023-10-14 07:00:00,26868.8,26941.398
2023-10-14 08:00:00,26866.0,26929.766
2023-10-14 09:00:00,26880.0,26922.87
2023-10-14 10:00:00,26878.8,26921.113
2023-10-14 11:00:00,26872.3,26921.965
2023-10-14 12:00:00,26893.1,26920.498
2023-10-14 13:00:00,26907.6,26920.03
2023-10-14 14:00:00,26885.2,26923.86
2023-10-14 15:00:00,26942.6,26928.678
2023-10-14 16:00:00,26926.6,26935.947
2023-10-14 17:00:00,26889.5,26946.777
2023-10-14 18:00:00,26870.0,26953.312
2023-10-14 19:00:00,26864.3,26949.508
2023-10-14 20:00:00,26845.3,26938.209
2023-10-14 21:00:00,26820.0,26922.34
2023-10-14 22:00:00,26849.4,26904.764
2023-10-14 23:00:00,26852.5,26893.69
2023-10-15 00:00:00,26848.8,26891.28
2023-10-15 01:00:00,26890.0,26889.682
2023-10-15 02:00:00,26883.6,26893.93
2023-10-15 03:00:00,26880.5,26905.611
2023-10-15 04:00:00,26884.0,26916.156
2023-10-15 05:00:00,26882.4,26922.793
2023-10-15 06:00:00,26879.5,26926.473
2023-10-15 07:00:00,26882.5,26925.99
2023-10-15 08:00:00,26905.8,26924.271
2023-10-15 09:00:00,26901.3,26924.885
2023-10-15 10:00:00,26895.0,26930.95
2023-10-15 11:00:00,26852.5,26936.246
2023-10-15 12:00:00,26838.1,26933.393
2023-10-15 13:00:00,26861.1,26921.146
2023-10-15 14:00:00,26873.4,26905.0
2023-10-15 15:00:00,26898.9,26906.73
2023-10-15 16:00:00,26930.3,26914.81
2023-10-15 17:00:00,26982.5,26929.564
2023-10-15 18:00:00,27056.4,26948.658
2023-10-15 19:00:00,27043.8,26983.229
2023-10-15 20:00:00,27206.2,27021.547
2023-10-15 21:00:00,27179.6,27058.37
2023-10-15 22:00:00,27102.2,27114.166
2023-10-15 23:00:00,27154.2,27156.117
2023-10-16 00:00:00,27141.9,27178.379
2023-10-16 01:00:00,27195.0,27190.197
2023-10-16 02:00:00,27191.3,27197.795
2023-10-16 03:00:00,27235.9,27221.97
2023-10-16 04:00:00,27251.2,27241.688
2023-10-16 05:00:00,27916.4,27261.723
2023-10-16 06:00:00,27812.6,27297.64
2023-10-16 07:00:00,27849.1,27470.701
2023-10-16 08:00:00,27809.8,27665.271
2023-10-16 09:00:00,27768.1,27809.42
2023-10-16 10:00:00,27770.0,27866.277
2023-10-16 11:00:00,27749.6,27873.406
2023-10-16 12:00:00,27888.0,27854.504
2023-10-16 13:00:00,28000.0,27837.246
2023-10-16 14:00:00,28193.8,27768.555
2023-10-16 15:00:00,28064.2,27952.672
2023-10-16 16:00:00,28088.0,28147.418
2023-10-16 17:00:00,28235.0,28259.078
2023-10-16 18:00:00,28551.2,28296.377
2023-10-16 19:00:00,28468.8,28321.303
2023-10-16 20:00:00,28407.4,28382.816
2023-10-16 21:00:00,28423.4,28454.393
2023-10-16 22:00:00,28509.6,28489.383
2023-10-16 23:00:00,28500.8,28512.45
2023-10-17 00:00:00,28278.1,28534.537
2023-10-17 01:00:00,28350.0,28513.006
2023-10-17 02:00:00,28368.3,28482.656
2023-10-17 03:00:00,28270.0,28451.7
2023-10-17 04:00:00,28186.2,28424.752
2023-10-17 05:00:00,28220.4,28372.154
2023-10-17 06:00:00,28229.6,28331.21
2023-10-17 07:00:00,28430.6,28297.645
2023-10-17 08:00:00,28437.3,28287.793
2023-10-17 09:00:00,28446.8,28334.322
2023-10-17 10:00:00,28506.1,28407.688
2023-10-17 11:00:00,28422.6,28469.262
2023-10-17 12:00:00,28218.9,28510.488
2023-10-17 13:00:00,28291.8,28487.822
2023-10-17 14:00:00,28464.6,28428.586
2023-10-17 15:00:00,28461.7,28401.455
2023-10-17 16:00:00,28584.8,28421.898
2023-10-17 17:00:00,28427.3,28476.61
2023-10-17 18:00:00,28348.2,28522.865
2023-10-17 19:00:00,28516.5,28530.936
2023-10-17 20:00:00,28445.7,28524.54
2023-10-17 21:00:00,28487.3,28522.023
2023-10-17 22:00:00,28416.9,28527.055
2023-10-17 23:00:00,28395.9,28525.242
2023-10-18 00:00:00,28376.3,28515.695
2023-10-18 01:00:00,28353.9,28492.912
2023-10-18 02:00:00,28471.2,28468.525
2023-10-18 03:00:00,28514.4,28459.27
2023-10-18 04:00:00,28730.7,28476.98
2023-10-18 05:00:00,28695.5,28524.23
2023-10-18 06:00:00,28667.0,28596.424
2023-10-18 07:00:00,28494.6,28677.615
2023-10-18 08:00:00,28561.5,28703.123
2023-10-18 09:00:00,28267.6,28689.033
2023-10-18 10:00:00,28374.1,28626.764
2023-10-18 11:00:00,28340.6,28545.594
2023-10-18 12:00:00,28330.0,28485.225
2023-10-18 13:00:00,28325.6,28440.438
2023-10-18 14:00:00,28190.5,28411.584
2023-10-18 15:00:00,28247.4,28368.1
2023-10-18 16:00:00,28349.2,28342.996
2023-10-18 17:00:00,28330.0,28337.258
2023-10-18 18:00:00,28297.9,28350.363
2023-10-18 19:00:00,28245.6,28369.713
2023-10-18 20:00:00,28252.3,28372.646
2023-10-18 21:00:00,28269.7,28357.824
2023-10-18 22:00:00,28343.6,28341.57
2023-10-18 23:00:00,28320.0,28336.334
2023-10-19 00:00:00,28388.5,28345.973
2023-10-19 01:00:00,28238.5,28360.592
2023-10-19 02:00:00,28210.0,28352.887
2023-10-19 03:00:00,28260.0,28339.93
2023-10-19 04:00:00,28286.8,28327.43
2023-10-19 05:00:00,28308.4,28321.436
2023-10-19 06:00:00,28291.2,28327.277
2023-10-19 07:00:00,28330.8,28338.547
2023-10-19 08:00:00,28325.2,28348.18
2023-10-19 09:00:00,28400.0,28360.387
2023-10-19 10:00:00,28477.0,28374.049
2023-10-19 11:00:00,28450.7,28399.596
2023-10-19 12:00:00,28477.1,28442.674
2023-10-19 13:00:00,28482.1,28475.912
2023-10-19 14:00:00,28680.4,28507.365
2023-10-19 15:00:00,28680.1,28542.049
2023-10-19 16:00:00,28620.0,28595.164
2023-10-19 17:00:00,28547.2,28649.164
2023-10-19 18:00:00,28647.0,28688.482
2023-10-19 19:00:00,28750.8,28705.229
2023-10-19 20:00:00,28715.4,28726.932
2023-10-19 21:00:00,28604.1,28750.523
2023-10-19 22:00:00,28649.7,28760.273
2023-10-19 23:00:00,28713.7,28755.463
2023-10-20 00:00:00,28640.0,28750.916
2023-10-20 01:00:00,28659.5,28747.004
2023-10-20 02:00:00,28980.0,28737.281
2023-10-20 03:00:00,29235.4,28751.717
2023-10-20 04:00:00,29318.5,28842.486
2023-10-20 05:00:00,29221.8,29005.605
2023-10-20 06:00:00,29282.6,29138.248
2023-10-20 07:00:00,29240.5,29252.26
2023-10-20 08:00:00,29731.8,29309.523
2023-10-20 09:00:00,29798.1,29359.82
2023-10-20 10:00:00,29850.0,29491.04
2023-10-20 11:00:00,29840.0,29619.484
2023-10-20 12:00:00,29509.2,29776.293
2023-10-20 13:00:00,29654.6,29820.906
2023-10-20 14:00:00,29586.2,29817.613
2023-10-20 15:00:00,29551.0,29783.445
2023-10-20 16:00:00,29492.9,29740.408
2023-10-20 17:00:00,29516.4,29693.697
2023-10-20 18:00:00,29485.8,29643.854
2023-10-20 19:00:00,29561.4,29615.785
2023-10-20 20:00:00,29580.9,29599.332
2023-10-20 21:00:00,29614.8,29600.682
2023-10-20 22:00:00,29661.7,29627.846
2023-10-20 23:00:00,29669.0,29660.686
2023-10-21 00:00:00,29628.2,29693.867
2023-10-21 01:00:00,29533.9,29713.1
2023-10-21 02:00:00,29487.0,29706.32
2023-10-21 03:00:00,29604.4,29671.666
2023-10-21 04:00:00,29556.1,29642.49
2023-10-21 05:00:00,29578.7,29632.205
2023-10-21 06:00:00,29705.0,29634.006
2023-10-21 07:00:00,29695.8,29651.736
2023-10-21 08:00:00,29662.3,29688.166
2023-10-21 09:00:00,29843.4,29721.193
2023-10-21 10:00:00,29772.5,29750.512
2023-10-21 11:00:00,29805.0,29791.102
2023-10-21 12:00:00,29768.3,29824.49
2023-10-21 13:00:00,29775.5,29847.775
2023-10-21 14:00:00,29884.1,29853.367
2023-10-21 15:00:00,29937.4,29860.83
2023-10-21 16:00:00,29867.4,29883.254
2023-10-21 17:00:00,30146.7,29920.379
2023-10-21 18:00:00,30206.2,29965.732
2023-10-21 19:00:00,30145.0,30034.537
2023-10-21 20:00:00,30015.7,30127.885
2023-10-21 21:00:00,29984.3,30176.771
2023-10-21 22:00:00,29996.7,30183.312
2023-10-21 23:00:00,29909.8,30158.695
2023-10-22 00:00:00,29971.8,30110.943
2023-10-22 01:00:00,29928.7,30068.582
2023-10-22 02:00:00,29862.5,30042.21
2023-10-22 03:00:00,29907.4,30020.42
2023-10-22 04:00:00,29954.7,30004.588
2023-10-22 05:00:00,30114.5,29999.756
2023-10-22 06:00:00,30078.5,30016.305
2023-10-22 07:00:00,29816.3,30069.318
2023-10-22 08:00:00,29832.1,30063.936
2023-10-22 09:00:00,29880.4,30036.361
2023-10-22 10:00:00,29898.2,30005.32
2023-10-22 11:00:00,29909.7,29988.547
2023-10-22 12:00:00,29895.8,29976.555
2023-10-22 13:00:00,29945.4,29973.598
2023-10-22 14:00:00,29875.0,29980.883
2023-10-22 15:00:00,29825.6,29976.812
2023-10-22 16:00:00,29870.0,29962.521
2023-10-22 17:00:00,29914.5,29947.7
2023-10-22 18:00:00,29883.6,29947.256
2023-10-22 19:00:00,29842.8,29956.82
2023-10-22 20:00:00,29848.2,29959.475
2023-10-22 21:00:00,29750.0,29954.064
2023-10-22 22:00:00,30039.0,29931.217
2023-10-22 23:00:00,29992.5,29916.47
2023-10-23 00:00:00,30120.0,29949.182
2023-10-23 01:00:00,30346.8,30000.975
2023-10-23 02:00:00,30378.2,30067.191
2023-10-23 03:00:00,30736.7,30196.146
2023-10-23 04:00:00,30658.7,30336.0
2023-10-23 05:00:00,30788.6,30495.965
2023-10-23 06:00:00,30671.7,30633.53
2023-10-23 07:00:00,30518.0,30739.818
2023-10-23 08:00:00,30686.8,30771.91
2023-10-23 09:00:00,30477.7,30763.375
2023-10-23 10:00:00,30559.5,30718.908
2023-10-23 11:00:00,30657.0,30687.797
2023-10-23 12:00:00,30662.8,30679.64
2023-10-23 13:00:00,30610.0,30697.914
2023-10-23 14:00:00,30779.4,30701.178
2023-10-23 15:00:00,30883.3,30723.324
2023-10-23 16:00:00,31212.2,30772.393
2023-10-23 17:00:00,30979.7,30841.285
2023-10-23 18:00:00,31168.3,30947.732
2023-10-23 19:00:00,31354.4,31027.287
2023-10-23 20:00:00,31522.9,31133.059
2023-10-23 21:00:00,31630.0,31260.582
2023-10-23 22:00:00,33315.9,31432.422
2023-10-23 23:00:00,33070.0,31696.078
2023-10-24 00:00:00,33519.0,32175.328
2023-10-24 01:00:00,34190.9,32675.426
2023-10-24 02:00:00,34569.4,33165.785
2023-10-24 03:00:00,34061.6,33605.13
2023-10-24 04:00:00,34380.7,33992.945
2023-10-24 05:00:00,33901.1,34267.566
2023-10-24 06:00:00,33975.2,34370.746
2023-10-24 07:00:00,34000.0,34341.28
2023-10-24 08:00:00,34124.7,34257.887
2023-10-24 09:00:00,34337.1,34209.07
2023-10-24 10:00:00,34447.1,34233.805
2023-10-24 11:00:00,34542.9,34328.055
2023-10-24 12:00:00,34576.4,34413.355
2023-10-24 13:00:00,34431.2,34547.81
2023-10-24 14:00:00,34424.4,34602.51
2023-10-24 15:00:00,33668.9,34599.59
2023-10-24 16:00:00,33938.9,34383.87
2023-10-24 17:00:00,33786.3,34252.332
2023-10-24 18:00:00,33854.9,34188.223
2023-10-24 19:00:00,33796.5,34099.125
2023-10-24 20:00:00,33659.5,34044.133
2023-10-24 21:00:00,34125.7,33990.246
2023-10-24 22:00:00,34155.6,33959.61
2023-10-24 23:00:00,33922.7,34002.07
2023-10-25 00:00:00,34026.3,34050.04
2023-10-25 01:00:00,34195.9,34072.293
2023-10-25 02:00:00,33999.4,34109.78
2023-10-25 03:00:00,33999.4,34154.227
2023-10-25 04:00:00,34193.6,34165.22
2023-10-25 05:00:00,34011.6,34174.023
2023-10-25 06:00:00,34121.8,34176.816
2023-10-25 07:00:00,33857.5,34185.453
2023-10-25 08:00:00,33948.5,34150.62
2023-10-25 09:00:00,34100.8,34116.207
2023-10-25 10:00:00,34241.4,34109.34
2023-10-25 11:00:00,34199.2,34152.582
2023-10-25 12:00:00,34337.0,34209.617
2023-10-25 13:00:00,34484.0,34282.246
2023-10-25 14:00:00,34769.7,34355.125
2023-10-25 15:00:00,34839.8,34453.1
2023-10-25 16:00:00,34480.7,34581.754
2023-10-25 17:00:00,34660.1,34682.58
2023-10-25 18:00:00,34661.2,34757.773
2023-10-25 19:00:00,34738.5,34787.207
2023-10-25 20:00:00,34671.2,34806.516
2023-10-25 21:00:00,34552.8,34810.473
2023-10-25 22:00:00,34606.5,34806.48
2023-10-25 23:00:00,34496.1,34787.29
2023-10-26 00:00:00,34660.0,34735.473
2023-10-26 01:00:00,34681.3,34711.46
2023-10-26 02:00:00,34746.9,34721.81
2023-10-26 03:00:00,34793.3,34762.098
2023-10-26 04:00:00,34700.0,34806.92
2023-10-26 05:00:00,34521.1,34839.45
2023-10-26 06:00:00,34615.2,34827.152
2023-10-26 07:00:00,34647.3,34781.977
2023-10-26 08:00:00,34520.9,34750.812
2023-10-26 09:00:00,34429.2,34732.98
2023-10-26 10:00:00,34277.6,34705.195
2023-10-26 11:00:00,34102.7,34627.24
2023-10-26 12:00:00,34258.2,34516.074
2023-10-26 13:00:00,34176.0,34432.312
2023-10-26 14:00:00,34199.6,34389.56
2023-10-26 15:00:00,34044.4,34332.043
2023-10-26 16:00:00,33773.6,34285.973
2023-10-26 17:00:00,33943.1,34221.207
2023-10-26 18:00:00,33978.6,34152.22
2023-10-26 19:00:00,34044.0,34112.7
2023-10-26 20:00:00,34184.0,34098.043
2023-10-26 21:00:00,34113.8,34121.645
2023-10-26 22:00:00,34227.7,34169.664
2023-10-26 23:00:00,34151.7,34216.766
2023-10-27 00:00:00,34015.3,34256.85
2023-10-27 01:00:00,33848.5,34255.45
2023-10-27 02:00:00,34088.6,34199.31
2023-10-27 03:00:00,34117.1,34151.742
2023-10-27 04:00:00,34095.5,34145.527
2023-10-27 05:00:00,34084.2,34162.51
2023-10-27 06:00:00,34240.0,34179.22
2023-10-27 07:00:00,33942.0,34206.85
2023-10-27 08:00:00,34084.7,34204.082
2023-10-27 09:00:00,34158.1,34200.418
2023-10-27 10:00:00,34066.2,34209.04
2023-10-27 11:00:00,34047.0,34216.31
2023-10-27 12:00:00,34122.3,34204.51
2023-10-27 13:00:00,34154.0,34183.977
2023-10-27 14:00:00,33900.0,34191.33
2023-10-27 15:00:00,33999.5,34172.17
2023-10-27 16:00:00,33871.3,34158.26
2023-10-27 17:00:00,33600.1,34139.3
2023-10-27 18:00:00,33595.6,34037.418
2023-10-27 19:00:00,33698.5,33925.12
2023-10-27 20:00:00,33828.6,33849.496
2023-10-27 21:00:00,33839.8,33832.01
2023-10-27 22:00:00,33806.5,33855.953
2023-10-27 23:00:00,33892.0,33892.758
2023-10-28 00:00:00,33888.7,33926.875
2023-10-28 01:00:00,33916.1,33958.523
2023-10-28 02:00:00,34092.4,33980.82
2023-10-28 03:00:00,34060.0,34014.746
2023-10-28 04:00:00,34085.9,34064.68
2023-10-28 05:00:00,34086.2,34112.473
2023-10-28 06:00:00,34061.3,34151.16
2023-10-28 07:00:00,34045.0,34178.156
2023-10-28 08:00:00,34090.0,34189.824
2023-10-28 09:00:00,34086.3,34192.25
2023-10-28 10:00:00,34100.8,34194.453
2023-10-28 11:00:00,34175.8,34198.957
2023-10-28 12:00:00,34022.6,34203.188
2023-10-28 13:00:00,34129.6,34217.48
2023-10-28 14:00:00,34097.0,34227.63
2023-10-28 15:00:00,34193.0,34233.76
2023-10-28 16:00:00,34135.1,34245.676
2023-10-28 17:00:00,34134.1,34254.977
2023-10-28 18:00:00,34162.0,34261.547
2023-10-28 19:00:00,34112.1,34265.797
2023-10-28 20:00:00,34126.1,34268.19
2023-10-28 21:00:00,34190.0,34263.76
2023-10-28 22:00:00,34104.4,34265.297
2023-10-28 23:00:00,34081.0,34263.61
2023-10-29 00:00:00,34076.0,34252.5
2023-10-29 01:00:00,34006.5,34234.625
2023-10-29 02:00:00,34032.2,34205.836
2023-10-29 03:00:00,33970.9,34181.273
2023-10-29 04:00:00,34020.0,34158.855
2023-10-29 05:00:00,34032.4,34141.273
2023-10-29 06:00:00,34090.0,34135.965
2023-10-29 07:00:00,34076.6,34146.258
2023-10-29 08:00:00,34241.6,34165.527
2023-10-29 09:00:00,34210.3,34196.42
2023-10-29 10:00:00,34171.5,34239.066
2023-10-29 11:00:00,34253.8,34276.246
2023-10-29 12:00:00,34420.0,34302.54
2023-10-29 13:00:00,34380.0,34340.527
2023-10-29 14:00:00,34480.0,34389.688
2023-10-29 15:00:00,34450.0,34450.21
2023-10-29 16:00:00,34397.2,34503.13
2023-10-29 17:00:00,34562.4,34538.44
2023-10-29 18:00:00,34682.0,34561.027
2023-10-29 19:00:00,34562.0,34615.273
2023-10-29 20:00:00,34573.4,34672.99
2023-10-29 21:00:00,34437.4,34708.81
2023-10-29 22:00:00,34702.4,34708.363
2023-10-29 23:00:00,34525.9,34703.168
2023-10-30 00:00:00,34460.0,34700.902
2023-10-30 01:00:00,34421.1,34688.914
2023-10-30 02:00:00,34324.6,34662.54
2023-10-30 03:00:00,34270.4,34593.234
2023-10-30 04:00:00,34322.2,34536.977
2023-10-30 05:00:00,34251.0,34491.06
2023-10-30 06:00:00,34301.2,34455.85
2023-10-30 07:00:00,34193.5,34428.523
2023-10-30 08:00:00,34385.3,34396.668
2023-10-30 09:00:00,34532.1,34387.434
2023-10-30 10:00:00,34537.5,34426.074
2023-10-30 11:00:00,34608.5,34499.914
2023-10-30 12:00:00,34587.5,34573.004
2023-10-30 13:00:00,34660.8,34625.715
2023-10-30 14:00:00,34611.7,34677.37
2023-10-30 15:00:00,34656.3,34712.055
2023-10-30 16:00:00,34459.0,34748.31
2023-10-30 17:00:00,34307.8,34738.637
2023-10-30 18:00:00,34314.0,34653.605
2023-10-30 19:00:00,34432.1,34590.098
2023-10-30 20:00:00,34415.0,34546.402
2023-10-30 21:00:00,34528.6,34527.81
2023-10-30 22:00:00,34468.6,34539.79
2023-10-30 23:00:00,34474.7,34564.793
2023-10-31 00:00:00,34511.9,34586.914
2023-10-31 01:00:00,34449.2,34596.15
2023-10-31 02:00:00,34352.0,34600.76
2023-10-31 03:00:00,34209.3,34577.836
2023-10-31 04:00:00,34236.1,34531.03
2023-10-31 05:00:00,34282.2,34472.05
2023-10-31 06:00:00,34246.7,34425.83
2023-10-31 07:00:00,34145.2,34395.13
2023-10-31 08:00:00,34400.9,34365.652
2023-10-31 09:00:00,34414.6,34348.96
2023-10-31 10:00:00,34433.5,34388.996
2023-10-31 11:00:00,34488.3,34442.426
2023-10-31 12:00:00,34297.2,34490.633
2023-10-31 13:00:00,34207.0,34511.594
2023-10-31 14:00:00,34315.8,34486.906
2023-10-31 15:00:00,34272.2,34444.85
2023-10-31 16:00:00,34425.6,34414.53
2023-10-31 17:00:00,34381.0,34418.984
2023-10-31 18:00:00,34475.4,34450.504
2023-10-31 19:00:00,34540.3,34487.414
2023-10-31 20:00:00,34632.7,34526.887
2023-10-31 21:00:00,34476.0,34580.49
2023-10-31 22:00:00,34559.1,34629.14
2023-10-31 23:00:00,34639.8,34658.914
2023-11-01 00:00:00,34507.7,34680.55
2023-11-01 01:00:00,34492.1,34686.52
2023-11-01 02:00:00,34450.0,34682.87
2023-11-01 03:00:00,34418.4,34663.207
2023-11-01 04:00:00,34439.6,34631.04
2023-11-01 05:00:00,34348.4,34601.105
2023-11-01 06:00:00,34407.1,34569.676
2023-11-01 07:00:00,34451.3,34542.99
2023-11-01 08:00:00,34440.2,34536.0
2023-11-01 09:00:00,34481.8,34541.766
2023-11-01 10:00:00,34374.7,34556.246
2023-11-01 11:00:00,34424.1,34558.31
2023-11-01 12:00:00,34790.6,34550.79
2023-11-01 13:00:00,34595.5,34558.254
2023-11-01 14:00:00,34184.0,34571.055
2023-11-01 15:00:00,34291.9,34589.59
2023-11-01 16:00:00,34458.6,34572.766
2023-11-01 17:00:00,34510.3,34559.65
2023-11-01 18:00:00,34578.5,34560.375
2023-11-01 19:00:00,34557.7,34575.27
2023-11-01 20:00:00,35406.1,34615.11
2023-11-01 21:00:00,35380.9,34714.21
2023-11-01 22:00:00,35280.3,34906.832
2023-11-01 23:00:00,35421.4,35138.914
2023-11-02 00:00:00,35423.3,35326.91
2023-11-02 01:00:00,35567.9,35447.95
2023-11-02 02:00:00,35678.9,35534.98
2023-11-02 03:00:00,35571.7,35600.387
2023-11-02 04:00:00,35460.4,35671.574
2023-11-02 05:00:00,35196.7,35709.418
2023-11-02 06:00:00,35231.2,35660.543
2023-11-02 07:00:00,35279.9,35569.312
2023-11-02 08:00:00,35318.1,35498.89
2023-11-02 09:00:00,35377.1,35446.49
2023-11-02 10:00:00,35370.1,35438.066
2023-11-02 11:00:00,35373.6,35458.367
2023-11-02 12:00:00,35351.1,35483.105
2023-11-02 13:00:00,34927.0,35500.586
2023-11-02 14:00:00,34924.7,35410.793
2023-11-02 15:00:00,34640.0,35289.875
2023-11-02 16:00:00,34646.0,35147.508
2023-11-02 17:00:00,34772.0,34991.15
2023-11-02 18:00:00,34847.7,34907.992
2023-11-02 19:00:00,35000.0,34888.54
2023-11-02 20:00:00,34903.6,34922.152
2023-11-02 21:00:00,34921.9,34966.01
2023-11-02 22:00:00,34788.8,35013.312
2023-11-02 23:00:00,34941.6,35024.45
2023-11-03 00:00:00,34510.3,35014.414
2023-11-03 01:00:00,34594.3,34940.824
2023-11-03 02:00:00,34677.6,34853.152
2023-11-03 03:00:00,34681.9,34800.566
2023-11-03 04:00:00,34404.2,34784.6
2023-11-03 05:00:00,34540.7,34742.832
2023-11-03 06:00:00,34444.9,34698.58
2023-11-03 07:00:00,34465.0,34662.48
2023-11-03 08:00:00,34428.1,34625.043
2023-11-03 09:00:00,34258.9,34579.336
2023-11-03 10:00:00,34279.3,34531.83
2023-11-03 11:00:00,34252.4,34474.68
2023-11-03 12:00:00,34398.1,34432.984
2023-11-03 13:00:00,34570.8,34413.45
2023-11-03 14:00:00,34712.7,34447.562
2023-11-03 15:00:00,34763.7,34520.516
2023-11-03 16:00:00,34666.0,34629.4
2023-11-03 17:00:00,34425.2,34722.906
2023-11-03 18:00:00,34527.9,34741.707
2023-11-03 19:00:00,34530.7,34720.61
2023-11-03 20:00:00,34593.9,34690.754
2023-11-03 21:00:00,34600.9,34676.44
2023-11-03 22:00:00,34628.1,34689.098
2023-11-03 23:00:00,34716.8,34708.06
2023-11-04 00:00:00,34696.6,34734.94
2023-11-04 01:00:00,34768.1,34767.38
2023-11-04 02:00:00,34673.8,34798.613
2023-11-04 03:00:00,34708.9,34823.402
2023-11-04 04:00:00,34671.0,34834.78
2023-11-04 05:00:00,34760.0,34832.78
2023-11-04 06:00:00,34775.3,34824.934
2023-11-04 07:00:00,34768.0,34830.043
2023-11-04 08:00:00,34854.4,34865.215
2023-11-04 09:00:00,34757.0,34897.83
2023-11-04 10:00:00,34729.9,34918.684
2023-11-04 11:00:00,34712.4,34922.883
2023-11-04 12:00:00,34758.8,34909.68
2023-11-04 13:00:00,34700.4,34890.777
2023-11-04 14:00:00,34733.1,34871.914
2023-11-04 15:00:00,34709.9,34859.258
2023-11-04 16:00:00,34694.5,34851.777
2023-11-04 17:00:00,34761.2,34849.797
2023-11-04 18:00:00,34780.2,34853.43
2023-11-04 19:00:00,34730.7,34864.3
2023-11-04 20:00:00,34754.9,34874.68
2023-11-04 21:00:00,34798.5,34876.797
2023-11-04 22:00:00,35160.0,34884.14
2023-11-04 23:00:00,35062.1,34920.684
2023-11-05 00:00:00,34978.1,35003.914
2023-11-05 01:00:00,35064.8,35080.27
2023-11-05 02:00:00,35049.7,35132.086
2023-11-05 03:00:00,35277.0,35158.66
2023-11-05 04:00:00,35151.1,35187.543
2023-11-05 05:00:00,35164.0,35228.145
2023-11-05 06:00:00,35057.3,35267.69
2023-11-05 07:00:00,35162.5,35279.332
2023-11-05 08:00:00,35024.2,35277.086
2023-11-05 09:00:00,35096.4,35258.48
2023-11-05 10:00:00,35121.4,35240.785
2023-11-05 11:00:00,35086.0,35232.96
2023-11-05 12:00:00,35083.6,35229.43
2023-11-05 13:00:00,34831.0,35227.043
2023-11-05 14:00:00,34897.2,35191.49
2023-11-05 15:00:00,34882.9,35136.055
2023-11-05 16:00:00,34954.6,35087.613
2023-11-05 17:00:00,35066.9,35061.613
2023-11-05 18:00:00,35029.2,35067.05
2023-11-05 19:00:00,34988.2,35105.973
2023-11-05 20:00:00,35014.5,35137.246
2023-11-05 21:00:00,34645.9,35154.65
2023-11-05 22:00:00,34971.4,35092.133
2023-11-05 23:00:00,35011.9,35040.637
2023-11-06 00:00:00,35055.0,35035.348
2023-11-06 01:00:00,34875.0,35069.496
2023-11-06 02:00:00,34901.9,35094.766
2023-11-06 03:00:00,34978.4,35096.453
2023-11-06 04:00:00,34872.4,35087.5
2023-11-06 05:00:00,34808.2,35070.215
2023-11-06 06:00:00,34853.7,35035.984
2023-11-06 07:00:00,34904.7,35009.45
2023-11-06 08:00:00,34955.3,34997.48
2023-11-06 09:00:00,35118.2,35001.504
2023-11-06 10:00:00,35158.2,35032.383
2023-11-06 11:00:00,35232.4,35097.574
2023-11-06 12:00:00,35206.4,35173.504
2023-11-06 13:00:00,35030.4,35236.105
2023-11-06 14:00:00,35200.0,35247.973
2023-11-06 15:00:00,35080.9,35256.727
2023-11-06 16:00:00,34967.2,35262.383
2023-11-06 17:00:00,34981.7,35241.125
2023-11-06 18:00:00,34950.6,35205.098
2023-11-06 19:00:00,35054.7,35159.22
2023-11-06 20:00:00,35022.4,35137.785
2023-11-06 21:00:00,35020.0,35131.812
2023-11-06 22:00:00,35115.7,35133.35
2023-11-06 23:00:00,35046.1,35151.145
2023-11-07 00:00:00,34924.9,35167.266
2023-11-07 01:00:00,34940.6,35152.863
2023-11-07 02:00:00,34814.3,35128.043
2023-11-07 03:00:00,34919.0,35089.25
2023-11-07 04:00:00,34893.2,35053.105
2023-11-07 05:00:00,34913.0,35030.42
2023-11-07 06:00:00,34964.8,35021.473
2023-11-07 07:00:00,34937.7,35029.61
2023-11-07 08:00:00,34906.0,35040.56
2023-11-07 09:00:00,34785.4,35045.863
2023-11-07 10:00:00,34643.3,35017.285
2023-11-07 11:00:00,34627.8,34951.363
2023-11-07 12:00:00,34737.2,34897.355
2023-11-07 13:00:00,34780.0,34851.996
2023-11-07 14:00:00,34822.5,34837.527
2023-11-07 15:00:00,34721.2,34849.996
2023-11-07 16:00:00,34673.8,34861.72
2023-11-07 17:00:00,34850.0,34865.13
2023-11-07 18:00:00,35377.0,34860.348
2023-11-07 19:00:00,35454.0,34879.543
2023-11-07 20:00:00,35618.5,35064.46
2023-11-07 21:00:00,35475.6,35275.008
2023-11-07 22:00:00,35282.1,35470.305
2023-11-07 23:00:00,35399.1,35557.496
2023-11-08 00:00:00,35359.8,35578.816
2023-11-08 01:00:00,35375.1,35556.71
2023-11-08 02:00:00,35306.6,35535.555
2023-11-08 03:00:00,35269.7,35514.72
2023-11-08 04:00:00,35346.3,35487.863
2023-11-08 05:00:00,35259.2,35469.383
2023-11-08 06:00:00,35274.1,35456.527
2023-11-08 07:00:00,35226.4,35437.9
2023-11-08 08:00:00,35299.9,35420.88
2023-11-08 09:00:00,35290.7,35403.465
2023-11-08 10:00:00,35398.2,35400.375
2023-11-08 11:00:00,35330.8,35418.84
2023-11-08 12:00:00,35391.1,35447.055
2023-11-08 13:00:00,35410.0,35471.48
2023-11-08 14:00:00,35310.3,35488.86
2023-11-08 15:00:00,35225.7,35491.723
2023-11-08 16:00:00,35406.4,35461.445
2023-11-08 17:00:00,35313.7,35444.742
2023-11-08 18:00:00,35589.6,35449.01
2023-11-08 19:00:00,35622.0,35480.91
2023-11-08 20:00:00,35616.9,35546.664
2023-11-08 21:00:00,35579.9,35618.336
2023-11-08 22:00:00,35783.700000000004,35660.633
2023-11-08 23:00:00,35624.7,35719.99
2023-11-09 00:00:00,35856.7,35773.82
2023-11-09 01:00:00,35903.600000000006,35831.04
2023-11-09 02:00:00,36363.4,35896.324
2023-11-09 03:00:00,36438.4,35973.47
2023-11-09 04:00:00,36705.100000000006,36136.812
2023-11-09 05:00:00,36576.8,36329.03
2023-11-09 06:00:00,36770.0,36513.332
2023-11-09 07:00:00,36533.00000000001,36662.984
2023-11-09 08:00:00,36664.200000000004,36734.848
2023-11-09 09:00:00,36837.3,36772.01
2023-11-09 10:00:00,36750.00000000001,36800.902
2023-11-09 11:00:00,36805.7,36829.457
2023-11-09 12:00:00,36881.3,36873.797
2023-11-09 13:00:00,37166.00000000001,36906.926
2023-11-09 14:00:00,37854.700000000004,36965.207
2023-11-09 15:00:00,37084.00000000001,37060.39
2023-11-09 16:00:00,36337.1,37213.97
2023-11-09 17:00:00,36625.30000000001,37138.547
2023-11-09 18:00:00,36368.600000000006,37067.81
2023-11-09 19:00:00,36382.200000000004,36970.152
2023-11-09 20:00:00,36552.200000000004,36833.348
2023-11-09 21:00:00,36530.2,36721.207
2023-11-09 22:00:00,36548.600000000006,36667.453
2023-11-09 23:00:00,36701.1,36670.703
2023-11-10 00:00:00,36494.7,36698.625
2023-11-10 01:00:00,36683.40000000001,36720.723
2023-11-10 02:00:00,36858.1,36737.74
2023-11-10 03:00:00,36733.30000000001,36771.047
2023-11-10 04:00:00,36791.4,36815.473
2023-11-10 05:00:00,36754.50000000001,36846.17
2023-11-10 06:00:00,36615.00000000001,36865.35
2023-11-10 07:00:00,36440.0,36858.105
2023-11-10 08:00:00,36516.3,36810.945
2023-11-10 09:00:00,36553.2,36749.207
2023-11-10 10:00:00,36750.00000000001,36708.52
2023-11-10 11:00:00,37071.1,36705.887
2023-11-10 12:00:00,37185.3,36762.953
2023-11-10 13:00:00,36962.2,36887.105
2023-11-10 14:00:00,37056.700000000004,37015.438
2023-11-10 15:00:00,37082.1,37102.816
2023-11-10 16:00:00,37377.5,37158.652
2023-11-10 17:00:00,37200.5,37197.754
2023-11-10 18:00:00,37246.40000000001,37275.543
2023-11-10 19:00:00,37226.0,37338.19
2023-11-10 20:00:00,37231.90000000001,37379.043
2023-11-10 21:00:00,37266.2,37393.426
2023-11-10 22:00:00,37351.700000000004,37403.91
2023-11-10 23:00:00,37301.6,37421.754
2023-11-11 00:00:00,37296.7,37446.547
2023-11-11 01:00:00,37053.2,37462.01
2023-11-11 02:00:00,37106.30000000001,37431.875
2023-11-11 03:00:00,37040.00000000001,37375.52
2023-11-11 04:00:00,37058.4,37323.676
2023-11-11 05:00:00,37074.600000000006,37268.453
2023-11-11 06:00:00,37084.3,37239.875
2023-11-11 07:00:00,37006.4,37229.344
2023-11-11 08:00:00,36967.2,37213.875
2023-11-11 09:00:00,37032.100000000006,37194.047
2023-11-11 10:00:00,37008.9,37176.234
2023-11-11 11:00:00,36988.50000000001,37165.887
2023-11-11 12:00:00,37099.80000000001,37152.418
2023-11-11 13:00:00,37142.0,37152.254
2023-11-11 14:00:00,37236.8,37174.668
2023-11-11 15:00:00,37050.80000000001,37214.723
2023-11-11 16:00:00,37129.80000000001,37248.25
2023-11-11 17:00:00,37110.00000000001,37265.336
2023-11-11 18:00:00,37120.700000000004,37267.5
2023-11-11 19:00:00,37148.80000000001,37268.785
2023-11-11 20:00:00,37000.700000000004,37270.453
2023-11-11 21:00:00,36980.80000000001,37258.977
2023-11-11 22:00:00,36891.9,37231.63
2023-11-11 23:00:00,37130.0,37168.04
2023-11-12 00:00:00,36906.90000000001,37140.434
2023-11-12 01:00:00,36955.0,37121.414
2023-11-12 02:00:00,36898.5,37118.64
2023-11-12 03:00:00,36988.8,37110.723
2023-11-12 04:00:00,37006.0,37103.617
2023-11-12 05:00:00,37108.1,37104.453
2023-11-12 06:00:00,37143.5,37121.35
2023-11-12 07:00:00,37127.9,37157.832
2023-11-12 08:00:00,37095.8,37199.6
2023-11-12 09:00:00,37056.700000000004,37226.426
2023-11-12 10:00:00,37094.5,37236.594
2023-11-12 11:00:00,37055.5,37238.867
2023-11-12 12:00:00,37007.40000000001,37235.01
2023-11-12 13:00:00,37069.200000000004,37217.363
2023-11-12 14:00:00,37145.6,37202.29
2023-11-12 15:00:00,37152.1,37209.098
2023-11-12 16:00:00,37110.00000000001,37231.93
2023-11-12 17:00:00,37076.7,37259.234
2023-11-12 18:00:00,37145.1,37269.273
2023-11-12 19:00:00,37105.00000000001,37270.43
2023-11-12 20:00:00,37132.0,37270.535
2023-11-12 21:00:00,37157.3,37270.688
2023-11-12 22:00:00,37155.700000000004,37277.668
2023-11-12 23:00:00,37064.1,37290.152
2023-11-13 00:00:00,37096.50000000001,37276.75
2023-11-13 01:00:00,37193.0,37257.637
2023-11-13 02:00:00,37142.100000000006,37257.008
2023-11-13 03:00:00,36914.00000000001,37279.547
2023-11-13 04:00:00,36927.4,37259.484
2023-11-13 05:00:00,36916.90000000001,37215.27
2023-11-13 06:00:00,36962.90000000001,37162.234
2023-11-13 07:00:00,36960.3,37111.848
2023-11-13 08:00:00,37023.3,37094.945
2023-11-13 09:00:00,36987.5,37099.918
2023-11-13 10:00:00,36975.1,37116.344
2023-11-13 11:00:00,36810.0,37126.332
2023-11-13 12:00:00,36929.600000000006,37091.01
2023-11-13 13:00:00,36827.2,37053.293
2023-11-13 14:00:00,36787.2,37030.26
2023-11-13 15:00:00,36841.90000000001,36983.402
2023-11-13 16:00:00,36857.7,36953.645
2023-11-13 17:00:00,36670.100000000006,36964.465
2023-11-13 18:00:00,36747.0,36959.938
2023-11-13 19:00:00,36845.0,36941.363
2023-11-13 20:00:00,36785.2,36936.82
2023-11-13 21:00:00,36480.0,36935.684
2023-11-13 22:00:00,36467.2,36862.61
2023-11-13 23:00:00,36462.90000000001,36807.19
2023-11-14 00:00:00,36245.50000000001,36751.832
2023-11-14 01:00:00,36323.80000000001,36657.418
2023-11-14 02:00:00,36427.00000000001,36587.793
2023-11-14 03:00:00,36448.100000000006,36550.94
2023-11-14 04:00:00,36500.00000000001,36549.477
2023-11-14 05:00:00,36627.80000000001,36562.76
2023-11-14 06:00:00,36658.0,36599.14
2023-11-14 07:00:00,36683.9,36651.2
2023-11-14 08:00:00,36733.30000000001,36705.344
2023-11-14 09:00:00,36482.40000000001,36750.65
2023-11-14 10:00:00,36492.2,36762.02
2023-11-14 11:00:00,36259.2,36737.387
2023-11-14 12:00:00,36348.50000000001,36667.383
2023-11-14 13:00:00,36503.30000000001,36594.637
2023-11-14 14:00:00,36594.80000000001,36550.527
2023-11-14 15:00:00,36147.1,36576.133
2023-11-14 16:00:00,36268.90000000001,36536.105
2023-11-14 17:00:00,36091.1,36515.492
2023-11-14 18:00:00,35230.0,36472.086
2023-11-14 19:00:00,35294.0,36221.945
2023-11-14 20:00:00,35286.0,35967.55
2023-11-14 21:00:00,35575.99999999999,35776.14
2023-11-14 22:00:00,35608.0,35662.125
2023-11-14 23:00:00,35551.2,35637.246
2023-11-15 00:00:00,35496.8,35652.527
2023-11-15 01:00:00,35424.2,35670.46
2023-11-15 02:00:00,35480.6,35661.63
2023-11-15 03:00:00,35382.0,35623.547
2023-11-15 04:00:00,35578.8,35600.14
2023-11-15 05:00:00,35600.0,35592.582
2023-11-15 06:00:00,35581.8,35612.434
2023-11-15 07:00:00,35576.9,35639.992
2023-11-15 08:00:00,35792.1,35664.28
2023-11-15 09:00:00,35782.6,35699.69
2023-11-15 10:00:00,35868.600000000006,35763.4
2023-11-15 11:00:00,36240.90000000001,35839.85
2023-11-15 12:00:00,36190.7,35930.438
2023-11-15 13:00:00,36099.9,36059.816
2023-11-15 14:00:00,36111.100000000006,36163.594
2023-11-15 15:00:00,36402.40000000001,36224.285
2023-11-15 16:00:00,36372.0,36278.684
2023-11-15 17:00:00,36491.00000000001,36346.957
2023-11-15 18:00:00,37390.00000000001,36422.98
2023-11-15 19:00:00,37500.00000000001,36505.336
2023-11-15 20:00:00,37531.1,36790.5
2023-11-15 21:00:00,37621.2,37128.28
2023-11-15 22:00:00,37706.6,37427.344
2023-11-15 23:00:00,37858.2,37634.48
2023-11-16 00:00:00,37765.60000000001,37770.58
2023-11-16 01:00:00,37433.40000000001,37852.777
2023-11-16 02:00:00,37507.2,37856.383
2023-11-16 03:00:00,37455.0,37814.098
2023-11-16 04:00:00,37436.200000000004,37759.598
2023-11-16 05:00:00,37455.30000000001,37699.04
2023-11-16 06:00:00,37562.5,37655.508
2023-11-16 07:00:00,37437.2,37642.387
2023-11-16 08:00:00,37300.40000000001,37646.688
2023-11-16 09:00:00,37355.50000000001,37617.113
2023-11-16 10:00:00,37292.00000000001,37579.16
2023-11-16 11:00:00,37247.50000000001,37546.625
2023-11-16 12:00:00,37127.80000000001,37499.656
2023-11-16 13:00:00,36770.0,37440.5
2023-11-16 14:00:00,36708.2,37323.957
2023-11-16 15:00:00,36406.00000000001,37172.85
2023-11-16 16:00:00,36564.100000000006,37010.84
2023-11-16 17:00:00,36313.3,36884.355
2023-11-16 18:00:00,36235.600000000006,36782.72
2023-11-16 19:00:00,35921.0,36652.34
2023-11-16 20:00:00,35955.00000000001,36455.43
2023-11-16 21:00:00,35963.30000000001,36304.348
2023-11-16 22:00:00,36217.6,36208.613
2023-11-16 23:00:00,36163.50000000001,36182.36
2023-11-17 00:00:00,36368.0,36197.098
2023-11-17 01:00:00,36562.0,36248.605
2023-11-17 02:00:00,36452.0,36339.047
2023-11-17 03:00:00,36484.00000000001,36441.164
2023-11-17 04:00:00,36435.700000000004,36516.543
2023-11-17 05:00:00,36355.6,36554.09
2023-11-17 06:00:00,36358.0,36540.14
2023-11-17 07:00:00,36239.80000000001,36521.246
2023-11-17 08:00:00,36402.6,36492.453
2023-11-17 09:00:00,36313.700000000004,36474.9
2023-11-17 10:00:00,36363.9,36474.082
2023-11-17 11:00:00,36372.80000000001,36464.055
2023-11-17 12:00:00,36525.7,36473.363
2023-11-17 13:00:00,36341.00000000001,36496.207
2023-11-17 14:00:00,36015.50000000001,36518.32
2023-11-17 15:00:00,36044.8,36475.15
2023-11-17 16:00:00,35978.90000000001,36392.23
2023-11-17 17:00:00,36500.00000000001,36312.24
2023-11-17 18:00:00,36472.2,36278.41
2023-11-17 19:00:00,36322.40000000001,36362.85
2023-11-17 20:00:00,36483.3,36452.33
2023-11-17 21:00:00,36396.4,36516.875
2023-11-17 22:00:00,36544.8,36554.31
2023-11-17 23:00:00,36613.9,36579.758
2023-11-18 00:00:00,36400.0,36611.45
2023-11-18 01:00:00,36405.5,36630.805
2023-11-18 02:00:00,36408.100000000006,36627.984
2023-11-18 03:00:00,36371.8,36611.777
2023-11-18 04:00:00,36369.40000000001,36586.523
2023-11-18 05:00:00,36334.00000000001,36564.117
2023-11-18 06:00:00,36252.00000000001,36537.324
2023-11-18 07:00:00,36417.200000000004,36507.023
2023-11-18 08:00:00,36448.00000000001,36480.867
2023-11-18 09:00:00,36397.40000000001,36493.926
2023-11-18 10:00:00,36472.5,36520.32
2023-11-18 11:00:00,36402.80000000001,36545.285
2023-11-18 12:00:00,36449.3,36566.305
2023-11-18 13:00:00,36430.200000000004,36577.246
2023-11-18 14:00:00,36507.00000000001,36574.082
2023-11-18 15:00:00,36664.200000000004,36582.02
2023-11-18 16:00:00,36674.0,36609.188
2023-11-18 17:00:00,36620.0,36666.715
2023-11-18 18:00:00,36707.2,36726.996
2023-11-18 19:00:00,36679.100000000006,36776.97
2023-11-18 20:00:00,36598.00000000001,36810.906
2023-11-18 21:00:00,36542.00000000001,36814.074
2023-11-18 22:00:00,36506.0,36793.688
2023-11-18 23:00:00,36568.1,36755.395
2023-11-19 00:00:00,36464.7,36723.445
2023-11-19 01:00:00,36485.4,36697.37
2023-11-19 02:00:00,36454.0,36669.01
2023-11-19 03:00:00,36521.1,36646.38
2023-11-19 04:00:00,36534.9,36634.574
2023-11-19 05:00:00,36511.0,36639.1
2023-11-19 06:00:00,36601.1,36649.043
2023-11-19 07:00:00,36611.5,36663.01
2023-11-19 08:00:00,36616.0,36688.324
2023-11-19 09:00:00,36627.9,36719.664
2023-11-19 10:00:00,36530.50000000001,36744.594
2023-11-19 11:00:00,36453.6,36749.76
2023-11-19 12:00:00,36492.600000000006,36714.19
2023-11-19 13:00:00,36487.0,36678.06
2023-11-19 14:00:00,36458.00000000001,36654.37
2023-11-19 15:00:00,36568.3,36632.79
2023-11-19 16:00:00,36558.00000000001,36627.836
2023-11-19 17:00:00,36603.00000000001,36645.89
2023-11-19 18:00:00,36836.00000000001,36675.12
2023-11-19 19:00:00,36949.00000000001,36713.867
2023-11-19 20:00:00,36916.8,36796.887
2023-11-19 21:00:00,36984.5,36889.184
2023-11-19 22:00:00,36980.30000000001,36978.08
2023-11-19 23:00:00,37359.9,37051.48
2023-11-20 00:00:00,37299.3,37106.684
2023-11-20 01:00:00,37291.4,37214.344
2023-11-20 02:00:00,37303.9,37317.812
2023-11-20 03:00:00,37114.30000000001,37385.844
2023-11-20 04:00:00,37207.30000000001,37399.555
2023-11-20 05:00:00,37132.9,37389.45
2023-11-20 06:00:00,37182.6,37362.508
2023-11-20 07:00:00,37244.5,37338.203
2023-11-20 08:00:00,37123.9,37330.9
2023-11-20 09:00:00,37190.1,37322.992
2023-11-20 10:00:00,37290.00000000001,37319.67
2023-11-20 11:00:00,37147.50000000001,37337.168
2023-11-20 12:00:00,37143.1,37349.555
2023-11-20 13:00:00,37093.30000000001,37350.207
2023-11-20 14:00:00,37411.100000000006,37332.426
2023-11-20 15:00:00,37461.6,37296.09
2023-11-20 16:00:00,37234.80000000001,37331.457
2023-11-20 17:00:00,37576.700000000004,37391.023
2023-11-20 18:00:00,37527.30000000001,37422.137
2023-11-20 19:00:00,37569.200000000004,37504.934
2023-11-20 20:00:00,37548.7,37599.582
2023-11-20 21:00:00,37416.00000000001,37663.355
2023-11-20 22:00:00,37425.8,37674.51
2023-11-20 23:00:00,37448.8,37658.234
2023-11-21 00:00:00,37394.200000000004,37641.07
2023-11-21 01:00:00,37600.600000000006,37618.93
2023-11-21 02:00:00,37452.30000000001,37615.516
2023-11-21 03:00:00,37464.9,37624.28
2023-11-21 04:00:00,37390.00000000001,37634.55
2023-11-21 05:00:00,37355.90000000001,37633.496
2023-11-21 06:00:00,37370.00000000001,37606.695
2023-11-21 07:00:00,37279.9,37576.15
2023-11-21 08:00:00,37407.6,37536.043
2023-11-21 09:00:00,37314.0,37513.797
2023-11-21 10:00:00,37345.600000000006,37505.21
2023-11-21 11:00:00,37175.00000000001,37501.746
2023-11-21 12:00:00,37184.0,37477.03
2023-11-21 13:00:00,37011.9,37434.93
2023-11-21 14:00:00,36636.00000000001,37368.86
2023-11-21 15:00:00,36975.00000000001,37210.258
2023-11-21 16:00:00,37194.8,37036.24
2023-11-21 17:00:00,36902.00000000001,37038.88
2023-11-21 18:00:00,36883.2,37071.2
2023-11-21 19:00:00,36980.0,37105.61
2023-11-21 20:00:00,36935.90000000001,37127.734
2023-11-21 21:00:00,36833.9,37130.836
2023-11-21 22:00:00,36377.600000000006,37106.957
2023-11-21 23:00:00,35741.6,37000.43
2023-11-22 00:00:00,36108.200000000004,36758.758
2023-11-22 01:00:00,36093.00000000001,36515.773
2023-11-22 02:00:00,36294.100000000006,36370.09
2023-11-22 03:00:00,36380.0,36317.086
2023-11-22 04:00:00,36418.1,36334.54
2023-11-22 05:00:00,36359.0,36390.23
2023-11-22 06:00:00,36514.50000000001,36450.824
2023-11-22 07:00:00,36439.8,36504.336
2023-11-22 08:00:00,36560.2,36545.176
2023-11-22 09:00:00,36691.0,36574.92
2023-11-22 10:00:00,36664.5,36616.023
2023-11-22 11:00:00,36463.9,36670.406
2023-11-22 12:00:00,36557.5,36697.457
2023-11-22 13:00:00,36595.600000000006,36702.484
2023-11-22 14:00:00,36397.40000000001,36696.07
2023-11-22 15:00:00,36481.100000000006,36668.965
2023-11-22 16:00:00,36469.90000000001,36640.45
2023-11-22 17:00:00,36586.8,36630.25
2023-11-22 18:00:00,37198.0,36642.055
2023-11-22 19:00:00,37290.00000000001,36693.734
2023-11-22 20:00:00,37616.0,36878.332
2023-11-22 21:00:00,37607.100000000006,37114.066
2023-11-22 22:00:00,37445.9,37335.06
2023-11-22 23:00:00,37408.30000000001,37519.95
2023-11-23 00:00:00,37302.200000000004,37599.348
2023-11-23 01:00:00,37408.0,37614.668
2023-11-23 02:00:00,37336.0,37599.24
2023-11-23 03:00:00,37299.7,37572.688
2023-11-23 04:00:00,37340.1,37540.78
2023-11-23 05:00:00,37323.1,37521.04
2023-11-23 06:00:00,37272.700000000004,37512.957
2023-11-23 07:00:00,37369.2,37500.71
2023-11-23 08:00:00,37500.00000000001,37490.566
2023-11-23 09:00:00,37637.80000000001,37504.496
2023-11-23 10:00:00,37461.40000000001,37552.812
2023-11-23 11:00:00,37370.00000000001,37604.43
2023-11-23 12:00:00,37303.9,37596.773
2023-11-23 13:00:00,37238.0,37582.45
2023-11-23 14:00:00,37204.1,37549.64
2023-11-23 15:00:00,36951.3,37493.676
2023-11-23 16:00:00,37084.00000000001,37398.793
2023-11-23 17:00:00,37169.80000000001,37323.76
2023-11-23 18:00:00,37255.700000000004,37293.46
2023-11-23 19:00:00,37281.40000000001,37302.438
2023-11-23 20:00:00,37278.90000000001,37333.67
2023-11-23 21:00:00,37245.90000000001,37375.168
2023-11-23 22:00:00,37305.0,37405.83
2023-11-23 23:00:00,37294.30000000001,37420.336
2023-11-24 00:00:00,37294.50000000001,37427.996
2023-11-24 01:00:00,37396.0,37434.64
2023-11-24 02:00:00,37383.50000000001,37445.54
2023-11-24 03:00:00,37315.600000000006,37474.02
2023-11-24 04:00:00,37348.00000000001,37494.2
2023-11-24 05:00:00,37425.6,37500.516
2023-11-24 06:00:00,37379.20000000001,37508.113
2023-11-24 07:00:00,37523.0,37516.7
2023-11-24 08:00:00,37437.90000000001,37533.24
2023-11-24 09:00:00,37622.40000000001,37562.66
2023-11-24 10:00:00,37597.40000000001,37596.086
2023-11-24 11:00:00,37742.0,37636.887
2023-11-24 12:00:00,37714.0,37698.227
2023-11-24 13:00:00,37772.00000000001,37787.844
2023-11-24 14:00:00,37791.700000000004,37856.473
2023-11-24 15:00:00,38221.1,37897.367
2023-11-24 16:00:00,37726.0,37907.258
2023-11-24 17:00:00,37850.0,37948.254
2023-11-24 18:00:00,37722.50000000001,37999.566
2023-11-24 19:00:00,37766.100000000006,38023.703
2023-11-24 20:00:00,37827.6,38010.816
2023-11-24 21:00:00,37824.30000000001,37995.375
2023-11-24 22:00:00,37682.2,37984.297
2023-11-24 23:00:00,37713.6,37963.973
2023-11-25 00:00:00,37718.00000000001,37929.633
2023-11-25 01:00:00,37787.9,37904.05
2023-11-25 02:00:00,37821.6,37899.57
2023-11-25 03:00:00,37798.0,37907.76
2023-11-25 04:00:00,37777.9,37922.54
2023-11-25 05:00:00,37812.80000000001,37934.31
2023-11-25 06:00:00,37793.6,37939.844
2023-11-25 07:00:00,37802.40000000001,37945.152
2023-11-25 08:00:00,37761.100000000006,37945.29
2023-11-25 09:00:00,37734.00000000001,37943.758
2023-11-25 10:00:00,37685.40000000001,37932.31
2023-11-25 11:00:00,37652.50000000001,37908.688
2023-11-25 12:00:00,37721.7,37878.01
2023-11-25 13:00:00,37720.2,37860.527
2023-11-25 14:00:00,37677.200000000004,37854.312
2023-11-25 15:00:00,37704.40000000001,37852.105
2023-11-25 16:00:00,37739.00000000001,37848.465
2023-11-25 17:00:00,37765.40000000001,37855.01
2023-11-25 18:00:00,37815.600000000006,37870.01
2023-11-25 19:00:00,37819.40000000001,37891.945
2023-11-25 20:00:00,37789.0,37917.926
2023-11-25 21:00:00,37793.40000000001,37935.28
2023-11-25 22:00:00,37725.00000000001,37947.906
2023-11-25 23:00:00,37780.7,37944.49
2023-11-26 00:00:00,37742.1,37937.09
2023-11-26 01:00:00,37680.50000000001,37927.207
2023-11-26 02:00:00,37744.00000000001,37910.094
2023-11-26 03:00:00,37730.40000000001,37895.984
2023-11-26 04:00:00,37759.7,37890.29
2023-11-26 05:00:00,37773.2,37889.56
2023-11-26 06:00:00,37786.200000000004,37896.066
2023-11-26 07:00:00,37789.80000000001,37904.332
2023-11-26 08:00:00,37755.50000000001,37915.215
2023-11-26 09:00:00,37759.600000000006,37922.86
2023-11-26 10:00:00,37697.3,37925.336
2023-11-26 11:00:00,37679.30000000001,37916.27
2023-11-26 12:00:00,37627.5,37895.754
2023-11-26 13:00:00,37514.90000000001,37834.586
2023-11-26 14:00:00,37341.100000000006,37781.355
2023-11-26 15:00:00,37437.100000000006,37711.94
2023-11-26 16:00:00,37226.50000000001,37656.69
2023-11-26 17:00:00,37275.2,37581.848
2023-11-26 18:00:00,37241.00000000001,37531.51
2023-11-26 19:00:00,37380.100000000006,37489.312
2023-11-26 20:00:00,37588.600000000006,37472.406
2023-11-26 21:00:00,37616.4,37493.176
2023-11-26 22:00:00,37653.200000000004,37557.594
2023-11-26 23:00:00,37447.40000000001,37637.516
2023-11-27 00:00:00,37486.4,37670.246
2023-11-27 01:00:00,37489.1,37678.21
2023-11-27 02:00:00,37314.9,37672.105
2023-11-27 03:00:00,37309.200000000004,37633.887
2023-11-27 04:00:00,37371.50000000001,37577.19
2023-11-27 05:00:00,37306.3,37535.51
2023-11-27 06:00:00,37272.1,37511.945
2023-11-27 07:00:00,37283.2,37496.24
2023-11-27 08:00:00,37338.100000000006,37458.977
2023-11-27 09:00:00,37371.100000000006,37451.92
2023-11-27 10:00:00,37105.6,37461.734
2023-11-27 11:00:00,37035.90000000001,37429.98
2023-11-27 12:00:00,36971.600000000006,37367.637
2023-11-27 13:00:00,36950.0,37299.312
2023-11-27 14:00:00,36808.00000000001,37216.957
2023-11-27 15:00:00,36751.0,37136.4
2023-11-27 16:00:00,37077.8,37079.223
2023-11-27 17:00:00,36923.6,37056.207
2023-11-27 18:00:00,36967.2,37070.28
2023-11-27 19:00:00,36877.0,37094.76
2023-11-27 20:00:00,36800.0,37096.668
2023-11-27 21:00:00,37030.90000000001,37080.176
2023-11-27 22:00:00,37083.200000000004,37067.633
2023-11-27 23:00:00,37242.7,37087.777
2023-11-28 00:00:00,37258.1,37136.957
2023-11-28 01:00:00,37198.100000000006,37215.81
2023-11-28 02:00:00,37179.100000000006,37284.797
2023-11-28 03:00:00,37129.6,37324.01
2023-11-28 04:00:00,36988.00000000001,37332.81
2023-11-28 05:00:00,36913.8,37303.395
2023-11-28 06:00:00,37105.50000000001,37238.293
2023-11-28 07:00:00,37105.100000000006,37196.758
2023-11-28 08:00:00,36940.5,37185.555
2023-11-28 09:00:00,37083.200000000004,37183.16
2023-11-28 10:00:00,37108.3,37187.805
2023-11-28 11:00:00,37251.40000000001,37199.992
2023-11-28 12:00:00,37205.2,37230.074
2023-11-28 13:00:00,37412.3,37272.707
2023-11-28 14:00:00,37367.40000000001,37322.836
2023-11-28 15:00:00,37513.200000000004,37388.305
2023-11-28 16:00:00,37877.6,37451.297
2023-11-28 17:00:00,38210.8,37538.836
2023-11-28 18:00:00,37971.600000000006,37684.61
2023-11-28 19:00:00,38114.30000000001,37870.766
2023-11-28 20:00:00,38198.4,38023.07
2023-11-28 21:00:00,37943.600000000006,38167.17
2023-11-28 22:00:00,37861.1,38241.55
2023-11-28 23:00:00,37818.90000000001,38239.4
2023-11-29 00:00:00,37915.0,38167.72
2023-11-29 01:00:00,37934.100000000006,38101.656
2023-11-29 02:00:00,37931.600000000006,38074.523
2023-11-29 03:00:00,37940.5,38073.023
2023-11-29 04:00:00,37931.9,38086.195
2023-11-29 05:00:00,38035.7,38099.957
2023-11-29 06:00:00,38174.40000000001,38114.293
2023-11-29 07:00:00,38096.7,38142.832
2023-11-29 08:00:00,38338.0,38181.54
2023-11-29 09:00:00,38281.00000000001,38232.53
2023-11-29 10:00:00,37973.40000000001,38286.055
2023-11-29 11:00:00,38104.600000000006,38303.86
2023-11-29 12:00:00,38161.100000000006,38297.203
2023-11-29 13:00:00,38113.1,38293.78
2023-11-29 14:00:00,37823.8,38295.137
2023-11-29 15:00:00,37830.8,38247.39
2023-11-29 16:00:00,37762.40000000001,38151.246
2023-11-29 17:00:00,37777.0,38078.438
2023-11-29 18:00:00,37862.0,38029.973
2023-11-29 19:00:00,37874.2,37998.418
2023-11-29 20:00:00,37675.0,37992.477
2023-11-29 21:00:00,37739.00000000001,37971.32
2023-11-29 22:00:00,37790.6,37942.336
2023-11-29 23:00:00,37854.600000000006,37931.08
2023-11-30 00:00:00,37778.90000000001,37930.64
2023-11-30 01:00:00,37703.4,37936.22
2023-11-30 02:00:00,37876.100000000006,37933.797
2023-11-30 03:00:00,38051.8,37934.703
2023-11-30 04:00:00,37975.90000000001,37966.242
2023-11-30 05:00:00,37885.600000000006,38021.434
2023-11-30 06:00:00,37864.0,38059.137
2023-11-30 07:00:00,37793.00000000001,38068.906
2023-11-30 08:00:00,37668.90000000001,38047.81
2023-11-30 09:00:00,37713.50000000001,37993.64
2023-11-30 10:00:00,37680.00000000001,37944.926
2023-11-30 11:00:00,37885.100000000006,37911.703
2023-11-30 12:00:00,37880.0,37903.652
2023-11-30 13:00:00,37725.90000000001,37924.715
2023-11-30 14:00:00,37655.1,37935.37
2023-11-30 15:00:00,37619.8,37905.617
2023-11-30 16:00:00,37661.90000000001,37876.43
2023-11-30 17:00:00,37740.9,37851.594
2023-11-30 18:00:00,37739.40000000001,37845.312
2023-11-30 19:00:00,37749.30000000001,37855.715
2023-11-30 20:00:00,37730.9,37872.41
2023-11-30 21:00:00,37739.1,37882.555
2023-11-30 22:00:00,37694.100000000006,37889.49
2023-11-30 23:00:00,37724.0,37890.703
2023-12-01 00:00:00,37682.4,37875.49
2023-12-01 01:00:00,37946.0,37861.348
2023-12-01 02:00:00,37990.80000000001,37861.785
2023-12-01 03:00:00,38043.1,37923.062
2023-12-01 04:00:00,38179.9,38006.35
2023-12-01 05:00:00,38120.80000000001,38081.1
2023-12-01 06:00:00,38214.200000000004,38171.52
2023-12-01 07:00:00,38244.1,38241.5
2023-12-01 08:00:00,38313.50000000001,38280.293
2023-12-01 09:00:00,38705.200000000004,38332.902
2023-12-01 10:00:00,38541.00000000001,38378.965
2023-12-01 11:00:00,38580.2,38501.535
2023-12-01 12:00:00,38360.90000000001,38630.87
2023-12-01 13:00:00,38367.100000000006,38678.83
2023-12-01 14:00:00,38324.600000000006,38671.832
2023-12-01 15:00:00,38413.5,38618.844
2023-12-01 16:00:00,38801.9,38572.508
2023-12-01 17:00:00,38799.0,38567.953
2023-12-01 18:00:00,38703.7,38669.523
2023-12-01 19:00:00,38762.4,38781.734
2023-12-01 20:00:00,38749.6,38863.645
2023-12-01 21:00:00,38776.100000000006,38910.664
2023-12-01 22:00:00,38703.9,38935.254
2023-12-01 23:00:00,38682.5,38938.645
2023-12-02 00:00:00,38713.8,38921.902
2023-12-02 01:00:00,38750.30000000001,38898.676
2023-12-02 02:00:00,38720.7,38890.27
2023-12-02 03:00:00,38782.30000000001,38890.277
2023-12-02 04:00:00,38818.2,38899.33
2023-12-02 05:00:00,38750.0,38913.363
2023-12-02 06:00:00,38774.90000000001,38926.63
2023-12-02 07:00:00,38702.5,38933.105
2023-12-02 08:00:00,38713.2,38929.902
2023-12-02 09:00:00,38776.50000000001,38913.168
2023-12-02 10:00:00,38747.5,38905.6
2023-12-02 11:00:00,38740.200000000004,38908.65
2023-12-02 12:00:00,38779.700000000004,38909.457
2023-12-02 13:00:00,38815.9,38912.38
2023-12-02 14:00:00,38782.0,38922.1
2023-12-02 15:00:00,38811.8,38932.355
2023-12-02 16:00:00,38748.50000000001,38939.01
2023-12-02 17:00:00,38795.100000000006,38941.645
2023-12-02 18:00:00,38872.7,38944.598
2023-12-02 19:00:00,39420.00000000001,38940.69
2023-12-02 20:00:00,39574.6,38966.56
2023-12-02 21:00:00,39563.600000000006,39159.566
2023-12-02 22:00:00,39349.00000000001,39372.484
2023-12-02 23:00:00,39450.40000000001,39519.945
2023-12-03 00:00:00,39503.2,39596.41
2023-12-03 01:00:00,39485.50000000001,39626.414
2023-12-03 02:00:00,39364.200000000004,39640.297
2023-12-03 03:00:00,39381.100000000006,39633.89
2023-12-03 04:00:00,39352.40000000001,39608.938
2023-12-03 05:00:00,39422.80000000001,39587.613
2023-12-03 06:00:00,39417.6,39575.21
2023-12-03 07:00:00,39478.700000000004,39575.016
2023-12-03 08:00:00,39400.0,39583.67
2023-12-03 09:00:00,39458.0,39596.3
2023-12-03 10:00:00,39541.00000000001,39604.645
2023-12-03 11:00:00,39479.7,39618.703
2023-12-03 12:00:00,39408.00000000001,39632.586
2023-12-03 13:00:00,39671.4,39632.82
2023-12-03 14:00:00,39544.1,39639.38
2023-12-03 15:00:00,39760.4,39673.99
2023-12-03 16:00:00,39666.7,39721.984
2023-12-03 17:00:00,39526.7,39772.633
2023-12-03 18:00:00,39543.3,39795.902
2023-12-03 19:00:00,39566.0,39793.76
2023-12-03 20:00:00,39567.90000000001,39769.504
2023-12-03 21:00:00,39710.1,39752.96
2023-12-03 22:00:00,40060.700000000004,39761.984
2023-12-03 23:00:00,39972.30000000001,39771.14
2023-12-04 00:00:00,40211.30000000001,39882.29
2023-12-04 01:00:00,40604.100000000006,40019.254
2023-12-04 02:00:00,40680.00000000001,40156.246
2023-12-04 03:00:00,40709.8,40377.81
2023-12-04 04:00:00,40906.40000000001,40585.082
2023-12-04 05:00:00,41500.00000000001,40739.324
2023-12-04 06:00:00,41381.1,40878.945
2023-12-04 07:00:00,41441.100000000006,41096.004
2023-12-04 08:00:00,41681.9,41313.57
2023-12-04 09:00:00,41544.90000000001,41488.086
2023-12-04 10:00:00,41978.200000000004,41602.766
2023-12-04 11:00:00,41596.00000000001,41696.105
2023-12-04 12:00:00,41799.50000000001,41720.16
2023-12-04 13:00:00,41735.9,41803.863
2023-12-04 14:00:00,41645.90000000001,41897.215
2023-12-04 15:00:00,41270.30000000001,41925.07
2023-12-04 16:00:00,41634.0,41839.195
2023-12-04 17:00:00,41614.7,41782.008
2023-12-04 18:00:00,41725.9,41770.445
2023-12-04 19:00:00,41987.30000000001,41793.414
2023-12-04 20:00:00,41764.40000000001,41841.383
2023-12-04 21:00:00,42040.00000000001,41906.95
2023-12-04 22:00:00,41950.600000000006,41977.69
2023-12-04 23:00:00,41991.1,42024.17
2023-12-05 00:00:00,41923.90000000001,42080.766
2023-12-05 01:00:00,41805.100000000006,42108.53
2023-12-05 02:00:00,41741.1,42097.05
2023-12-05 03:00:00,41830.00000000001,42057.555
2023-12-05 04:00:00,41777.80000000001,42022.883
2023-12-05 05:00:00,41911.100000000006,42000.34
2023-12-05 06:00:00,41724.00000000001,41995.168
2023-12-05 07:00:00,41528.00000000001,41985.9
2023-12-05 08:00:00,41614.100000000006,41913.64
2023-12-05 09:00:00,41705.50000000001,41864.523
2023-12-05 10:00:00,41617.90000000001,41844.82
2023-12-05 11:00:00,41726.100000000006,41842.062
2023-12-05 12:00:00,41868.80000000001,41839.133
2023-12-05 13:00:00,41824.7,41860.965
2023-12-05 14:00:00,42194.00000000001,41898.688
2023-12-05 15:00:00,42268.30000000001,41963.902
2023-12-05 16:00:00,42715.2,42073.48
2023-12-05 17:00:00,43377.90000000001,42222.188
2023-12-05 18:00:00,43712.0,42408.652
2023-12-05 19:00:00,43814.40000000001,42823.23
2023-12-05 20:00:00,43779.8,43251.93
2023-12-05 21:00:00,43891.100000000006,43564.805
2023-12-05 22:00:00,44285.4,43772.742
2023-12-05 23:00:00,44073.3,43931.535
2023-12-06 00:00:00,44139.00000000001,44059.664
2023-12-06 01:00:00,43871.40000000001,44147.496
2023-12-06 02:00:00,43903.90000000001,44187.902
2023-12-06 03:00:00,43736.100000000006,44173.34
2023-12-06 04:00:00,43727.6,44130.938
2023-12-06 05:00:00,43676.3,44076.14
2023-12-06 06:00:00,43671.00000000001,44011.297
2023-12-06 07:00:00,43688.90000000001,43945.08
2023-12-06 08:00:00,43825.8,43903.41
2023-12-06 09:00:00,43874.4,43894.8
2023-12-06 10:00:00,44111.2,43923.605
2023-12-06 11:00:00,43839.2,43968.84
2023-12-06 12:00:00,44031.00000000001,43984.63
2023-12-06 13:00:00,44095.1,44032.56
2023-12-06 14:00:00,44050.00000000001,44111.5
2023-12-06 15:00:00,43785.200000000004,44162.82
2023-12-06 16:00:00,43853.2,44167.48
2023-12-06 17:00:00,43961.100000000006,44136.355
2023-12-06 18:00:00,43934.30000000001,44128.4
2023-12-06 19:00:00,43984.7,44131.71
2023-12-06 20:00:00,43755.8,44140.914
2023-12-06 21:00:00,43824.200000000004,44125.758
2023-12-06 22:00:00,43766.80000000001,44081.992
2023-12-06 23:00:00,43762.7,44050.074
2023-12-07 00:00:00,43822.200000000004,44008.54
2023-12-07 01:00:00,43927.0,43991.273
2023-12-07 02:00:00,43971.00000000001,44000.277
2023-12-07 03:00:00,43926.8,44034.637
2023-12-07 04:00:00,43964.80000000001,44070.69
2023-12-07 05:00:00,44007.200000000004,44091.934
2023-12-07 06:00:00,43869.7,44113.24
2023-12-07 07:00:00,43884.00000000001,44120.133
2023-12-07 08:00:00,43585.6,44112.49
2023-12-07 09:00:00,43351.100000000006,44027.633
2023-12-07 10:00:00,43134.2,43852.023
2023-12-07 11:00:00,43188.00000000001,43734.67
2023-12-07 12:00:00,43408.00000000001,43637.086
2023-12-07 13:00:00,43294.600000000006,43546.652
2023-12-07 14:00:00,43485.80000000001,43516.47
2023-12-07 15:00:00,43660.00000000001,43528.824
2023-12-07 16:00:00,43687.100000000006,43561.004
2023-12-07 17:00:00,43419.00000000001,43640.355
2023-12-07 18:00:00,43309.2,43658.934
2023-12-07 19:00:00,43203.600000000006,43661.285
2023-12-07 20:00:00,43235.700000000004,43601.754
2023-12-07 21:00:00,43374.50000000001,43530.914
2023-12-07 22:00:00,43136.00000000001,43497.062
2023-12-07 23:00:00,43273.100000000006,43484.508
2023-12-08 00:00:00,43391.90000000001,43464.586
2023-12-08 01:00:00,43406.1,43466.05
2023-12-08 02:00:00,43497.40000000001,43487.25
2023-12-08 03:00:00,43366.0,43527.027
2023-12-08 04:00:00,43452.90000000001,43559.457
2023-12-08 05:00:00,43421.90000000001,43577.047
2023-12-08 06:00:00,43360.0,43598.516
2023-12-08 07:00:00,43166.0,43599.54
2023-12-08 08:00:00,43212.9,43539.242
2023-12-08 09:00:00,43136.00000000001,43488.637
2023-12-08 10:00:00,43350.0,43452.637
2023-12-08 11:00:00,43653.80000000001,43434.26
2023-12-08 12:00:00,43743.8,43467.82
2023-12-08 13:00:00,43571.8,43558.742
2023-12-08 14:00:00,43963.0,43649.98
2023-12-08 15:00:00,43760.90000000001,43741.73
2023-12-08 16:00:00,43824.5,43836.684
2023-12-08 17:00:00,43735.80000000001,43911.395
2023-12-08 18:00:00,43810.00000000001,43951.44
2023-12-08 19:00:00,43945.1,43974.957
2023-12-08 20:00:00,44364.00000000001,44001.027
2023-12-08 21:00:00,44527.3,44059.97
2023-12-08 22:00:00,44260.50000000001,44171.77
2023-12-08 23:00:00,44171.0,44330.754
2023-12-09 00:00:00,44177.00000000001,44420.387
2023-12-09 01:00:00,44118.700000000004,44445.324
2023-12-09 02:00:00,44120.00000000001,44422.895
2023-12-09 03:00:00,44139.40000000001,44394.145
2023-12-09 04:00:00,44232.0,44371.773
2023-12-09 05:00:00,44275.00000000001,44365.508
2023-12-09 06:00:00,44200.00000000001,44378.945
2023-12-09 07:00:00,44180.200000000004,44398.516
2023-12-09 08:00:00,43834.4,44397.676
2023-12-09 09:00:00,43842.00000000001,44329.242
2023-12-09 10:00:00,43835.1,44253.02
2023-12-09 11:00:00,43817.40000000001,44187.605
2023-12-09 12:00:00,43900.0,44127.027
2023-12-09 13:00:00,43996.3,44083.535
2023-12-09 14:00:00,43935.600000000006,44075.86
2023-12-09 15:00:00,44045.100000000006,44078.926
2023-12-09 16:00:00,44008.6,44104.945
2023-12-09 17:00:00,43891.50000000001,44138.77
2023-12-09 18:00:00,43964.90000000001,44155.168
2023-12-09 19:00:00,43924.40000000001,44156.26
2023-12-09 20:00:00,43979.8,44151.773
2023-12-09 21:00:00,43971.1,44141.855
2023-12-09 22:00:00,43900.100000000006,44138.773
2023-12-09 23:00:00,43713.6,44141.16
2023-12-10 00:00:00,43772.00000000001,44082.164
2023-12-10 01:00:00,43793.90000000001,44041.562
2023-12-10 02:00:00,43744.700000000004,44014.84
2023-12-10 03:00:00,43845.3,43992.26
2023-12-10 04:00:00,43937.0,43985.15
2023-12-10 05:00:00,43884.4,44001.3
2023-12-10 06:00:00,43911.100000000006,44028.156
2023-12-10 07:00:00,43966.40000000001,44053.035
2023-12-10 08:00:00,43775.5,44069.82
2023-12-10 09:00:00,43606.8,44069.285
2023-12-10 10:00:00,43700.00000000001,44031.438
2023-12-10 11:00:00,43738.0,43980.707
2023-12-10 12:00:00,43884.00000000001,43945.305
2023-12-10 13:00:00,43834.600000000006,43941.492
2023-12-10 14:00:00,43832.2,43958.9
2023-12-10 15:00:00,43903.700000000004,43977.188
2023-12-10 16:00:00,43828.90000000001,44002.926
2023-12-10 17:00:00,43821.1,44023.457
2023-12-10 18:00:00,43828.8,44030.383
2023-12-10 19:00:00,43797.100000000006,44029.9
2023-12-10 20:00:00,43960.0,44020.68
2023-12-10 21:00:00,43801.1,44023.527
2023-12-10 22:00:00,43783.50000000001,44026.16
2023-12-10 23:00:00,43789.5,44032.066
2023-12-11 00:00:00,43630.40000000001,43999.957
2023-12-11 01:00:00,43222.50000000001,43973.586
2023-12-11 02:00:00,41953.00000000001,43855.785
2023-12-11 03:00:00,42309.6,43423.598
2023-12-11 04:00:00,42164.00000000001,43098.613
2023-12-11 05:00:00,42053.4,42838.84
2023-12-11 06:00:00,42130.0,42613.207
2023-12-11 07:00:00,42132.5,42452.664
2023-12-11 08:00:00,42243.00000000001,42356.99
2023-12-11 09:00:00,42380.0,42334.637
2023-12-11 10:00:00,42381.2,42356.934
2023-12-11 11:00:00,42344.00000000001,42419.36
2023-12-11 12:00:00,42210.50000000001,42466.59
2023-12-11 13:00:00,42004.0,42471.016
2023-12-11 14:00:00,41850.0,42417.24
2023-12-11 15:00:00,41803.4,42309.23
2023-12-11 16:00:00,41794.3,42207.016
2023-12-11 17:00:00,41347.8,42068.89
2023-12-11 18:00:00,41050.4,41953.086
2023-12-11 19:00:00,40780.00000000001,41716.387
2023-12-11 20:00:00,40858.0,41479.523
2023-12-11 21:00:00,41202.9,41311.23
2023-12-11 22:00:00,41286.30000000001,41235.062
2023-12-11 23:00:00,41253.40000000001,41265.8
2023-12-12 00:00:00,41718.0,41318.73
2023-12-12 01:00:00,41681.100000000006,41392.797
2023-12-12 02:00:00,41862.00000000001,41526.777
2023-12-12 03:00:00,41735.30000000001,41669.5
2023-12-12 04:00:00,41385.4,41784.98
2023-12-12 05:00:00,41566.00000000001,41816.168
2023-12-12 06:00:00,41695.0,41797.12
2023-12-12 07:00:00,41916.3,41765.812
2023-12-12 08:00:00,42036.9,41781.984
2023-12-12 09:00:00,41804.6,41867.742
2023-12-12 10:00:00,41809.40000000001,41961.473
2023-12-12 11:00:00,41584.6,42011.867
2023-12-12 12:00:00,41850.0,42000.62
2023-12-12 13:00:00,41810.8,41972.41
2023-12-12 14:00:00,41474.90000000001,41956.414
2023-12-12 15:00:00,41348.00000000001,41911.8
2023-12-12 16:00:00,41343.100000000006,41824.34
2023-12-12 17:00:00,40703.00000000001,41721.188
2023-12-12 18:00:00,41305.4,41560.57
2023-12-12 19:00:00,41138.00000000001,41439.613
2023-12-12 20:00:00,41229.6,41386.3
2023-12-12 21:00:00,41104.0,41370.625
2023-12-12 22:00:00,41230.200000000004,41366.145
2023-12-12 23:00:00,41492.4,41364.344
2023-12-13 00:00:00,41411.40000000001,41391.93
2023-12-13 01:00:00,41022.0,41446.277
2023-12-13 02:00:00,41001.9,41439.21
2023-12-13 03:00:00,40829.40000000001,41361.836
2023-12-13 04:00:00,40901.00000000001,41279.03
2023-12-13 05:00:00,41019.700000000004,41185.133
2023-12-13 06:00:00,40866.00000000001,41139.984
2023-12-13 07:00:00,41115.30000000001,41115.95
2023-12-13 08:00:00,41267.9,41120.312
2023-12-13 09:00:00,41219.4,41177.258
2023-12-13 10:00:00,41143.30000000001,41244.562
2023-12-13 11:00:00,41004.7,41296.164
2023-12-13 12:00:00,41209.30000000001,41304.242
2023-12-13 13:00:00,41466.0,41295.004
2023-12-13 14:00:00,41432.00000000001,41325.777
2023-12-13 15:00:00,41939.2,41393.65
2023-12-13 16:00:00,41870.0,41492.133
2023-12-13 17:00:00,42118.600000000006,41658.55
2023-12-13 18:00:00,42127.40000000001,41847.766
2023-12-13 19:00:00,42734.00000000001,42016.844
2023-12-13 20:00:00,42874.90000000001,42173.13
2023-12-13 21:00:00,42988.50000000001,42400.254
2023-12-13 22:00:00,42962.4,42641.535
2023-12-13 23:00:00,42869.0,42845.535
2023-12-14 00:00:00,42788.90000000001,43000.918
2023-12-14 01:00:00,42844.700000000004,43057.016
2023-12-14 02:00:00,42766.0,43065.547
2023-12-14 03:00:00,42713.90000000001,43041.793
2023-12-14 04:00:00,42710.4,43010.082
2023-12-14 05:00:00,42808.50000000001,42980.996
2023-12-14 06:00:00,42906.0,42965.633
2023-12-14 07:00:00,42899.0,42977.793
2023-12-14 08:00:00,42761.80000000001,43009.824
2023-12-14 09:00:00,42892.0,43032.27
2023-12-14 10:00:00,42958.2,43038.77
2023-12-14 11:00:00,43267.1,43047.977
2023-12-14 12:00:00,43095.600000000006,43080.516
2023-12-14 13:00:00,42570.100000000006,43157.48
2023-12-14 14:00:00,42655.3,43040.676
2023-12-14 15:00:00,42448.30000000001,42977.723
2023-12-14 16:00:00,42597.80000000001,42897.098
2023-12-14 17:00:00,43202.200000000004,42841.023
2023-12-14 18:00:00,42855.30000000001,42852.16
2023-12-14 19:00:00,43094.1,42947.703
2023-12-14 20:00:00,42920.80000000001,43046.62
2023-12-14 21:00:00,42974.9,43113.75
2023-12-14 22:00:00,43071.00000000001,43145.617
2023-12-14 23:00:00,43022.3,43161.844
2023-12-15 00:00:00,42889.00000000001,43170.953
2023-12-15 01:00:00,42974.9,43169.164
2023-12-15 02:00:00,42876.7,43164.465
2023-12-15 03:00:00,42795.90000000001,43149.383
2023-12-15 04:00:00,42805.700000000004,43091.61
2023-12-15 05:00:00,42592.6,43047.742
2023-12-15 06:00:00,42564.6,42995.004
2023-12-15 07:00:00,42700.0,42934.754
2023-12-15 08:00:00,42870.6,42882.684
2023-12-15 09:00:00,42834.90000000001,42870.895
2023-12-15 10:00:00,42847.1,42903.62
2023-12-15 11:00:00,42776.00000000001,42949.86
2023-12-15 12:00:00,42605.100000000006,42979.57
2023-12-15 13:00:00,42288.00000000001,42963.215
2023-12-15 14:00:00,42181.1,42856.086
2023-12-15 15:00:00,41909.6,42718.383
2023-12-15 16:00:00,41798.200000000004,42538.027
2023-12-15 17:00:00,41855.100000000006,42387.727
2023-12-15 18:00:00,42114.4,42265.918
2023-12-15 19:00:00,42096.1,42209.96
2023-12-15 20:00:00,42220.00000000001,42195.25
2023-12-15 21:00:00,42238.0,42230.113
2023-12-15 22:00:00,42061.1,42279.707
2023-12-15 23:00:00,41940.30000000001,42302.17
2023-12-16 00:00:00,41908.4,42281.996
2023-12-16 01:00:00,42066.00000000001,42219.9
2023-12-16 02:00:00,42148.9,42187.297
2023-12-16 03:00:00,42333.80000000001,42197.86
2023-12-16 04:00:00,42286.0,42243.586
2023-12-16 05:00:00,42266.100000000006,42319.62
2023-12-16 06:00:00,42205.100000000006,42380.69
2023-12-16 07:00:00,42222.700000000004,42407.742
2023-12-16 08:00:00,42179.100000000006,42415.766
2023-12-16 09:00:00,42209.5,42400.37
2023-12-16 10:00:00,42261.100000000006,42388.926
2023-12-16 11:00:00,42332.00000000001,42395.45
2023-12-16 12:00:00,42419.00000000001,42413.844
2023-12-16 13:00:00,42396.1,42445.242
2023-12-16 14:00:00,42361.600000000006,42479.188
2023-12-16 15:00:00,42604.0,42523.426
2023-12-16 16:00:00,42590.1,42563.297
2023-12-16 17:00:00,42506.9,42614.004
2023-12-16 18:00:00,42466.0,42663.64
2023-12-16 19:00:00,42351.700000000004,42664.723
2023-12-16 20:00:00,42333.9,42651.535
2023-12-16 21:00:00,42295.00000000001,42627.52
2023-12-16 22:00:00,42311.3,42594.664
2023-12-16 23:00:00,42278.00000000001,42549.645
2023-12-17 00:00:00,42145.8,42517.33
2023-12-17 01:00:00,42006.100000000006,42482.85
2023-12-17 02:00:00,41874.00000000001,42418.83
2023-12-17 03:00:00,41925.6,42342.27
2023-12-17 04:00:00,42000.00000000001,42264.53
2023-12-17 05:00:00,41902.700000000004,42211.65
2023-12-17 06:00:00,41997.50000000001,42165.68
2023-12-17 07:00:00,41886.80000000001,42141.074
2023-12-17 08:00:00,41894.30000000001,42127.746
2023-12-17 09:00:00,41984.3,42095.418
2023-12-17 10:00:00,41946.50000000001,42089.527
2023-12-17 11:00:00,41960.100000000006,42095.605
2023-12-17 12:00:00,41949.200000000004,42106.754
2023-12-17 13:00:00,41862.90000000001,42112.465
2023-12-17 14:00:00,41624.00000000001,42103.1
2023-12-17 15:00:00,41811.40000000001,42050.41
2023-12-17 16:00:00,42111.200000000004,42004.777
2023-12-17 17:00:00,42091.4,42000.273
2023-12-17 18:00:00,42173.2,42044.926
2023-12-17 19:00:00,42105.90000000001,42124.418
2023-12-17 20:00:00,42122.80000000001,42213.23
2023-12-17 21:00:00,41938.0,42273.746
2023-12-17 22:00:00,41717.90000000001,42279.94
2023-12-17 23:00:00,41374.6,42214.6
2023-12-18 00:00:00,41367.90000000001,42054.496
2023-12-18 01:00:00,40982.0,41883.785
2023-12-18 02:00:00,40900.600000000006,41697.992
2023-12-18 03:00:00,41090.9,41518.63
2023-12-18 04:00:00,41187.5,41385.566
2023-12-18 05:00:00,41004.2,41326.375
2023-12-18 06:00:00,41210.50000000001,41292.09
2023-12-18 07:00:00,41126.00000000001,41287.242
2023-12-18 08:00:00,41196.2,41299.566
2023-12-18 09:00:00,41047.5,41307.008
2023-12-18 10:00:00,40823.5,41274.3
2023-12-18 11:00:00,41105.1,41199.402
2023-12-18 12:00:00,40905.30000000001,41165.676
2023-12-18 13:00:00,41356.200000000004,41162.453
2023-12-18 14:00:00,41605.3,41186.266
2023-12-18 15:00:00,41266.00000000001,41283.1
2023-12-18 16:00:00,41496.0,41394.113
2023-12-18 17:00:00,41385.00000000001,41484.55
2023-12-18 18:00:00,41643.40000000001,41551.848
2023-12-18 19:00:00,41701.1,41608.67
2023-12-18 20:00:00,41971.100000000006,41671.46
2023-12-18 21:00:00,42620.00000000001,41753.28
2023-12-18 22:00:00,42511.100000000006,41907.016
2023-12-18 23:00:00,42657.8,42158.203
2023-12-19 00:00:00,42714.0,42396.54
2023-12-19 01:00:00,43315.0,42583.746
2023-12-19 02:00:00,43076.700000000004,42760.176
2023-12-19 03:00:00,43082.2,42960.707
2023-12-19 04:00:00,42921.50000000001,43116.26
2023-12-19 05:00:00,42958.8,43186.6
2023-12-19 06:00:00,42907.1,43202.547
2023-12-19 07:00:00,43036.200000000004,43183.957
2023-12-19 08:00:00,43088.1,43164.766
2023-12-19 09:00:00,43037.100000000006,43173.746
2023-12-19 10:00:00,43129.50000000001,43202.137
2023-12-19 11:00:00,42976.100000000006,43228.883
2023-12-19 12:00:00,42946.0,43238.42
2023-12-19 13:00:00,42861.80000000001,43232.523
2023-12-19 14:00:00,42367.00000000001,43205.31
2023-12-19 15:00:00,42486.90000000001,43077.67
2023-12-19 16:00:00,42337.80000000001,42948.133
2023-12-19 17:00:00,41854.100000000006,42838.523
2023-12-19 18:00:00,42216.40000000001,42662.203
2023-12-19 19:00:00,42342.00000000001,42519.086
2023-12-19 20:00:00,42228.100000000006,42455.105
2023-12-19 21:00:00,42518.0,42439.598
2023-12-19 22:00:00,42333.600000000006,42467.19
2023-12-19 23:00:00,42276.00000000001,42504.598
2023-12-20 00:00:00,42423.50000000001,42515.613
2023-12-20 01:00:00,42308.600000000006,42517.242
2023-12-20 02:00:00,42428.00000000001,42518.027
2023-12-20 03:00:00,42419.80000000001,42518.3
2023-12-20 04:00:00,42813.0,42532.56
2023-12-20 05:00:00,42709.200000000004,42579.938
2023-12-20 06:00:00,42875.600000000006,42672.42
2023-12-20 07:00:00,42924.200000000004,42767.496
2023-12-20 08:00:00,42777.0,42876.0
2023-12-20 09:00:00,42788.40000000001,42950.84
2023-12-20 10:00:00,42870.700000000004,42989.316
2023-12-20 11:00:00,42864.4,42997.785
2023-12-20 12:00:00,42979.6,43005.695
2023-12-20 13:00:00,43769.4,43023.816
2023-12-20 14:00:00,43867.100000000006,43076.17
2023-12-20 15:00:00,44027.2,43262.23
2023-12-20 16:00:00,43691.5,43558.277
2023-12-20 17:00:00,43996.8,43793.46
2023-12-20 18:00:00,44144.5,43935.406
2023-12-20 19:00:00,43738.0,44044.176
2023-12-20 20:00:00,43441.80000000001,44098.723
2023-12-20 21:00:00,43457.40000000001,44029.098
2023-12-20 22:00:00,43611.6,43943.99
2023-12-20 23:00:00,43668.9,43875.83
2023-12-21 00:00:00,43581.700000000004,43834.207
2023-12-21 01:00:00,43459.00000000001,43812.547
2023-12-21 02:00:00,43389.90000000001,43782.465
2023-12-21 03:00:00,43649.40000000001,43741.133
2023-12-21 04:00:00,43627.40000000001,43719.535
2023-12-21 05:00:00,43511.1,43734.992
2023-12-21 06:00:00,43808.0,43750.12
2023-12-21 07:00:00,43764.50000000001,43772.14
2023-12-21 08:00:00,43678.6,43811.56
2023-12-21 09:00:00,43746.50000000001,43849.46
2023-12-21 10:00:00,43982.3,43869.586
2023-12-21 11:00:00,43931.6,43907.414
2023-12-21 12:00:00,44046.40000000001,43970.83
2023-12-21 13:00:00,44147.600000000006,44045.625
2023-12-21 14:00:00,43519.7,44124.457
2023-12-21 15:00:00,43824.00000000001,44110.2
2023-12-21 16:00:00,43668.30000000001,44056.734
2023-12-21 17:00:00,43449.100000000006,44010.055
2023-12-21 18:00:00,43581.1,43931.383
2023-12-21 19:00:00,43588.80000000001,43865.105
2023-12-21 20:00:00,43796.80000000001,43819.973
2023-12-21 21:00:00,43994.90000000001,43819.246
2023-12-21 22:00:00,43949.4,43869.97
2023-12-21 23:00:00,43861.80000000001,43957.777
2023-12-22 00:00:00,43828.90000000001,44020.16
2023-12-22 01:00:00,44112.0,44045.023
2023-12-22 02:00:00,43966.1,44057.395
2023-12-22 03:00:00,44008.00000000001,44098.81
2023-12-22 04:00:00,44103.9,44135.59
2023-12-22 05:00:00,44138.0,44169.18
2023-12-22 06:00:00,43874.9,44208.5
2023-12-22 07:00:00,43584.4,44208.297
2023-12-22 08:00:00,43610.0,44144.793
2023-12-22 09:00:00,43742.00000000001,44064.617
2023-12-22 10:00:00,43701.0,43975.875
2023-12-22 11:00:00,43753.90000000001,43941.01
2023-12-22 12:00:00,43567.9,43928.26
2023-12-22 13:00:00,43694.0,43902.094
2023-12-22 14:00:00,43636.4,43880.574
2023-12-22 15:00:00,43671.100000000006,43849.305
2023-12-22 16:00:00,43554.4,43836.73
2023-12-22 17:00:00,43686.9,43824.242
2023-12-22 18:00:00,43950.00000000001,43818.902
2023-12-22 19:00:00,43640.80000000001,43840.703
2023-12-22 20:00:00,43645.2,43879.35
2023-12-22 21:00:00,43706.2,43890.754
2023-12-22 22:00:00,43800.00000000001,43896.68
2023-12-22 23:00:00,43969.00000000001,43906.97
2023-12-23 00:00:00,43813.9,43935.09
2023-12-23 01:00:00,43638.50000000001,43976.07
2023-12-23 02:00:00,43490.9,43986.457
2023-12-23 03:00:00,43526.4,43937.02
2023-12-23 04:00:00,43504.0,43871.45
2023-12-23 05:00:00,43606.00000000001,43792.508
2023-12-23 06:00:00,43632.80000000001,43758.22
2023-12-23 07:00:00,43562.3,43755.027
2023-12-23 08:00:00,43620.40000000001,43764.7
2023-12-23 09:00:00,43627.90000000001,43773.715
2023-12-23 10:00:00,43583.40000000001,43779.75
2023-12-23 11:00:00,43547.8,43785.887
2023-12-23 12:00:00,43704.90000000001,43778.77
2023-12-23 13:00:00,43710.0,43782.023
2023-12-23 14:00:00,43784.3,43804.086
2023-12-23 15:00:00,43756.200000000004,43838.82
2023-12-23 16:00:00,43789.30000000001,43876.414
2023-12-23 17:00:00,43746.90000000001,43911.332
2023-12-23 18:00:00,43787.7,43934.34
2023-12-23 19:00:00,43703.80000000001,43946.24
2023-12-23 20:00:00,43711.3,43947.453
2023-12-23 21:00:00,43772.6,43935.85
2023-12-23 22:00:00,43745.9,43927.887
2023-12-23 23:00:00,43702.2,43928.07
2023-12-24 00:00:00,43716.700000000004,43923.83
2023-12-24 01:00:00,43782.00000000001,43914.875
2023-12-24 02:00:00,43856.90000000001,43920.56
2023-12-24 03:00:00,43834.5,43943.348
2023-12-24 04:00:00,43794.80000000001,43972.934
2023-12-24 05:00:00,43490.0,43991.15
2023-12-24 06:00:00,43555.40000000001,43943.57
2023-12-24 07:00:00,43651.200000000004,43884.445
2023-12-24 08:00:00,43623.9,43843.23
2023-12-24 09:00:00,43685.3,43821.516
2023-12-24 10:00:00,43594.6,43817.13
2023-12-24 11:00:00,43634.2,43801.613
2023-12-24 12:00:00,43646.40000000001,43802.348
2023-12-24 13:00:00,43756.40000000001,43805.48
2023-12-24 14:00:00,43726.1,43822.14
2023-12-24 15:00:00,43680.2,43844.54
2023-12-24 16:00:00,43663.1,43871.098
2023-12-24 17:00:00,43627.6,43874.94
2023-12-24 18:00:00,43659.600000000006,43867.75
2023-12-24 19:00:00,43618.1,43856.316
2023-12-24 20:00:00,43499.200000000004,43844.5
2023-12-24 21:00:00,43489.50000000001,43807.81
2023-12-24 22:00:00,42977.3,43768.71
2023-12-24 23:00:00,42991.50000000001,43613.977
2023-12-25 00:00:00,42921.700000000004,43498.984
2023-12-25 01:00:00,43047.90000000001,43380.67
2023-12-25 02:00:00,43063.600000000006,43302.953
2023-12-25 03:00:00,43152.8,43258.414
2023-12-25 04:00:00,43104.5,43250.8
2023-12-25 05:00:00,43238.0,43263.625
2023-12-25 06:00:00,43239.90000000001,43290.996
2023-12-25 07:00:00,43208.100000000006,43327.87
2023-12-25 08:00:00,43114.600000000006,43358.527
2023-12-25 09:00:00,43150.700000000004,43362.62
2023-12-25 10:00:00,43174.90000000001,43353.383
2023-12-25 11:00:00,43171.100000000006,43346.516
2023-12-25 12:00:00,43648.00000000001,43337.93
2023-12-25 13:00:00,43666.0,43373.36
2023-12-25 14:00:00,43674.1,43471.297
2023-12-25 15:00:00,43618.00000000001,43599.914
2023-12-25 16:00:00,43501.700000000004,43704.223
2023-12-25 17:00:00,43554.2,43750.66
2023-12-25 18:00:00,43449.8,43765.83
2023-12-25 19:00:00,43474.200000000004,43750.793
2023-12-25 20:00:00,43418.0,43714.35
2023-12-25 21:00:00,43523.4,43677.47
2023-12-25 22:00:00,43680.100000000006,43657.15
2023-12-25 23:00:00,43576.1,43678.51
2023-12-26 00:00:00,43446.9,43716.855
2023-12-26 01:00:00,43503.2,43733.1
2023-12-26 02:00:00,43407.6,43724.348
2023-12-26 03:00:00,43451.50000000001,43705.285
2023-12-26 04:00:00,43450.00000000001,43676.984
2023-12-26 05:00:00,42764.90000000001,43653.906
2023-12-26 06:00:00,42690.5,43519.062
2023-12-26 07:00:00,42774.1,43352.22
2023-12-26 08:00:00,42706.40000000001,43210.855
2023-12-26 09:00:00,42408.9,43093.38
2023-12-26 10:00:00,42644.9,42946.31
2023-12-26 11:00:00,42685.6,42844.188
2023-12-26 12:00:00,42766.9,42821.727
2023-12-26 13:00:00,42714.7,42839.926
2023-12-26 14:00:00,42600.0,42860.223
2023-12-26 15:00:00,42391.5,42864.86
2023-12-26 16:00:00,42319.40000000001,42817.246
2023-12-26 17:00:00,42010.00000000001,42714.39
2023-12-26 18:00:00,42163.50000000001,42551.5
2023-12-26 19:00:00,42109.100000000006,42440.168
2023-12-26 20:00:00,42135.100000000006,42385.918
2023-12-26 21:00:00,42338.5,42364.016
2023-12-26 22:00:00,42470.00000000001,42369.65
2023-12-26 23:00:00,42508.9,42416.484
2023-12-27 00:00:00,42353.8,42486.543
2023-12-27 01:00:00,42458.00000000001,42542.844
2023-12-27 02:00:00,42216.0,42570.035
2023-12-27 03:00:00,42234.700000000004,42560.406
2023-12-27 04:00:00,42300.00000000001,42523.902
2023-12-27 05:00:00,42454.3,42492.73
2023-12-27 06:00:00,42426.00000000001,42487.734
2023-12-27 07:00:00,42455.8,42512.598
2023-12-27 08:00:00,42714.0,42552.285
2023-12-27 09:00:00,42732.40000000001,42604.06
2023-12-27 10:00:00,43195.6,42685.19
2023-12-27 11:00:00,43019.100000000006,42788.207
2023-12-27 12:00:00,42913.600000000006,42923.54
2023-12-27 13:00:00,42912.90000000001,43030.223
2023-12-27 14:00:00,42912.90000000001,43076.77
2023-12-27 15:00:00,42980.6,43088.227
2023-12-27 16:00:00,43082.3,43099.266
2023-12-27 17:00:00,43022.00000000001,43122.65
2023-12-27 18:00:00,43184.0,43159.953
2023-12-27 19:00:00,43154.30000000001,43204.504
2023-12-27 20:00:00,43445.3,43246.773
2023-12-27 21:00:00,43366.200000000004,43298.625
2023-12-27 22:00:00,43323.8,43381.78
2023-12-27 23:00:00,43428.90000000001,43452.68
2023-12-28 00:00:00,43566.50000000001,43510.945
2023-12-28 01:00:00,43426.00000000001,43554.832
2023-12-28 02:00:00,43358.3,43618.188
2023-12-28 03:00:00,43408.40000000001,43641.07
2023-12-28 04:00:00,43314.00000000001,43635.316
2023-12-28 05:00:00,43222.0,43615.402
2023-12-28 06:00:00,43032.0,43569.99
2023-12-28 07:00:00,43049.2,43498.23
2023-12-28 08:00:00,42931.1,43391.81
2023-12-28 09:00:00,43045.1,43313.055
2023-12-28 10:00:00,43101.700000000004,43256.246
2023-12-28 11:00:00,43060.0,43244.008
2023-12-28 12:00:00,42786.200000000004,43246.688
2023-12-28 13:00:00,42792.90000000001,43218.09
2023-12-28 14:00:00,42664.00000000001,43146.242
2023-12-28 15:00:00,42446.0,43040.87
2023-12-28 16:00:00,42456.1,42937.152
2023-12-28 17:00:00,42539.600000000006,42834.105
2023-12-28 18:00:00,42480.00000000001,42772.43
2023-12-28 19:00:00,42610.6,42738.65
2023-12-28 20:00:00,42506.40000000001,42733.77
2023-12-28 21:00:00,42454.00000000001,42726.98
2023-12-28 22:00:00,42626.100000000006,42709.996
2023-12-28 23:00:00,42563.8,42703.67
2023-12-29 00:00:00,42407.1,42708.58
2023-12-29 01:00:00,42332.00000000001,42702.457
2023-12-29 02:00:00,42574.7,42645.78
2023-12-29 03:00:00,42697.40000000001,42628.78
2023-12-29 04:00:00,42662.00000000001,42660.9
2023-12-29 05:00:00,42677.7,42723.83
2023-12-29 06:00:00,42531.1,42771.766
2023-12-29 07:00:00,42273.30000000001,42792.32
2023-12-29 08:00:00,42472.90000000001,42729.047
2023-12-29 09:00:00,42655.90000000001,42679.47
2023-12-29 10:00:00,42686.0,42670.098
2023-12-29 11:00:00,42862.0,42710.05
2023-12-29 12:00:00,42825.50000000001,42778.766
2023-12-29 13:00:00,42825.2,42861.57
2023-12-29 14:00:00,43021.90000000001,42923.098
2023-12-29 15:00:00,42271.100000000006,42976.652
2023-12-29 16:00:00,41971.200000000004,42924.812
2023-12-29 17:00:00,41806.40000000001,42769.4
2023-12-29 18:00:00,42054.50000000001,42560.547
2023-12-29 19:00:00,42116.5,42402.62
2023-12-29 20:00:00,42027.0,42319.55
2023-12-29 21:00:00,41936.200000000004,42277.88
2023-12-29 22:00:00,41761.0,42245.414
2023-12-29 23:00:00,42066.90000000001,42157.47
2023-12-30 00:00:00,42094.6,42120.668
2023-12-30 01:00:00,42165.9,42140.023
2023-12-30 02:00:00,41905.80000000001,42187.965
2023-12-30 03:00:00,41972.8,42212.594
2023-12-30 04:00:00,41990.0,42203.332
2023-12-30 05:00:00,42104.0,42187.984
2023-12-30 06:00:00,42050.40000000001,42186.258
2023-12-30 07:00:00,41947.200000000004,42200.266
2023-12-30 08:00:00,41575.90000000001,42204.7
2023-12-30 09:00:00,41691.100000000006,42141.832
2023-12-30 10:00:00,41807.1,42049.77
2023-12-30 11:00:00,41894.0,41986.496
2023-12-30 12:00:00,41990.30000000001,41974.64
2023-12-30 13:00:00,42029.40000000001,42007.277
2023-12-30 14:00:00,42244.1,42059.71
2023-12-30 15:00:00,42375.0,42131.5
2023-12-30 16:00:00,42407.00000000001,42231.035
2023-12-30 17:00:00,42489.00000000001,42339.387
2023-12-30 18:00:00,42411.100000000006,42439.242
2023-12-30 19:00:00,42361.1,42524.535
2023-12-30 20:00:00,42283.90000000001,42567.773
2023-12-30 21:00:00,42305.1,42565.945
2023-12-30 22:00:00,42132.7,42541.55
2023-12-30 23:00:00,42140.3,42500.62
2023-12-31 00:00:00,42367.90000000001,42454.504
2024-01-01 00:00:00,42475.200000000004,42433.234
2024-01-01 01:00:00,42613.6,42451.973
2024-01-01 02:00:00,42581.100000000006,42524.387
2024-01-01 03:00:00,42330.5,42612.855
2024-01-01 04:00:00,42400.00000000001,42651.625
2024-01-01 05:00:00,42234.00000000001,42640.24
2024-01-01 06:00:00,42396.700000000004,42597.316
2024-01-01 07:00:00,42492.5,42559.75
2024-01-01 08:00:00,42550.00000000001,42555.34
2024-01-01 09:00:00,42649.7,42587.324
2024-01-01 10:00:00,42691.100000000006,42639.83
2024-01-01 11:00:00,42690.200000000004,42707.496
2024-01-01 12:00:00,42648.40000000001,42769.64
2024-01-01 13:00:00,42715.50000000001,42813.297
2024-01-01 14:00:00,42612.2,42843.44
2024-01-01 15:00:00,42783.100000000006,42849.027
2024-01-01 16:00:00,42725.1,42855.6
2024-01-01 17:00:00,42812.700000000004,42872.61
2024-01-01 18:00:00,43111.1,42900.086
2024-01-01 19:00:00,43518.0,42947.04
2024-01-01 20:00:00,43687.9,43077.824
2024-01-01 21:00:00,43619.200000000004,43265.848
2024-01-01 22:00:00,43529.90000000001,43474.44
2024-01-01 23:00:00,44179.6,43619.523
2024-01-02 00:00:00,45056.00000000001,43724.52
2024-01-02 01:00:00,44856.0,43919.54
2024-01-02 02:00:00,45379.0,44265.434
2024-01-02 03:00:00,45402.40000000001,44642.035
2024-01-02 04:00:00,45179.8,44971.707
2024-01-02 05:00:00,45179.50000000001,45204.504
2024-01-02 06:00:00,45168.80000000001,45332.625
2024-01-02 07:00:00,45455.50000000001,45383.223
2024-01-02 08:00:00,45759.3,45401.156
2024-01-02 09:00:00,45673.5,45470.375
2024-01-02 10:00:00,45585.0,45601.402
2024-01-02 11:00:00,45434.00000000001,45700.33
2024-01-02 12:00:00,45302.0,45728.805
2024-01-02 13:00:00,45637.90000000001,45712.434
2024-01-02 14:00:00,45258.7,45691.39
2024-01-02 15:00:00,45184.799999999996,45626.652
2024-01-02 16:00:00,45357.80000000001,45544.438
2024-01-02 17:00:00,44966.100000000006,45495.168
2024-01-02 18:00:00,45154.700000000004,45453.406
2024-01-02 19:00:00,45039.50000000001,45418.11
2024-01-02 20:00:00,44788.30000000001,45361.023
2024-01-02 21:00:00,45119.700000000004,45294.53
2024-01-02 22:00:00,44981.700000000004,45228.004
2024-01-02 23:00:00,44946.9,45203.46
2024-01-03 00:00:00,45135.6,45189.637
2024-01-03 01:00:00,45317.6,45187.316
2024-01-03 02:00:00,45274.600000000006,45229.1
2024-01-03 03:00:00,45262.7,45291.19
2024-01-03 04:00:00,45183.4,45354.23
2024-01-03 05:00:00,45172.100000000006,45384.684
2024-01-03 06:00:00,45326.90000000001,45390.414
2024-01-03 07:00:00,45011.8,45391.605
2024-01-03 08:00:00,45200.00000000001,45371.61
2024-01-03 09:00:00,45344.7,45351.035
2024-01-03 10:00:00,45151.90000000001,45358.29
2024-01-03 11:00:00,43702.90000000001,45373.605
2024-01-03 12:00:00,42789.4,45142.758
2024-01-03 13:00:00,42529.40000000001,44446.605
2024-01-03 14:00:00,42180.00000000001,43964.473
2024-01-03 15:00:00,43000.0,43509.94
2024-01-03 16:00:00,42992.700000000004,43194.617
2024-01-03 17:00:00,42906.0,43061.895
2024-01-03 18:00:00,42255.700000000004,43076.305
2024-01-03 19:00:00,42596.700000000004,43026.457
2024-01-03 20:00:00,42721.0,42932.953
2024-01-03 21:00:00,42917.600000000006,42879.11
2024-01-03 22:00:00,42749.700000000004,42869.5
2024-01-03 23:00:00,42845.200000000004,42883.484
2024-01-04 00:00:00,42874.00000000001,42899.87
2024-01-04 01:00:00,42708.00000000001,42920.273
2024-01-04 02:00:00,43138.50000000001,42934.008
2024-01-04 03:00:00,43102.80000000001,42975.742
2024-01-04 04:00:00,43150.00000000001,43048.445
2024-01-04 05:00:00,43183.700000000004,43127.418
2024-01-04 06:00:00,43155.50000000001,43203.266
2024-01-04 07:00:00,42763.1,43259.395
2024-01-04 08:00:00,42849.700000000004,43241.11
2024-01-04 09:00:00,43007.7,43191.05
2024-01-04 10:00:00,43073.3,43155.055
2024-01-04 11:00:00,43176.3,43124.605
2024-01-04 12:00:00,43378.100000000006,43154.195
2024-01-04 13:00:00,43346.7,43219.652
2024-01-04 14:00:00,43676.100000000006,43316.723
2024-01-04 15:00:00,44051.1,43421.055
2024-01-04 16:00:00,43915.700000000004,43559.1
2024-01-04 17:00:00,43990.00000000001,43753.832
2024-01-04 18:00:00,44049.0,43922.535
2024-01-04 19:00:00,43956.50000000001,44055.44
2024-01-04 20:00:00,44113.7,44130.484
2024-01-04 21:00:00,44430.9,44190.08
2024-01-04 22:00:00,44318.0,44272.85
2024-01-04 23:00:00,44151.1,44365.02
2024-01-05 00:00:00,44211.100000000006,44426.72
2024-01-05 01:00:00,43376.0,44425.3
2024-01-05 02:00:00,43506.00000000001,44244.652
2024-01-05 03:00:00,43465.2,44084.098
2024-01-05 04:00:00,43589.90000000001,43964.336
2024-01-05 05:00:00,43644.1,43859.73
2024-01-05 06:00:00,43844.8,43819.49
2024-01-05 07:00:00,43777.5,43831.76
2024-01-05 08:00:00,43911.4,43873.523
2024-01-05 09:00:00,44147.200000000004,43927.156
2024-01-05 10:00:00,43628.200000000004,43989.008
2024-01-05 11:00:00,43771.30000000001,44025.28
2024-01-05 12:00:00,43882.50000000001,44021.457
2024-01-05 13:00:00,43986.0,44008.953
2024-01-05 14:00:00,43486.0,44014.766
2024-01-05 15:00:00,43500.0,43959.85
2024-01-05 16:00:00,43226.0,43899.04
2024-01-05 17:00:00,43609.5,43807.133
2024-01-05 18:00:00,43610.100000000006,43722.883
2024-01-05 19:00:00,43600.0,43708.043
2024-01-05 20:00:00,43955.1,43730.7
2024-01-05 21:00:00,43946.30000000001,43794.996
2024-01-05 22:00:00,43967.4,43880.637
2024-01-05 23:00:00,44145.100000000006,43968.934
2024-01-06 00:00:00,44068.8,44055.27
2024-01-06 01:00:00,43970.600000000006,44140.926
2024-01-06 02:00:00,43909.30000000001,44184.246
2024-01-06 03:00:00,43931.1,44185.035
2024-01-06 04:00:00,43850.0,44164.88
2024-01-06 05:00:00,43698.700000000004,44139.93
2024-01-06 06:00:00,43454.700000000004,44080.574
2024-01-06 07:00:00,43653.2,43983.91
2024-01-06 08:00:00,43692.3,43903.277
2024-01-06 09:00:00,43651.9,43861.312
2024-01-06 10:00:00,43694.50000000001,43854.086
2024-01-06 11:00:00,43672.00000000001,43857.348
2024-01-06 12:00:00,43608.00000000001,43864.14
2024-01-06 13:00:00,43704.100000000006,43858.42
2024-01-06 14:00:00,43828.2,43851.527
2024-01-06 15:00:00,43867.2,43863.105
2024-01-06 16:00:00,43872.3,43904.57
2024-01-06 17:00:00,43963.7,43953.734
2024-01-06 18:00:00,43995.9,44006.293
2024-01-06 19:00:00,43906.40000000001,44057.832
2024-01-06 20:00:00,43826.40000000001,44092.34
2024-01-06 21:00:00,43889.40000000001,44089.77
2024-01-06 22:00:00,43878.600000000006,44075.668
2024-01-06 23:00:00,43968.3,44062.945
2024-01-07 00:00:00,44119.1,44059.36
2024-01-07 01:00:00,43967.7,44086.793
2024-01-07 02:00:00,43930.30000000001,44138.043
2024-01-07 03:00:00,43940.4,44164.09
2024-01-07 04:00:00,44000.0,44169.953
2024-01-07 05:00:00,43885.5,44167.48
2024-01-07 06:00:00,44022.00000000001,44158.46
2024-01-07 07:00:00,44080.0,44151.594
2024-01-07 08:00:00,44018.00000000001,44165.008
2024-01-07 09:00:00,43938.90000000001,44184.723
2024-01-07 10:00:00,43960.0,44191.62
2024-01-07 11:00:00,44061.100000000006,44184.184
2024-01-07 12:00:00,44088.6,44183.87
2024-01-07 13:00:00,44409.30000000001,44197.543
2024-01-07 14:00:00,44402.0,44230.84
2024-01-07 15:00:00,44047.600000000006,44319.062
2024-01-07 16:00:00,43922.00000000001,44370.453
2024-01-07 17:00:00,44064.8,44362.277
2024-01-07 18:00:00,44106.100000000006,44310.863
2024-01-07 19:00:00,44244.8,44284.945
2024-01-07 20:00:00,44120.00000000001,44288.8
2024-01-07 21:00:00,44231.5,44309.508
2024-01-07 22:00:00,43862.9,44333.016
2024-01-07 23:00:00,43929.00000000001,44307.156
2024-01-08 00:00:00,43632.00000000001,44230.97
2024-01-08 01:00:00,43713.100000000006,44147.496
2024-01-08 02:00:00,43371.100000000006,44069.332
2024-01-08 03:00:00,43518.200000000004,43947.76
2024-01-08 04:00:00,43599.3,43834.066
2024-01-08 05:00:00,43641.700000000004,43776.754
2024-01-08 06:00:00,43912.90000000001,43758.016
2024-01-08 07:00:00,43974.600000000006,43783.742
2024-01-08 08:00:00,43868.50000000001,43883.367
2024-01-08 09:00:00,43720.50000000001,43984.82
2024-01-08 10:00:00,44088.90000000001,44020.63
2024-01-08 11:00:00,44636.0,44041.395
2024-01-08 12:00:00,45111.100000000006,44105.418
2024-01-08 13:00:00,44911.600000000006,44240.594
2024-01-08 14:00:00,44783.9,44525.918
2024-01-08 15:00:00,44963.0,44774.35
2024-01-08 16:00:00,44940.30000000001,44918.188
2024-01-08 17:00:00,45648.0,45025.18
2024-01-08 18:00:00,46970.00000000001,45122.54
2024-01-08 19:00:00,46979.40000000001,45322.215
2024-01-08 20:00:00,46774.00000000001,45777.07
2024-01-08 21:00:00,47071.40000000001,46277.19
2024-01-08 22:00:00,47000.00000000001,46659.812
2024-01-08 23:00:00,46951.00000000001,46911.59
2024-01-09 00:00:00,46668.90000000001,47037.633
2024-01-09 01:00:00,46556.6,47013.0
2024-01-09 02:00:00,46779.80000000001,46961.195
2024-01-09 03:00:00,46927.0,46927.17
2024-01-09 04:00:00,46803.50000000001,46933.29
2024-01-09 05:00:00,46714.7,46963.4
2024-01-09 06:00:00,46788.00000000001,46976.17
2024-01-09 07:00:00,46825.50000000001,46981.156
2024-01-09 08:00:00,46544.6,46981.805
2024-01-09 09:00:00,46492.0,46957.94
2024-01-09 10:00:00,46441.90000000001,46898.46
2024-01-09 11:00:00,46616.0,46826.113
2024-01-09 12:00:00,46166.40000000001,46776.363
2024-01-09 13:00:00,46834.00000000001,46660.51
2024-01-09 14:00:00,46561.1,46609.05
2024-01-09 15:00:00,46868.100000000006,46662.266
2024-01-09 16:00:00,46902.90000000001,46735.168
2024-01-09 17:00:00,46716.0,46840.28
2024-01-09 18:00:00,46640.50000000001,46909.848
2024-01-09 19:00:00,46876.00000000001,46910.3
2024-01-09 20:00:00,46642.50000000001,46913.363
2024-01-09 21:00:00,45439.40000000001,46911.223
2024-01-09 22:00:00,46254.0,46585.883
2024-01-09 23:00:00,46110.00000000001,46476.39
2024-01-10 00:00:00,45856.4,46423.375
2024-01-10 01:00:00,45929.30000000001,46367.63
2024-01-10 02:00:00,45971.100000000006,46295.15
2024-01-10 03:00:00,46117.1,46245.406
2024-01-10 04:00:00,45961.0,46224.785
2024-01-10 05:00:00,45976.00000000001,46213.85
2024-01-10 06:00:00,46006.0,46195.91
2024-01-10 07:00:00,45758.0,46181.066
2024-01-10 08:00:00,45329.90000000001,46140.402
2024-01-10 09:00:00,45661.40000000001,46028.816
2024-01-10 10:00:00,45532.00000000001,45913.008
2024-01-10 11:00:00,45515.9,45851.27
2024-01-10 12:00:00,44670.5,45769.055
2024-01-10 13:00:00,45118.00000000001,45585.08
2024-01-10 14:00:00,44884.0,45417.844
2024-01-10 15:00:00,45546.4,45319.242
2024-01-10 16:00:00,45311.1,45291.19
2024-01-10 17:00:00,46401.9,45347.895
2024-01-10 18:00:00,46527.30000000001,45483.105
2024-01-10 19:00:00,46489.200000000004,45745.57
2024-01-10 20:00:00,46127.0,46014.125
2024-01-10 21:00:00,45946.00000000001,46058.082
2024-01-10 22:00:00,46902.700000000004,46072.523
2024-01-10 23:00:00,46654.00000000001,46177.707
2024-01-11 00:00:00,46670.0,46340.223
2024-01-11 01:00:00,46506.9,46579.3
2024-01-11 02:00:00,46559.00000000001,46733.703
2024-01-11 03:00:00,46502.2,46797.14
2024-01-11 04:00:00,46400.00000000001,46767.434
2024-01-11 05:00:00,46070.00000000001,46715.207
2024-01-11 06:00:00,45907.30000000001,46616.68
2024-01-11 07:00:00,46101.40000000001,46474.77
2024-01-11 08:00:00,46277.0,46370.543
2024-01-11 09:00:00,46220.1,46330.605
2024-01-11 10:00:00,46859.9,46343.75
2024-01-11 11:00:00,47060.0,46413.7
2024-01-11 12:00:00,47449.6,46564.69
2024-01-11 13:00:00,47325.2,46788.367
2024-01-11 14:00:00,48571.2,46979.125
2024-01-11 15:00:00,46783.80000000001,47109.152
2024-01-11 16:00:00,46007.3,47282.938
2024-01-11 17:00:00,46497.100000000006,47260.336
2024-01-11 18:00:00,46610.00000000001,47132.582
2024-01-11 19:00:00,46692.3,47007.906
2024-01-11 20:00:00,46241.9,46915.04
2024-01-11 21:00:00,46156.00000000001,46796.45
2024-01-11 22:00:00,46400.00000000001,46719.42
2024-01-11 23:00:00,46339.200000000004,46648.508
2024-01-12 00:00:00,46293.4,46601.5
2024-01-12 01:00:00,46135.50000000001,46547.273
2024-01-12 02:00:00,46144.0,46488.38
2024-01-12 03:00:00,45994.0,46433.816
2024-01-12 04:00:00,45956.30000000001,46368.984
2024-01-12 05:00:00,46194.00000000001,46298.05
2024-01-12 06:00:00,46100.90000000001,46260.348
2024-01-12 07:00:00,46008.200000000004,46264.785
2024-01-12 08:00:00,45860.00000000001,46238.035
2024-01-12 09:00:00,45925.90000000001,46199.438
2024-01-12 10:00:00,46063.6,46139.18
2024-01-12 11:00:00,45954.4,46123.316
2024-01-12 12:00:00,45866.6,46131.43
2024-01-12 13:00:00,45779.0,46129.36
2024-01-12 14:00:00,45442.0,46091.676
2024-01-12 15:00:00,44462.00000000001,45957.34
2024-01-12 16:00:00,43624.0,45669.492
2024-01-12 17:00:00,43804.0,45203.04
2024-01-12 18:00:00,43472.0,44805.383
2024-01-12 19:00:00,43472.600000000006,44472.254
2024-01-12 20:00:00,43653.40000000001,44216.867
2024-01-12 21:00:00,43449.00000000001,44016.47
2024-01-12 22:00:00,42510.00000000001,43904.633
2024-01-12 23:00:00,42782.7,43566.34
2024-01-13 00:00:00,42801.8,43357.176
2024-01-13 01:00:00,42673.8,43212.027
2024-01-13 02:00:00,42530.0,43090.246
2024-01-13 03:00:00,42609.9,42995.44
2024-01-13 04:00:00,42840.0,42910.35
2024-01-13 05:00:00,43101.1,42871.184
2024-01-13 06:00:00,43150.00000000001,42899.426
2024-01-13 07:00:00,43103.00000000001,42982.25
2024-01-13 08:00:00,43170.0,43085.688
2024-01-13 09:00:00,42923.2,43175.957
2024-01-13 10:00:00,42700.1,43205.02
2024-01-13 11:00:00,42624.00000000001,43156.543
2024-01-13 12:00:00,42684.9,43061.914
2024-01-13 13:00:00,42739.1,42977.684
2024-01-13 14:00:00,42856.90000000001,42927.305
2024-01-13 15:00:00,43154.50000000001,42911.332
2024-01-13 16:00:00,42895.4,42968.227
2024-01-13 17:00:00,42898.3,43040.242
2024-01-13 18:00:00,42806.0,43088.883
2024-01-13 19:00:00,42786.200000000004,43095.02
2024-01-13 20:00:00,42870.00000000001,43078.223
2024-01-13 21:00:00,42963.4,43051.598
2024-01-13 22:00:00,42990.600000000006,43047.72
2024-01-13 23:00:00,42848.0,43067.89
2024-01-14 00:00:00,42687.4,43083.723
2024-01-14 01:00:00,42769.2,43062.438
2024-01-14 02:00:00,42779.1,43029.473
2024-01-14 03:00:00,42681.80000000001,42997.637
2024-01-14 04:00:00,42580.00000000001,42964.617
2024-01-14 05:00:00,42750.00000000001,42922.46
2024-01-14 06:00:00,42999.0,42897.69
2024-01-14 07:00:00,43011.4,42915.703
2024-01-14 08:00:00,42996.2,42973.773
2024-01-14 09:00:00,43052.40000000001,43044.38
2024-01-14 10:00:00,42889.00000000001,43098.12
2024-01-14 11:00:00,42830.00000000001,43129.023
2024-01-14 12:00:00,42758.00000000001,43119.19
2024-01-14 13:00:00,42891.700000000004,43078.895
2024-01-14 14:00:00,42812.0,43050.938
2024-01-14 15:00:00,42904.4,43033.16
2024-01-14 16:00:00,42929.9,43036.57
2024-01-14 17:00:00,42973.3,43049.8
2024-01-14 18:00:00,42900.00000000001,43073.688
2024-01-14 19:00:00,42660.0,43095.34
2024-01-14 20:00:00,42507.90000000001,43069.62
2024-01-14 21:00:00,42554.90000000001,42965.453
2024-01-14 22:00:00,42271.00000000001,42836.473
2024-01-14 23:00:00,41732.40000000001,42745.62
2024-01-15 00:00:00,42279.80000000001,42570.992
2024-01-15 01:00:00,42275.200000000004,42448.63
2024-01-15 02:00:00,42399.7,42411.223
2024-01-15 03:00:00,42566.00000000001,42431.48
2024-01-15 04:00:00,42591.8,42491.77
2024-01-15 05:00:00,42739.90000000001,42569.902
2024-01-15 06:00:00,42651.1,42657.547
2024-01-15 07:00:00,42714.80000000001,42735.812
2024-01-15 08:00:00,42680.4,42784.375
2024-01-15 09:00:00,42750.90000000001,42816.227
2024-01-15 10:00:00,42565.30000000001,42838.59
2024-01-15 11:00:00,42698.0,42844.133
2024-01-15 12:00:00,42663.8,42840.766
2024-01-15 13:00:00,42852.5,42832.305
2024-01-15 14:00:00,42199.00000000001,42848.52
2024-01-15 15:00:00,42279.0,42798.844
2024-01-15 16:00:00,42522.600000000006,42729.98
2024-01-15 17:00:00,42696.600000000006,42682.93
2024-01-15 18:00:00,43015.80000000001,42687.645
2024-01-15 19:00:00,42992.700000000004,42691.47
2024-01-15 20:00:00,42960.0,42853.016
2024-01-15 21:00:00,42716.00000000001,43004.61
2024-01-15 22:00:00,42628.0,43077.164
2024-01-15 23:00:00,42511.100000000006,43036.305
2024-01-16 00:00:00,42600.0,42953.0
2024-01-16 01:00:00,42584.3,42874.2
2024-01-16 02:00:00,42710.0,42826.586
2024-01-16 03:00:00,42924.6,42810.645
2024-01-16 04:00:00,42803.200000000004,42843.13
2024-01-16 05:00:00,42773.8,42901.684
2024-01-16 06:00:00,42741.100000000006,42951.465
2024-01-16 07:00:00,42791.1,42962.72
2024-01-16 08:00:00,43014.50000000001,42953.57
2024-01-16 09:00:00,42940.00000000001,42962.547
2024-01-16 10:00:00,42872.00000000001,43001.633
2024-01-16 11:00:00,42900.50000000001,43050.145
2024-01-16 12:00:00,43156.100000000006,43073.082
2024-01-16 13:00:00,42805.80000000001,43103.312
2024-01-16 14:00:00,42690.00000000001,43111.53
2024-01-16 15:00:00,43252.7,42949.785
2024-01-16 16:00:00,43249.700000000004,42945.023
2024-01-16 17:00:00,43051.7,43062.957
2024-01-16 18:00:00,43013.0,43206.07
2024-01-16 19:00:00,43166.100000000006,43273.07
2024-01-16 20:00:00,43200.0,43297.496
2024-01-16 21:00:00,43434.7,43298.06
2024-01-16 22:00:00,43206.00000000001,43337.137
2024-01-16 23:00:00,43137.9,43403.38
2024-01-17 00:00:00,43092.00000000001,43425.062
2024-01-17 01:00:00,42970.00000000001,43409.215
2024-01-17 02:00:00,42997.200000000004,43365.84
2024-01-17 03:00:00,42849.00000000001,43304.37
2024-01-17 04:00:00,42854.00000000001,43241.457
2024-01-17 05:00:00,42783.4,43177.37
2024-01-17 06:00:00,42806.100000000006,43121.707
2024-01-17 07:00:00,42655.90000000001,43073.79
2024-01-17 08:00:00,42728.80000000001,43016.516
2024-01-17 09:00:00,42678.6,42964.344
2024-01-17 10:00:00,42850.0,42934.13
2024-01-17 11:00:00,42680.2,42921.324
2024-01-17 12:00:00,42782.4,42920.72
2024-01-17 13:00:00,42609.80000000001,42890.83
2024-01-17 14:00:00,42576.0,42879.46
2024-01-17 15:00:00,42482.80000000001,42833.055
2024-01-17 16:00:00,42360.3,42805.02
2024-01-17 17:00:00,42371.100000000006,42752.562
2024-01-17 18:00:00,42612.4,42697.195
2024-01-17 19:00:00,42611.1,42664.254
2024-01-17 20:00:00,42722.90000000001,42683.78
2024-01-17 21:00:00,42676.1,42707.316
2024-01-17 22:00:00,42722.100000000006,42773.785
2024-01-17 23:00:00,42776.100000000006,42820.48
2024-01-18 00:00:00,42660.80000000001,42853.312
2024-01-18 01:00:00,42584.6,42869.83
2024-01-18 02:00:00,42653.80000000001,42860.938
2024-01-18 03:00:00,42592.1,42849.336
2024-01-18 04:00:00,42665.0,42833.707
2024-01-18 05:00:00,42772.90000000001,42824.094
2024-01-18 06:00:00,42807.1,42831.76
2024-01-18 07:00:00,42915.30000000001,42865.598
2024-01-18 08:00:00,42742.0,42911.8
2024-01-18 09:00:00,42743.8,42954.91
2024-01-18 10:00:00,42447.700000000004,42972.01
2024-01-18 11:00:00,42544.600000000006,42928.965
2024-01-18 12:00:00,42433.40000000001,42855.54
2024-01-18 13:00:00,42508.00000000001,42783.906
2024-01-18 14:00:00,42738.7,42729.086
2024-01-18 15:00:00,42619.30000000001,42722.797
2024-01-18 16:00:00,41949.00000000001,42751.934
2024-01-18 17:00:00,41816.700000000004,42655.996
2024-01-18 18:00:00,41508.9,42497.15
2024-01-18 19:00:00,41022.30000000001,42297.535
2024-01-18 20:00:00,40835.600000000006,42014.39
2024-01-18 21:00:00,41124.00000000001,41724.59
2024-01-18 22:00:00,41354.7,41516.61
2024-01-18 23:00:00,41327.50000000001,41427.652
2024-01-19 00:00:00,41290.5,41423.74
2024-01-19 01:00:00,41270.0,41436.062
2024-01-19 02:00:00,41119.40000000001,41438.426
2024-01-19 03:00:00,41055.9,41421.508
2024-01-19 04:00:00,41098.50000000001,41348.18
2024-01-19 05:00:00,41210.50000000001,41308.895
2024-01-19 06:00:00,41474.00000000001,41296.926
2024-01-19 07:00:00,41284.2,41326.734
2024-01-19 08:00:00,41290.00000000001,41380.58
2024-01-19 09:00:00,41398.40000000001,41430.46
2024-01-19 10:00:00,41486.1,41464.504
2024-01-19 11:00:00,41475.40000000001,41507.645
2024-01-19 12:00:00,41337.30000000001,41548.266
2024-01-19 13:00:00,41393.1,41563.45
2024-01-19 14:00:00,40969.3,41564.293
2024-01-19 15:00:00,40894.7,41485.61
2024-01-19 16:00:00,40395.0,41371.08
2024-01-19 17:00:00,41239.600000000006,41185.793
2024-01-19 18:00:00,41808.100000000006,41071.688
2024-01-19 19:00:00,41814.30000000001,41147.758
2024-01-19 20:00:00,41620.0,41373.39
2024-01-19 21:00:00,41633.8,41577.836
2024-01-19 22:00:00,41687.1,41743.758
2024-01-19 23:00:00,41659.00000000001,41830.043
2024-01-20 00:00:00,41482.30000000001,41856.562
2024-01-20 01:00:00,41655.40000000001,41831.387
2024-01-20 02:00:00,41621.2,41803.2
2024-01-20 03:00:00,41634.600000000006,41789.004
2024-01-20 04:00:00,41607.2,41785.824
2024-01-20 05:00:00,41627.600000000006,41791.684
2024-01-20 06:00:00,41672.0,41797.316
2024-01-20 07:00:00,41650.9,41806.633
2024-01-20 08:00:00,41590.0,41822.094
2024-01-20 09:00:00,41521.1,41817.26
2024-01-20 10:00:00,41543.30000000001,41801.28
2024-01-20 11:00:00,41580.80000000001,41779.965
2024-01-20 12:00:00,41620.0,41761.35
2024-01-20 13:00:00,41633.100000000006,41760.027
2024-01-20 14:00:00,41543.0,41770.91
2024-01-20 15:00:00,41570.1,41772.47
2024-01-20 16:00:00,41563.700000000004,41768.99
2024-01-20 17:00:00,41591.1,41766.586
2024-01-20 18:00:00,41606.200000000004,41765.965
2024-01-20 19:00:00,41633.00000000001,41765.45
2024-01-20 20:00:00,41751.4,41775.664
2024-01-20 21:00:00,41733.90000000001,41798.54
2024-01-20 22:00:00,41781.5,41839.258
2024-01-20 23:00:00,41696.00000000001,41879.824
2024-01-21 00:00:00,41646.0,41899.35
2024-01-21 01:00:00,41666.80000000001,41899.824
2024-01-21 02:00:00,41699.80000000001,41887.78
2024-01-21 03:00:00,41680.80000000001,41876.688
2024-01-21 04:00:00,41673.40000000001,41871.61
2024-01-21 05:00:00,41628.50000000001,41868.867
2024-01-21 06:00:00,41597.7,41861.984
2024-01-21 07:00:00,41648.5,41845.84
2024-01-21 08:00:00,41664.00000000001,41832.523
2024-01-21 09:00:00,41747.50000000001,41828.402
2024-01-21 10:00:00,41786.0,41839.582
2024-01-21 11:00:00,41719.90000000001,41863.16
2024-01-21 12:00:00,41736.00000000001,41890.71
2024-01-21 13:00:00,41859.50000000001,41909.184
2024-01-21 14:00:00,41787.50000000001,41927.742
2024-01-21 15:00:00,41656.3,41948.707
2024-01-21 16:00:00,41607.2,41945.47
2024-01-21 17:00:00,41678.00000000001,41915.473
2024-01-21 18:00:00,41681.100000000006,41886.914
2024-01-21 19:00:00,41719.4,41869.49
2024-01-21 20:00:00,41643.9,41865.81
2024-01-21 21:00:00,41785.90000000001,41862.754
2024-01-21 22:00:00,41633.40000000001,41874.19
2024-01-21 23:00:00,41580.30000000001,41882.664
2024-01-22 00:00:00,41657.40000000001,41864.1
2024-01-22 01:00:00,41363.4,41832.73
2024-01-22 02:00:00,41318.00000000001,41771.12
2024-01-22 03:00:00,41197.0,41708.85
2024-01-22 04:00:00,40786.4,41615.973
2024-01-22 05:00:00,41138.5,41479.633
2024-01-22 06:00:00,41206.00000000001,41352.215
2024-01-22 07:00:00,41043.7,41299.49
2024-01-22 08:00:00,40959.0,41288.49
2024-01-22 09:00:00,40744.9,41247.36
2024-01-22 10:00:00,40703.90000000001,41185.098
2024-01-22 11:00:00,40816.0,41068.867
2024-01-22 12:00:00,40885.00000000001,41006.613
2024-01-22 13:00:00,40943.2,40987.9
2024-01-22 14:00:00,40694.80000000001,41006.656
2024-01-22 15:00:00,40772.0,40999.09
2024-01-22 16:00:00,40518.6,40954.69
2024-01-22 17:00:00,40708.00000000001,40908.14
2024-01-22 18:00:00,40316.0,40876.43
2024-01-22 19:00:00,39820.30000000001,40793.973
2024-01-22 20:00:00,40181.2,40581.152
2024-01-22 21:00:00,39849.90000000001,40449.098
2024-01-22 22:00:00,39832.80000000001,40361.773
2024-01-22 23:00:00,39568.0,40261.008
2024-01-23 00:00:00,39872.0,40147.03
2024-01-23 01:00:00,39830.7,40049.74
2024-01-23 02:00:00,40060.50000000001,40003.145
2024-01-23 03:00:00,40000.40000000001,40007.73
2024-01-23 04:00:00,40065.5,40050.426
2024-01-23 05:00:00,40069.3,40107.77
2024-01-23 06:00:00,40019.4,40161.32
2024-01-23 07:00:00,39780.00000000001,40186.812
2024-01-23 08:00:00,39465.0,40150.918
2024-01-23 09:00:00,38961.4,40035.973
2024-01-23 10:00:00,38917.3,39797.62
2024-01-23 11:00:00,38845.600000000006,39588.223
2024-01-23 12:00:00,39065.700000000004,39389.12
2024-01-23 13:00:00,38864.200000000004,39259.21
2024-01-23 14:00:00,38767.7,39201.555
2024-01-23 15:00:00,39204.00000000001,39103.156
2024-01-23 16:00:00,39307.6,39058.18
2024-01-23 17:00:00,39398.90000000001,39113.094
2024-01-23 18:00:00,39092.50000000001,39239.52
2024-01-23 19:00:00,39148.100000000006,39353.008
2024-01-23 20:00:00,39175.1,39395.348
2024-01-23 21:00:00,39223.8,39385.164
2024-01-23 22:00:00,39468.7,39372.88
2024-01-23 23:00:00,39897.600000000006,39394.938
2024-01-24 00:00:00,40179.50000000001,39474.93
2024-01-24 01:00:00,39770.00000000001,39656.12
2024-01-24 02:00:00,39763.50000000001,39827.367
2024-01-24 03:00:00,39614.00000000001,39951.023
2024-01-24 04:00:00,39654.40000000001,39972.227
2024-01-24 05:00:00,39798.90000000001,39937.926
2024-01-24 06:00:00,39888.0,39905.734
2024-01-24 07:00:00,39981.1,39905.926
2024-01-24 08:00:00,39954.50000000001,39944.02
2024-01-24 09:00:00,40024.8,40018.684
2024-01-24 10:00:00,40352.40000000001,40087.34
2024-01-24 11:00:00,40209.3,40166.375
2024-01-24 12:00:00,40029.7,40259.477
2024-01-24 13:00:00,39984.9,40304.504
2024-01-24 14:00:00,39914.0,40295.484
2024-01-24 15:00:00,40050.7,40235.297
2024-01-24 16:00:00,40190.0,40200.305
2024-01-24 17:00:00,40142.00000000001,40201.555
2024-01-24 18:00:00,39761.1,40233.17
2024-01-24 19:00:00,39803.1,40213.582
2024-01-24 20:00:00,39544.40000000001,40162.855
2024-01-24 21:00:00,39792.700000000004,40069.484
2024-01-24 22:00:00,39876.0,39987.645
2024-01-24 23:00:00,40084.9,39961.47
2024-01-25 00:00:00,40170.1,39990.395
2024-01-25 01:00:00,39978.8,40067.59
2024-01-25 02:00:00,39939.80000000001,40133.918
2024-01-25 03:00:00,40012.0,40171.9
2024-01-25 04:00:00,39956.9,40181.094
2024-01-25 05:00:00,39876.5,40171.113
2024-01-25 06:00:00,40035.0,40138.48
2024-01-25 07:00:00,40130.00000000001,40122.34
2024-01-25 08:00:00,40080.200000000004,40140.438
2024-01-25 09:00:00,40031.50000000001,40178.758
2024-01-25 10:00:00,40116.00000000001,40210.17
2024-01-25 11:00:00,40178.100000000006,40221.74
2024-01-25 12:00:00,39859.8,40238.695
2024-01-25 13:00:00,39913.80000000001,40229.83
2024-01-25 14:00:00,40012.9,40194.676
2024-01-25 15:00:00,39804.200000000004,40164.156
2024-01-25 16:00:00,39710.30000000001,40117.406
2024-01-25 17:00:00,39803.2,40066.402
2024-01-25 18:00:00,39842.6,40012.227
2024-01-25 19:00:00,39989.2,39977.53
2024-01-25 20:00:00,39838.3,40001.31
2024-01-25 21:00:00,39929.6,40018.684
2024-01-25 22:00:00,39956.30000000001,40036.836
2024-01-25 23:00:00,39961.100000000006,40062.85
2024-01-26 00:00:00,39895.9,40083.633
2024-01-26 01:00:00,39937.80000000001,40095.21
2024-01-26 02:00:00,40144.3,40093.62
2024-01-26 03:00:00,40067.50000000001,40108.074
2024-01-26 04:00:00,40149.3,40158.312
2024-01-26 05:00:00,40102.40000000001,40212.027
2024-01-26 06:00:00,40002.80000000001,40253.016
2024-01-26 07:00:00,39970.0,40263.957
2024-01-26 08:00:00,40133.80000000001,40229.066
2024-01-26 09:00:00,40079.80000000001,40217.035
2024-01-26 10:00:00,40692.600000000006,40222.31
2024-01-26 11:00:00,41289.50000000001,40282.84
2024-01-26 12:00:00,41140.00000000001,40464.613
2024-01-26 13:00:00,41021.6,40740.137
2024-01-26 14:00:00,41588.0,40993.074
2024-01-26 15:00:00,41423.00000000001,41196.23
2024-01-26 16:00:00,41961.1,41332.547
2024-01-26 17:00:00,41915.200000000004,41475.535
2024-01-26 18:00:00,42105.00000000001,41666.766
2024-01-26 19:00:00,42064.5,41852.61
2024-01-26 20:00:00,41977.200000000004,42016.492
2024-01-26 21:00:00,41998.80000000001,42115.055
2024-01-26 22:00:00,41906.30000000001,42173.23
2024-01-26 23:00:00,41823.5,42174.39
2024-01-27 00:00:00,41785.90000000001,42160.89
2024-01-27 01:00:00,41818.90000000001,42117.18
2024-01-27 02:00:00,41838.600000000006,42082.215
2024-01-27 03:00:00,41815.00000000001,42062.82
2024-01-27 04:00:00,41844.3,42041.51
2024-01-27 05:00:00,41762.5,42034.094
2024-01-27 06:00:00,41704.0,42026.062
2024-01-27 07:00:00,41710.100000000006,42003.094
2024-01-27 08:00:00,41470.00000000001,41961.953
2024-01-27 09:00:00,41669.80000000001,41896.258
2024-01-27 10:00:00,41747.30000000001,41844.39
2024-01-27 11:00:00,41761.2,41836.316
2024-01-27 12:00:00,41750.00000000001,41857.324
2024-01-27 13:00:00,41742.4,41885.242
2024-01-27 14:00:00,41766.00000000001,41910.55
2024-01-27 15:00:00,41814.0,41926.24
2024-01-27 16:00:00,41810.2,41940.863
2024-01-27 17:00:00,41779.30000000001,41957.62
2024-01-27 18:00:00,41797.6,41970.582
2024-01-27 19:00:00,41910.5,41975.363
2024-01-27 20:00:00,42059.90000000001,41986.707
2024-01-27 21:00:00,42150.6,42029.08
2024-01-27 22:00:00,42155.5,42097.5
2024-01-27 23:00:00,42120.600000000006,42174.89
2024-01-28 00:00:00,41990.9,42231.56
2024-01-28 01:00:00,42100.0,42251.465
2024-01-28 02:00:00,42102.200000000004,42249.793
2024-01-28 03:00:00,42231.8,42266.36
2024-01-28 04:00:00,42720.3,42293.746
2024-01-28 05:00:00,42562.40000000001,42355.664
2024-01-28 06:00:00,42413.30000000001,42472.496
2024-01-28 07:00:00,42388.8,42569.543
2024-01-28 08:00:00,42491.1,42623.11
2024-01-28 09:00:00,42575.00000000001,42642.742
2024-01-28 10:00:00,42600.0,42660.453
2024-01-28 11:00:00,42472.00000000001,42694.86
2024-01-28 12:00:00,42417.0,42705.773
2024-01-28 13:00:00,42397.2,42687.547
2024-01-28 14:00:00,42288.00000000001,42656.363
2024-01-28 15:00:00,42258.0,42622.62
2024-01-28 16:00:00,42312.30000000001,42578.066
2024-01-28 17:00:00,42168.2,42537.46
2024-01-28 18:00:00,41971.7,42495.01
2024-01-28 19:00:00,41785.90000000001,42425.164
2024-01-28 20:00:00,41945.1,42320.582
2024-01-28 21:00:00,41979.6,42219.82
2024-01-28 22:00:00,41834.00000000001,42163.785
2024-01-28 23:00:00,42031.1,42119.09
2024-01-29 00:00:00,41971.4,42102.137
2024-01-29 01:00:00,42160.200000000004,42108.703
2024-01-29 02:00:00,42237.600000000006,42147.98
2024-01-29 03:00:00,42331.200000000004,42215.67
2024-01-29 04:00:00,42218.00000000001,42296.566
2024-01-29 05:00:00,42144.200000000004,42365.926
2024-01-29 06:00:00,42163.2,42393.047
2024-01-29 07:00:00,42053.50000000001,42391.246
2024-01-29 08:00:00,42122.90000000001,42362.87
2024-01-29 09:00:00,42295.700000000004,42329.34
2024-01-29 10:00:00,42313.2,42318.164
2024-01-29 11:00:00,42246.90000000001,42347.11
2024-01-29 12:00:00,42102.7,42388.15
2024-01-29 13:00:00,42006.7,42393.57
2024-01-29 14:00:00,41951.90000000001,42361.516
2024-01-29 15:00:00,42641.80000000001,42299.457
2024-01-29 16:00:00,43200.0,42291.98
2024-01-29 17:00:00,42996.6,42402.69
2024-01-29 18:00:00,43028.8,42661.215
2024-01-29 19:00:00,42996.00000000001,42903.035
2024-01-29 20:00:00,43147.600000000006,43067.203
2024-01-29 21:00:00,43176.3,43166.816
2024-01-29 22:00:00,43111.1,43230.465
2024-01-29 23:00:00,43302.700000000004,43274.184
2024-01-30 00:00:00,43162.00000000001,43309.555
2024-01-30 01:00:00,43439.5,43341.125
2024-01-30 02:00:00,43615.100000000006,43370.14
2024-01-30 03:00:00,43519.7,43462.973
2024-01-30 04:00:00,43421.50000000001,43566.74
2024-01-30 05:00:00,43365.00000000001,43641.91
2024-01-30 06:00:00,43340.700000000004,43663.42
2024-01-30 07:00:00,43358.2,43640.4
2024-01-30 08:00:00,43432.100000000006,43604.223
2024-01-30 09:00:00,43324.40000000001,43575.777
2024-01-30 10:00:00,43482.00000000001,43566.977
2024-01-30 11:00:00,43537.7,43572.375
2024-01-30 12:00:00,43394.5,43596.668
2024-01-30 13:00:00,43287.600000000006,43596.977
2024-01-30 14:00:00,43474.0,43596.523
2024-01-30 15:00:00,43375.5,43585.516
2024-01-30 16:00:00,43499.00000000001,43572.355
2024-01-30 17:00:00,43398.3,43579.5
2024-01-30 18:00:00,43371.600000000006,43596.914
2024-01-30 19:00:00,43548.00000000001,43602.773
2024-01-30 20:00:00,43561.100000000006,43615.52
2024-01-30 21:00:00,43546.1,43628.39
2024-01-30 22:00:00,43327.8,43670.62
2024-01-30 23:00:00,42941.100000000006,43686.633
2024-01-31 00:00:00,42933.2,43587.01
2024-01-31 01:00:00,42782.80000000001,43460.867
2024-01-31 02:00:00,42883.0,43329.562
2024-01-31 03:00:00,42930.100000000006,43208.758
2024-01-31 04:00:00,42962.600000000006,43144.918
2024-01-31 05:00:00,42980.00000000001,43122.914
2024-01-31 06:00:00,42975.90000000001,43126.062
2024-01-31 07:00:00,43050.00000000001,43137.867
2024-01-31 08:00:00,42978.0,43152.645
2024-01-31 09:00:00,42646.0,43166.67
2024-01-31 10:00:00,42384.700000000004,43120.53
2024-01-31 11:00:00,42648.00000000001,43010.71
2024-01-31 12:00:00,42622.8,42911.168
2024-01-31 13:00:00,42803.9,42848.324
2024-01-31 14:00:00,42882.1,42833.266
2024-01-31 15:00:00,43361.1,42856.598
2024-01-31 16:00:00,43474.80000000001,42937.55
2024-01-31 17:00:00,43715.0,43113.656
2024-01-31 18:00:00,43513.40000000001,43326.83
2024-01-31 19:00:00,43334.600000000006,43510.477
2024-01-31 20:00:00,42541.200000000004,43574.902
2024-01-31 21:00:00,42487.1,43477.81
2024-01-31 22:00:00,42656.100000000006,43279.69
2024-01-31 23:00:00,42580.00000000001,43098.863
2024-02-01 00:00:00,42474.90000000001,42967.004
2024-02-01 01:00:00,41983.50000000001,42862.355
2024-02-01 02:00:00,42162.600000000006,42721.527
2024-02-01 03:00:00,42015.600000000006,42589.45
2024-02-01 04:00:00,42073.40000000001,42472.645
2024-02-01 05:00:00,42156.50000000001,42367.383
2024-02-01 06:00:00,42192.40000000001,42317.066
2024-02-01 07:00:00,42190.200000000004,42306.473
2024-02-01 08:00:00,42244.5,42319.32
2024-02-01 09:00:00,42148.3,42340.56
2024-02-01 10:00:00,42226.0,42354.645
2024-02-01 11:00:00,42087.5,42358.61
2024-02-01 12:00:00,42142.8,42349.234
2024-02-01 13:00:00,42219.600000000006,42326.562
2024-02-01 14:00:00,42651.1,42318.797
2024-02-01 15:00:00,42516.100000000006,42360.496
2024-02-01 16:00:00,42658.1,42459.805
2024-02-01 17:00:00,42924.00000000001,42574.594
2024-02-01 18:00:00,42847.1,42700.22
2024-02-01 19:00:00,43218.90000000001,42835.53
2024-02-01 20:00:00,43011.80000000001,42966.355
2024-02-01 21:00:00,43096.4,43078.37
2024-02-01 22:00:00,42927.100000000006,43162.266
2024-02-01 23:00:00,43082.90000000001,43202.9
2024-02-02 00:00:00,43174.40000000001,43213.19
2024-02-02 01:00:00,43121.100000000006,43228.39
2024-02-02 02:00:00,43080.40000000001,43268.207
2024-02-02 03:00:00,43037.200000000004,43294.24
2024-02-02 04:00:00,42966.6,43303.6
2024-02-02 05:00:00,43104.00000000001,43283.89
2024-02-02 06:00:00,43165.0,43261.305
2024-02-02 07:00:00,43086.9,43256.918
2024-02-02 08:00:00,43016.0,43269.67
2024-02-02 09:00:00,42980.90000000001,43273.12
2024-02-02 10:00:00,43122.50000000001,43262.043
2024-02-02 11:00:00,43148.40000000001,43248.055
2024-02-02 12:00:00,43130.80000000001,43255.84
2024-02-02 13:00:00,42694.00000000001,43269.992
2024-02-02 14:00:00,42805.40000000001,43214.938
2024-02-02 15:00:00,43242.1,43149.113
2024-02-02 16:00:00,43216.40000000001,43114.9
2024-02-02 17:00:00,42958.50000000001,43159.113
2024-02-02 18:00:00,42928.00000000001,43224.18
2024-02-02 19:00:00,43062.00000000001,43236.426
2024-02-02 20:00:00,42952.6,43229.82
2024-02-02 21:00:00,42995.200000000004,43214.07
2024-02-02 22:00:00,43202.6,43202.41
2024-02-02 23:00:00,43200.0,43213.74
2024-02-03 00:00:00,43229.100000000006,43249.664
2024-02-03 01:00:00,43221.1,43295.887
2024-02-03 02:00:00,43188.00000000001,43346.773
2024-02-03 03:00:00,43173.90000000001,43376.44
2024-02-03 04:00:00,43191.7,43386.066
2024-02-03 05:00:00,43168.8,43385.055
2024-02-03 06:00:00,43095.40000000001,43374.598
2024-02-03 07:00:00,43053.1,43359.324
2024-02-03 08:00:00,43016.8,43335.266
2024-02-03 09:00:00,43092.1,43303.64
2024-02-03 10:00:00,43062.1,43279.94
2024-02-03 11:00:00,42995.0,43268.074
2024-02-03 12:00:00,43070.2,43251.293
2024-02-03 13:00:00,43071.6,43240.625
2024-02-03 14:00:00,43042.30000000001,43240.633
2024-02-03 15:00:00,43119.100000000006,43240.684
2024-02-03 16:00:00,43095.0,43230.754
2024-02-03 17:00:00,43230.00000000001,43246.734
2024-02-03 18:00:00,43070.4,43274.65
2024-02-03 19:00:00,43061.100000000006,43296.77
2024-02-03 20:00:00,43065.100000000006,43301.766
2024-02-03 21:00:00,43045.00000000001,43291.805
2024-02-03 22:00:00,43031.3,43276.797
2024-02-03 23:00:00,43011.10000000001,43260.273
2024-02-04 00:00:00,43008.1,43239.574
2024-02-04 01:00:00,43041.30000000001,43213.473
2024-02-04 02:00:00,43022.6,43205.285
2024-02-04 03:00:00,43027.200000000004,43207.555
2024-02-04 04:00:00,42916.50000000001,43214.004
2024-02-04 05:00:00,42892.4,43203.96
2024-02-04 06:00:00,42746.1,43174.92
2024-02-04 07:00:00,42845.0,43126.047
2024-02-04 08:00:00,42795.2,43078.676
2024-02-04 09:00:00,42942.700000000004,43044.617
2024-02-04 10:00:00,42944.0,43027.05
2024-02-04 11:00:00,43060.1,43043.94
2024-02-04 12:00:00,42994.40000000001,43080.96
2024-02-04 13:00:00,42995.50000000001,43127.496
2024-02-04 14:00:00,42874.00000000001,43161.3
2024-02-04 15:00:00,42943.200000000004,43157.984
2024-02-04 16:00:00,42913.200000000004,43144.074
2024-02-04 17:00:00,42899.4,43129.312
2024-02-04 18:00:00,42794.0,43112.023
2024-02-04 19:00:00,42636.40000000001,43087.83
2024-02-04 20:00:00,42880.80000000001,43026.44
2024-02-04 21:00:00,42780.0,42986.188
2024-02-04 22:00:00,42571.6,42984.5
2024-02-04 23:00:00,42582.90000000001,42945.418
2024-02-05 00:00:00,42361.0,42902.195
2024-02-05 01:00:00,42529.700000000004,42832.312
2024-02-05 02:00:00,42447.1,42759.324
2024-02-05 03:00:00,42718.3,42709.14
2024-02-05 04:00:00,42749.1,42703.992
2024-02-05 05:00:00,42777.200000000004,42745.402
2024-02-05 06:00:00,42819.30000000001,42802.676
2024-02-05 07:00:00,43071.90000000001,42861.484
2024-02-05 08:00:00,43033.50000000001,42923.86
2024-02-05 09:00:00,43037.600000000006,43018.676
2024-02-05 10:00:00,43143.3,43102.99
2024-02-05 11:00:00,43194.100000000006,43164.504
2024-02-05 12:00:00,43255.4,43228.402
2024-02-05 13:00:00,43447.700000000004,43286.555
2024-02-05 14:00:00,43195.3,43337.176
2024-02-05 15:00:00,42644.0,43398.625
2024-02-05 16:00:00,42741.700000000004,43348.793
2024-02-05 17:00:00,42720.90000000001,43232.08
2024-02-05 18:00:00,42730.9,43130.637
2024-02-05 19:00:00,42765.40000000001,43044.145
2024-02-05 20:00:00,42426.00000000001,42995.92
2024-02-05 21:00:00,42386.00000000001,42920.105
2024-02-05 22:00:00,42504.7,42844.734
2024-02-05 23:00:00,42708.7,42774.293
2024-02-06 00:00:00,42600.30000000001,42744.652
2024-02-06 01:00:00,42671.1,42755.105
2024-02-06 02:00:00,42852.200000000004,42780.688
2024-02-06 03:00:00,42851.1,42822.113
2024-02-06 04:00:00,42826.200000000004,42884.39
2024-02-06 05:00:00,42785.3,42939.805
2024-02-06 06:00:00,42780.50000000001,42971.973
2024-02-06 07:00:00,42890.0,42973.312
2024-02-06 08:00:00,43069.00000000001,42975.96
2024-02-06 09:00:00,42991.6,43002.68
2024-02-06 10:00:00,42799.50000000001,43056.83
2024-02-06 11:00:00,42827.0,43075.363
2024-02-06 12:00:00,42789.4,43076.02
2024-02-06 13:00:00,42881.3,43051.72
2024-02-06 14:00:00,42942.8,43034.81
2024-02-06 15:00:00,43244.90000000001,43044.65
2024-02-06 16:00:00,43165.5,43084.496
2024-02-06 17:00:00,43180.7,43166.04
2024-02-06 18:00:00,43200.30000000001,43254.395
2024-02-06 19:00:00,43278.8,43311.52
2024-02-06 20:00:00,43095.700000000004,43352.742
2024-02-06 21:00:00,43166.30000000001,43368.582
2024-02-06 22:00:00,43200.0,43368.996
2024-02-06 23:00:00,43098.9,43368.09
2024-02-07 00:00:00,43096.50000000001,43354.74
2024-02-07 01:00:00,43049.7,43337.992
2024-02-07 02:00:00,43049.0,43322.13
2024-02-07 03:00:00,42800.00000000001,43300.67
2024-02-07 04:00:00,42929.200000000004,43244.69
2024-02-07 05:00:00,43029.1,43189.54
2024-02-07 06:00:00,42961.90000000001,43160.82
2024-02-07 07:00:00,42918.0,43152.152
2024-02-07 08:00:00,42942.8,43148.094
2024-02-07 09:00:00,43146.00000000001,43141.51
2024-02-07 10:00:00,42897.9,43151.562
2024-02-07 11:00:00,42928.3,43160.1
2024-02-07 12:00:00,43073.3,43158.152
2024-02-07 13:00:00,43142.0,43158.918
2024-02-07 14:00:00,43028.600000000006,43183.695
2024-02-07 15:00:00,43071.1,43199.324
2024-02-07 16:00:00,43240.7,43222.637
2024-02-07 17:00:00,43499.9,43251.547
2024-02-07 18:00:00,43651.00000000001,43284.87
2024-02-07 19:00:00,43615.50000000001,43415.086
2024-02-07 20:00:00,44131.4,43555.652
2024-02-07 21:00:00,44186.00000000001,43668.336
2024-02-07 22:00:00,44160.700000000004,43876.57
2024-02-07 23:00:00,44349.6,44085.64
2024-02-08 00:00:00,44676.0,44237.57
2024-02-08 01:00:00,44654.700000000004,44352.53
2024-02-08 02:00:00,44648.30000000001,44500.156
2024-02-08 03:00:00,44541.00000000001,44621.293
2024-02-08 04:00:00,44489.90000000001,44708.21
2024-02-08 05:00:00,44552.9,44753.457
2024-02-08 06:00:00,44464.00000000001,44760.82
2024-02-08 07:00:00,44513.2,44750.74
2024-02-08 08:00:00,44718.30000000001,44731.96
2024-02-08 09:00:00,44692.8,44732.414
2024-02-08 10:00:00,44828.30000000001,44765.77
2024-02-08 11:00:00,44699.0,44813.29
2024-02-08 12:00:00,44689.200000000004,44861.31
2024-02-08 13:00:00,44984.0,44893.863
2024-02-08 14:00:00,45078.0,44919.15
2024-02-08 15:00:00,45432.3,44951.23
2024-02-08 16:00:00,45066.0,45053.2
2024-02-08 17:00:00,45042.5,45167.074
2024-02-08 18:00:00,45302.5,45248.977
2024-02-08 19:00:00,45284.100000000006,45311.516
2024-02-08 20:00:00,45496.200000000004,45364.754
2024-02-08 21:00:00,45321.0,45409.484
2024-02-08 22:00:00,45272.600000000006,45472.383
2024-02-08 23:00:00,45288.600000000006,45512.008
2024-02-09 00:00:00,45289.1,45521.406
2024-02-09 01:00:00,45492.00000000001,45514.793
2024-02-09 02:00:00,46285.2,45525.49
2024-02-09 03:00:00,46060.7,45582.75
2024-02-09 04:00:00,45960.700000000004,45772.652
2024-02-09 05:00:00,46267.1,45954.184
2024-02-09 06:00:00,46195.9,46101.51
2024-02-09 07:00:00,46202.0,46217.586
2024-02-09 08:00:00,46640.00000000001,46280.594
2024-02-09 09:00:00,46522.0,46357.96
2024-02-09 10:00:00,46779.5,46454.12
2024-02-09 11:00:00,47180.00000000001,46584.566
2024-02-09 12:00:00,47324.0,46709.793
2024-02-09 13:00:00,47466.00000000001,46873.684
2024-02-09 14:00:00,47062.0,47118.504
2024-02-09 15:00:00,47160.0,47211.133
2024-02-09 16:00:00,47275.9,47274.64
2024-02-09 17:00:00,47652.2,47334.633
2024-02-09 18:00:00,47602.0,47413.44
2024-02-09 19:00:00,47509.50000000001,47473.832
2024-02-09 20:00:00,47511.30000000001,47585.434
2024-02-09 21:00:00,47507.2,47657.63
2024-02-09 22:00:00,47272.600000000006,47696.836
2024-02-09 23:00:00,47132.80000000001,47683.13
2024-02-10 00:00:00,47088.0,47614.543
2024-02-10 01:00:00,47302.00000000001,47522.77
2024-02-10 02:00:00,47311.40000000001,47455.656
2024-02-10 03:00:00,47376.6,47440.477
2024-02-10 04:00:00,47409.50000000001,47452.406
2024-02-10 05:00:00,47326.80000000001,47489.414
2024-02-10 06:00:00,47350.0,47514.887
2024-02-10 07:00:00,47151.7,47522.062
2024-02-10 08:00:00,47087.700000000004,47500.254
2024-02-10 09:00:00,47066.00000000001,47452.6
2024-02-10 10:00:00,46884.200000000004,47398.5
2024-02-10 11:00:00,47182.0,47317.11
2024-02-10 12:00:00,47231.6,47265.004
2024-02-10 13:00:00,47303.600000000006,47269.55
2024-02-10 14:00:00,47270.0,47302.934
2024-02-10 15:00:00,47353.50000000001,47359.363
2024-02-10 16:00:00,47250.00000000001,47408.75
2024-02-10 17:00:00,47196.50000000001,47438.047
2024-02-10 18:00:00,47329.4,47439.426
2024-02-10 19:00:00,47531.1,47438.227
2024-02-10 20:00:00,47878.0,47459.316
2024-02-10 21:00:00,47941.600000000006,47536.305
2024-02-10 22:00:00,47825.90000000001,47685.965
2024-02-10 23:00:00,47751.1,47818.24
2024-02-11 00:00:00,47732.40000000001,47906.594
2024-02-11 01:00:00,47626.600000000006,47938.04
2024-02-11 02:00:00,47774.2,47925.89
2024-02-11 03:00:00,48519.6,47907.016
2024-02-11 04:00:00,48294.80000000001,47918.54
2024-02-11 05:00:00,48224.7,48078.9
2024-02-11 06:00:00,48221.9,48234.016
2024-02-11 07:00:00,48179.5,48326.94
2024-02-11 08:00:00,48140.0,48368.03
2024-02-11 09:00:00,48140.0,48374.65
2024-02-11 10:00:00,48142.80000000001,48361.902
2024-02-11 11:00:00,48411.7,48331.21
2024-02-11 12:00:00,48291.00000000001,48334.484
2024-02-11 13:00:00,48058.100000000006,48370.082
2024-02-11 14:00:00,48234.6,48378.66
2024-02-11 15:00:00,48150.4,48370.734
2024-02-11 16:00:00,48104.00000000001,48362.434
2024-02-11 17:00:00,48292.0,48336.426
2024-02-11 18:00:00,48282.200000000004,48333.93
2024-02-11 19:00:00,48284.00000000001,48345.805
2024-02-11 20:00:00,48034.600000000006,48381.535
2024-02-11 21:00:00,48116.0,48379.664
2024-02-11 22:00:00,48136.00000000001,48354.68
2024-02-11 23:00:00,48300.00000000001,48329.33
2024-02-12 00:00:00,48604.00000000001,48322.89
2024-02-12 01:00:00,48485.700000000004,48340.29
2024-02-12 02:00:00,48151.1,48440.773
2024-02-12 03:00:00,48145.0,48489.39
2024-02-12 04:00:00,48070.0,48489.426
2024-02-12 05:00:00,48073.2,48441.1
2024-02-12 06:00:00,48149.4,48384.902
2024-02-12 07:00:00,48204.00000000001,48308.977
2024-02-12 08:00:00,48114.0,48286.973
2024-02-12 09:00:00,47880.9,48300.516
2024-02-12 10:00:00,47872.1,48279.46
2024-02-12 11:00:00,47903.00000000001,48221.33
2024-02-12 12:00:00,48032.0,48161.137
2024-02-12 13:00:00,47949.90000000001,48132.27
2024-02-12 14:00:00,48798.00000000001,48126.938
2024-02-12 15:00:00,49917.8,48159.844
2024-02-12 16:00:00,49582.30000000001,48310.613
2024-02-12 17:00:00,49854.50000000001,48722.195
2024-02-12 18:00:00,49742.00000000001,49113.824
2024-02-12 19:00:00,49532.00000000001,49489.82
2024-02-12 20:00:00,50163.00000000001,49703.723
2024-02-12 21:00:00,49816.30000000001,49820.188
2024-02-12 22:00:00,50021.1,49907.473
2024-02-12 23:00:00,49917.3,49983.688
2024-02-13 00:00:00,50101.7,50020.79
2024-02-13 01:00:00,50141.2,50054.727
2024-02-13 02:00:00,49947.600000000006,50106.09
2024-02-13 03:00:00,49790.0,50146.89
2024-02-13 04:00:00,49902.5,50139.25
2024-02-13 05:00:00,50050.0,50116.91
2024-02-13 06:00:00,50000.0,50100.402
2024-02-13 07:00:00,49983.1,50104.57
2024-02-13 08:00:00,50118.000000000015,50105.715
2024-02-13 09:00:00,50205.00000000001,50123.375
2024-02-13 10:00:00,49861.100000000006,50146.695
2024-02-13 11:00:00,49988.1,50157.965
2024-02-13 12:00:00,49860.0,50131.605
2024-02-13 13:00:00,49528.1,50118.227
2024-02-13 14:00:00,48692.2,49995.508
2024-02-13 15:00:00,48727.50000000001,49731.125
2024-02-13 16:00:00,48477.100000000006,49507.652
2024-02-13 17:00:00,48844.2,49305.625
2024-02-13 18:00:00,49107.80000000001,49129.277
2024-02-13 19:00:00,49036.700000000004,49071.008
2024-02-13 20:00:00,49399.40000000001,49098.508
2024-02-13 21:00:00,49525.00000000001,49159.0
2024-02-13 22:00:00,49521.5,49284.63
2024-02-13 23:00:00,49699.600000000006,49415.426
2024-02-14 00:00:00,49482.8,49522.56
2024-02-14 01:00:00,49433.30000000001,49591.973
2024-02-14 02:00:00,49490.5,49615.113
2024-02-14 03:00:00,49518.6,49620.51
2024-02-14 04:00:00,49386.0,49626.082
2024-02-14 05:00:00,49539.1,49614.48
2024-02-14 06:00:00,49637.8,49612.383
2024-02-14 07:00:00,49838.90000000001,49632.6
2024-02-14 08:00:00,50758.0,49682.062
2024-02-14 09:00:00,51551.100000000006,49801.375
2024-02-14 10:00:00,51300.0,50047.754
2024-02-14 11:00:00,51555.100000000006,50494.625
2024-02-14 12:00:00,51575.5,50862.1
2024-02-14 13:00:00,51786.0,51159.15
2024-02-14 14:00:00,51908.4,51393.402
2024-02-14 15:00:00,51590.0,51530.395
2024-02-14 16:00:00,51581.4,51610.95
2024-02-14 17:00:00,51664.00000000001,51659.367
2024-02-14 18:00:00,51445.4,51703.324
2024-02-14 19:00:00,51678.00000000001,51708.848
2024-02-14 20:00:00,51686.100000000006,51694.137
2024-02-14 21:00:00,51725.200000000004,51699.32
2024-02-14 22:00:00,51792.400000000016,51731.777
2024-02-14 23:00:00,51795.200000000004,51774.473
2024-02-15 00:00:00,52321.200000000004,51807.664
2024-02-15 01:00:00,51901.4,51853.074
2024-02-15 02:00:00,52048.5,51936.45
2024-02-15 03:00:00,52343.30000000001,52020.938
2024-02-15 04:00:00,52140.00000000001,52107.297
2024-02-15 05:00:00,51955.7,52175.117
2024-02-15 06:00:00,51974.50000000001,52194.113
2024-02-15 07:00:00,51776.6,52172.78
2024-02-15 08:00:00,51934.0,52108.395
2024-02-15 09:00:00,52166.00000000001,52057.848
2024-02-15 10:00:00,52286.700000000004,52044.363
2024-02-15 11:00:00,52330.00000000001,52090.875
2024-02-15 12:00:00,52331.9,52167.824
2024-02-15 13:00:00,52217.7,52239.336
2024-02-15 14:00:00,52621.30000000001,52287.234
2024-02-15 15:00:00,51948.2,52301.703
2024-02-15 16:00:00,52265.30000000001,52280.465
2024-02-15 17:00:00,51875.600000000006,52281.06
2024-02-15 18:00:00,51978.0,52270.97
2024-02-15 19:00:00,52002.0,52235.004
2024-02-15 20:00:00,51686.0,52171.57
2024-02-15 21:00:00,51327.3,52078.547
2024-02-15 22:00:00,51644.4,51967.668
2024-02-15 23:00:00,51880.0,51876.164
2024-02-16 00:00:00,51914.1,51837.996
2024-02-16 01:00:00,51952.600000000006,51860.496
2024-02-16 02:00:00,52168.100000000006,51906.965
2024-02-16 03:00:00,52280.2,51975.652
2024-02-16 04:00:00,52122.00000000001,52057.797
2024-02-16 05:00:00,52064.40000000001,52136.285
2024-02-16 06:00:00,51897.90000000001,52177.316
2024-02-16 07:00:00,51732.00000000001,52166.914
2024-02-16 08:00:00,51829.30000000001,52090.668
2024-02-16 09:00:00,51828.0,52030.45
2024-02-16 10:00:00,52300.00000000001,51971.297
2024-02-16 11:00:00,52213.90000000001,51981.184
2024-02-16 12:00:00,52383.4,52048.074
2024-02-16 13:00:00,52464.0,52158.016
2024-02-16 14:00:00,51920.30000000001,52247.297
2024-02-16 15:00:00,51888.00000000001,52254.688
2024-02-16 16:00:00,52041.1,52197.44
2024-02-16 17:00:00,52016.8,52164.996
2024-02-16 18:00:00,51967.3,52145.004
2024-02-16 19:00:00,51756.30000000001,52127.77
2024-02-16 20:00:00,51838.0,52087.996
2024-02-16 21:00:00,51982.00000000001,52035.336
2024-02-16 22:00:00,51977.90000000001,52011.582
2024-02-16 23:00:00,52124.1,52014.438
2024-02-17 00:00:00,52003.80000000001,52039.992
2024-02-17 01:00:00,51971.30000000001,52078.61
2024-02-17 02:00:00,51935.90000000001,52093.77
2024-02-17 03:00:00,51968.80000000001,52091.68
2024-02-17 04:00:00,52011.600000000006,52080.46
2024-02-17 05:00:00,51919.00000000001,52072.17
2024-02-17 06:00:00,51925.6,52061.266
2024-02-17 07:00:00,51911.3,52052.32
2024-02-17 08:00:00,51740.0,52043.08
2024-02-17 09:00:00,51676.40000000001,52010.418
2024-02-17 10:00:00,51721.7,51960.46
2024-02-17 11:00:00,51690.5,51896.414
2024-02-17 12:00:00,51711.1,51864.266
2024-02-17 13:00:00,51188.80000000001,51840.836
2024-02-17 14:00:00,50841.1,51741.18
2024-02-17 15:00:00,50984.600000000006,51566.594
2024-02-17 16:00:00,50951.200000000004,51416.883
2024-02-17 17:00:00,51215.6,51298.6
2024-02-17 18:00:00,51263.9,51239.855
2024-02-17 19:00:00,51394.4,51248.59
2024-02-17 20:00:00,51514.00000000001,51296.633
2024-02-17 21:00:00,51803.8,51368.016
2024-02-17 22:00:00,51710.50000000001,51458.69
2024-02-17 23:00:00,51642.6,51574.145
2024-02-18 00:00:00,51676.9,51664.367
2024-02-18 01:00:00,51530.8,51711.613
2024-02-18 02:00:00,51278.00000000001,51723.465
2024-02-18 03:00:00,51480.0,51676.52
2024-02-18 04:00:00,51564.1,51627.027
2024-02-18 05:00:00,51656.90000000001,51604.484
2024-02-18 06:00:00,51509.6,51621.188
2024-02-18 07:00:00,51671.1,51641.766
2024-02-18 08:00:00,51790.00000000001,51662.535
2024-02-18 09:00:00,51976.8,51701.5
2024-02-18 10:00:00,51830.80000000001,51762.69
2024-02-18 11:00:00,51832.00000000001,51836.61
2024-02-18 12:00:00,51554.1,51882.273
2024-02-18 13:00:00,51628.4,51875.332
2024-02-18 14:00:00,51882.0,51845.742
2024-02-18 15:00:00,51774.00000000001,51830.13
2024-02-18 16:00:00,51835.600000000006,51840.34
2024-02-18 17:00:00,51837.90000000001,51855.99
2024-02-18 18:00:00,51793.9,51881.727
2024-02-18 19:00:00,51758.1,51893.805
2024-02-18 20:00:00,51776.00000000001,51897.57
2024-02-18 21:00:00,51861.1,51886.88
2024-02-18 22:00:00,52239.80000000001,51891.855
2024-02-18 23:00:00,52137.7,51915.184
2024-02-19 00:00:00,52183.700000000004,51990.125
2024-02-19 01:00:00,52092.1,52087.594
2024-02-19 02:00:00,52148.6,52149.953
2024-02-19 03:00:00,52063.8,52193.387
2024-02-19 04:00:00,52097.40000000001,52205.785
2024-02-19 05:00:00,52130.4,52201.883
2024-02-19 06:00:00,52387.5,52197.754
2024-02-19 07:00:00,52394.0,52211.035
2024-02-19 08:00:00,52098.50000000001,52272.797
2024-02-19 09:00:00,52263.0,52310.523
2024-02-19 10:00:00,52350.0,52324.625
2024-02-19 11:00:00,52336.2,52334.727
2024-02-19 12:00:00,52271.100000000006,52360.535
2024-02-19 13:00:00,52150.2,52374.57
2024-02-19 14:00:00,52100.0,52364.254
2024-02-19 15:00:00,52128.0,52329.73
2024-02-19 16:00:00,51775.8,52298.97
2024-02-19 17:00:00,52151.7,52226.246
2024-02-19 18:00:00,51926.600000000006,52168.863
2024-02-19 19:00:00,51820.6,52147.39
2024-02-19 20:00:00,51799.00000000001,52111.938
2024-02-19 21:00:00,51904.4,52068.504
2024-02-19 22:00:00,51936.4,52023.188
2024-02-19 23:00:00,51774.700000000004,52008.742
2024-02-20 00:00:00,51641.80000000001,51994.547
2024-02-20 01:00:00,51631.1,51941.363
2024-02-20 02:00:00,51711.1,51865.14
2024-02-20 03:00:00,51580.200000000004,51826.77
2024-02-20 04:00:00,51788.00000000001,51805.516
2024-02-20 05:00:00,51909.1,51794.086
2024-02-20 06:00:00,51948.100000000006,51818.24
2024-02-20 07:00:00,51839.3,51873.312
2024-02-20 08:00:00,51776.80000000001,51913.145
2024-02-20 09:00:00,51761.30000000001,51919.406
2024-02-20 10:00:00,52120.00000000001,51890.55
2024-02-20 11:00:00,52286.80000000001,51899.887
2024-02-20 12:00:00,52178.90000000001,51962.527
2024-02-20 13:00:00,52840.1,52074.01
2024-02-20 14:00:00,52048.7,52173.645
2024-02-20 15:00:00,51680.00000000001,52228.008
2024-02-20 16:00:00,51396.30000000001,52200.78
2024-02-20 17:00:00,51325.00000000001,52118.336
2024-02-20 18:00:00,51509.90000000001,51901.535
2024-02-20 19:00:00,52101.1,51772.152
2024-02-20 20:00:00,51990.600000000006,51740.965
2024-02-20 21:00:00,52024.00000000001,51813.836
2024-02-20 22:00:00,52168.6,51925.914
2024-02-20 23:00:00,52258.80000000001,52030.043
2024-02-21 00:00:00,52174.200000000004,52109.273
2024-02-21 01:00:00,52102.600000000006,52184.805
2024-02-21 02:00:00,52068.00000000001,52226.547
2024-02-21 03:00:00,52002.0,52231.566
2024-02-21 04:00:00,51949.6,52208.965
2024-02-21 05:00:00,51837.90000000001,52162.707
2024-02-21 06:00:00,51742.0,52118.414
2024-02-21 07:00:00,51568.6,52056.586
2024-02-21 08:00:00,51667.80000000001,51965.71
2024-02-21 09:00:00,51095.100000000006,51889.04
2024-02-21 10:00:00,51271.1,51759.492
2024-02-21 11:00:00,50965.5,51614.92
2024-02-21 12:00:00,51310.7,51491.586
2024-02-21 13:00:00,51181.100000000006,51374.195
2024-02-21 14:00:00,50930.00000000001,51326.613
2024-02-21 15:00:00,51156.00000000001,51265.715
2024-02-21 16:00:00,51346.40000000001,51230.734
2024-02-21 17:00:00,50931.4,51246.37
2024-02-21 18:00:00,50855.80000000001,51256.938
2024-02-21 19:00:00,51058.00000000001,51228.266
2024-02-21 20:00:00,50957.90000000001,51166.16
2024-02-21 21:00:00,51385.3,51123.387
2024-02-21 22:00:00,51511.100000000006,51138.266
2024-02-21 23:00:00,51849.40000000001,51224.89
2024-02-22 00:00:00,51532.600000000006,51355.883
2024-02-22 01:00:00,51238.8,51493.723
2024-02-22 02:00:00,51418.40000000001,51554.992
2024-02-22 03:00:00,51586.100000000006,51560.06
2024-02-22 04:00:00,51434.6,51565.848
2024-02-22 05:00:00,51524.9,51569.117
2024-02-22 06:00:00,51767.5,51578.5
2024-02-22 07:00:00,51827.6,51613.61
2024-02-22 08:00:00,51888.50000000001,51669.79
2024-02-22 09:00:00,51945.30000000001,51740.91
2024-02-22 10:00:00,51694.1,51817.26
2024-02-22 11:00:00,51622.00000000001,51865.484
2024-02-22 12:00:00,51521.1,51857.99
2024-02-22 13:00:00,51164.00000000001,51816.477
2024-02-22 14:00:00,51374.00000000001,51693.742
2024-02-22 15:00:00,51602.4,51587.375
2024-02-22 16:00:00,51479.1,51543.867
2024-02-22 17:00:00,51697.40000000001,51560.75
2024-02-22 18:00:00,51718.80000000001,51607.87
2024-02-22 19:00:00,51510.00000000001,51659.426
2024-02-22 20:00:00,51995.6,51682.934
2024-02-22 21:00:00,51657.00000000001,51696.703
2024-02-22 22:00:00,51456.00000000001,51756.68
2024-02-22 23:00:00,51288.40000000001,51758.35
2024-02-23 00:00:00,51455.90000000001,51707.273
2024-02-23 01:00:00,51311.1,51643.633
2024-02-23 02:00:00,51096.40000000001,51590.62
2024-02-23 03:00:00,51100.00000000001,51519.527
2024-02-23 04:00:00,51219.6,51416.695
2024-02-23 05:00:00,51236.00000000001,51361.89
2024-02-23 06:00:00,51301.100000000006,51337.953
2024-02-23 07:00:00,50916.00000000001,51343.0
2024-02-23 08:00:00,50958.5,51309.7
2024-02-23 09:00:00,51009.40000000001,51255.773
2024-02-23 10:00:00,51171.1,51199.203
2024-02-23 11:00:00,51218.9,51184.47
2024-02-23 12:00:00,50994.0,51204.31
2024-02-23 13:00:00,51058.2,51206.535
2024-02-23 14:00:00,51126.00000000001,51197.23
2024-02-23 15:00:00,50911.1,51155.367
2024-02-23 16:00:00,51053.100000000006,51138.96
2024-02-23 17:00:00,51139.100000000006,51108.414
2024-02-23 18:00:00,51103.80000000001,51136.234
2024-02-23 19:00:00,51099.100000000006,51169.2
2024-02-23 20:00:00,51079.2,51196.4
2024-02-23 21:00:00,50986.1,51204.336
2024-02-23 22:00:00,50788.0,51202.97
2024-02-23 23:00:00,50744.100000000006,51163.906
2024-02-24 00:00:00,50889.2,51080.09
2024-02-24 01:00:00,50590.0,51019.82
2024-02-24 02:00:00,50800.0,50967.23
2024-02-24 03:00:00,50850.00000000001,50930.004
2024-02-24 04:00:00,50954.0,50912.117
2024-02-24 05:00:00,51047.40000000001,50931.14
2024-02-24 06:00:00,50969.8,50974.984
2024-02-24 07:00:00,51068.700000000004,51021.633
2024-02-24 08:00:00,50994.9,51061.73
2024-02-24 09:00:00,51091.1,51093.63
2024-02-24 10:00:00,51090.0,51120.426
2024-02-24 11:00:00,51119.8,51145.727
2024-02-24 12:00:00,51076.600000000006,51166.215
2024-02-24 13:00:00,51140.00000000001,51184.375
2024-02-24 14:00:00,51139.30000000001,51198.79
2024-02-24 15:00:00,51099.30000000001,51213.727
2024-02-24 16:00:00,51215.00000000001,51225.594
2024-02-24 17:00:00,51534.0,51238.867
2024-02-24 18:00:00,51435.00000000001,51272.668
2024-02-24 19:00:00,51557.1,51360.03
2024-02-24 20:00:00,51511.50000000001,51460.508
2024-02-24 21:00:00,51562.30000000001,51533.316
2024-02-24 22:00:00,51556.6,51581.77
2024-02-24 23:00:00,51568.2,51619.0
2024-02-25 00:00:00,51486.90000000001,51642.324
2024-02-25 01:00:00,51684.0,51647.21
2024-02-25 02:00:00,51602.100000000006,51651.254
2024-02-25 03:00:00,51625.0,51662.613
2024-02-25 04:00:00,51617.6,51684.305
2024-02-25 05:00:00,51669.30000000001,51701.906
2024-02-25 06:00:00,51756.9,51719.547
2024-02-25 07:00:00,51719.30000000001,51740.785
2024-02-25 08:00:00,51606.40000000001,51771.707
2024-02-25 09:00:00,51639.5,51785.383
2024-02-25 10:00:00,51576.0,51778.363
2024-02-25 11:00:00,51645.00000000001,51762.668
2024-02-25 12:00:00,51656.50000000001,51750.586
2024-02-25 13:00:00,51612.90000000001,51744.71
2024-02-25 14:00:00,51741.2,51739.414
2024-02-25 15:00:00,51524.00000000001,51741.66
2024-02-25 16:00:00,51378.50000000001,51737.02
2024-02-25 17:00:00,51560.0,51694.027
2024-02-25 18:00:00,51580.00000000001,51670.234
2024-02-25 19:00:00,51673.00000000001,51660.145
2024-02-25 20:00:00,51735.80000000001,51661.477
2024-02-25 21:00:00,51766.8,51685.74
2024-02-25 22:00:00,51702.0,51742.125
2024-02-25 23:00:00,51728.9,51787.28
2024-02-26 00:00:00,51678.90000000001,51813.33
2024-02-26 01:00:00,51473.200000000004,51816.39
2024-02-26 02:00:00,51432.90000000001,51793.594
2024-02-26 03:00:00,51555.600000000006,51744.008
2024-02-26 04:00:00,51534.200000000004,51694.082
2024-02-26 05:00:00,51569.0,51663.797
2024-02-26 06:00:00,51521.1,51649.414
2024-02-26 07:00:00,51293.30000000001,51648.78
2024-02-26 08:00:00,51250.2,51618.508
2024-02-26 09:00:00,50950.0,51568.047
2024-02-26 10:00:00,51170.6,51461.105
2024-02-26 11:00:00,51090.0,51381.59
2024-02-26 12:00:00,51233.8,51325.867
2024-02-26 13:00:00,51228.50000000001,51291.816
2024-02-26 14:00:00,51687.00000000001,51293.516
2024-02-26 15:00:00,52842.3,51344.28
2024-02-26 16:00:00,53391.00000000001,51454.78
2024-02-26 17:00:00,53502.600000000006,51792.19
2024-02-26 18:00:00,53591.100000000006,52316.43
2024-02-26 19:00:00,54487.100000000006,52775.594
2024-02-26 20:00:00,54448.1,53119.973
2024-02-26 21:00:00,54642.90000000001,53513.137
2024-02-26 22:00:00,54659.80000000001,53882.273
2024-02-26 23:00:00,54476.5,54159.395
2024-02-27 00:00:00,54554.9,54333.906
2024-02-27 01:00:00,55768.4,54421.496
2024-02-27 02:00:00,56298.5,54526.234
2024-02-27 03:00:00,55667.600000000006,54783.355
2024-02-27 04:00:00,55738.00000000001,55150.965
2024-02-27 05:00:00,56066.0,55439.71
2024-02-27 06:00:00,56363.0,55623.934
2024-02-27 07:00:00,56059.1,55777.758
2024-02-27 08:00:00,56236.00000000001,55862.52
2024-02-27 09:00:00,56615.90000000001,55948.21
2024-02-27 10:00:00,56528.2,56034.88
2024-02-27 11:00:00,56527.80000000001,56153.37
2024-02-27 12:00:00,56786.9,56257.348
2024-02-27 13:00:00,57112.3,56324.062
2024-02-27 14:00:00,56976.30000000001,56434.69
2024-02-27 15:00:00,56745.7,56559.188
2024-02-27 16:00:00,57040.00000000001,56645.105
2024-02-27 17:00:00,56760.00000000001,56682.812
2024-02-27 18:00:00,57111.1,56727.582
2024-02-27 19:00:00,57339.700000000004,56770.27
2024-02-27 20:00:00,56967.90000000001,56826.53
2024-02-27 21:00:00,56703.3,56852.78
2024-02-27 22:00:00,56892.9,56863.617
2024-02-27 23:00:00,57037.30000000001,56848.465
2024-02-28 00:00:00,57015.30000000001,56838.156
2024-02-28 01:00:00,56772.600000000006,56841.08
2024-02-28 02:00:00,56925.100000000006,56837.152
2024-02-28 03:00:00,56916.40000000001,56825.348
2024-02-28 04:00:00,57207.5,56816.047
2024-02-28 05:00:00,57080.700000000004,56829.695
2024-02-28 06:00:00,57185.8,56874.332
2024-02-28 07:00:00,58241.100000000006,56922.0
2024-02-28 08:00:00,59448.40000000001,56990.812
2024-02-28 09:00:00,59300.00000000001,57249.547
2024-02-28 10:00:00,59266.00000000001,57691.086
2024-02-28 11:00:00,58941.1,58130.83
2024-02-28 12:00:00,59354.2,58391.168
2024-02-28 13:00:00,60454.80000000001,58580.207
2024-02-28 14:00:00,60971.100000000006,58699.92
2024-02-28 15:00:00,60966.200000000004,59022.36
2024-02-28 16:00:00,62412.00000000001,59413.668
2024-02-28 17:00:00,61358.6,59876.105
2024-02-28 18:00:00,61102.0,59960.277
2024-02-28 19:00:00,60951.1,60235.645
2024-02-28 20:00:00,60403.2,60455.445
2024-02-28 21:00:00,60550.5,60482.7
2024-02-28 22:00:00,61274.9,60422.973
2024-02-28 23:00:00,62432.100000000006,60401.77
2024-02-29 00:00:00,61360.00000000001,60525.3
2024-02-29 01:00:00,61376.100000000006,60717.832
2024-02-29 02:00:00,61740.30000000001,60866.0
2024-02-29 03:00:00,61561.3,60941.72
2024-02-29 04:00:00,62443.9,60979.785
2024-02-29 05:00:00,62540.90000000001,61053.11
2024-02-29 06:00:00,63000.0,61204.727
2024-02-29 07:00:00,62707.200000000004,61397.703
2024-02-29 08:00:00,62785.30000000001,61655.098
2024-02-29 09:00:00,62686.40000000001,61819.01
2024-02-29 10:00:00,62703.30000000001,61944.55
2024-02-29 11:00:00,62936.00000000001,61988.23
2024-02-29 12:00:00,62661.100000000006,62024.42
2024-02-29 13:00:00,62931.700000000004,62051.965
2024-02-29 14:00:00,62902.8,62052.805
2024-02-29 15:00:00,62768.0,62085.88
2024-02-29 16:00:00,62172.0,62155.836
2024-02-29 17:00:00,60982.40000000001,62081.9
2024-02-29 18:00:00,60800.0,61839.19
2024-02-29 19:00:00,61600.0,61547.1
2024-02-29 20:00:00,61934.7,61296.05
2024-02-29 21:00:00,61374.90000000001,61175.645
2024-02-29 22:00:00,61224.00000000001,61106.93
2024-02-29 23:00:00,61131.00000000001,61069.34
2024-03-01 00:00:00,61501.1,61012.562
2024-03-01 01:00:00,61214.4,60973.48
2024-03-01 02:00:00,60980.0,60945.645
2024-03-01 03:00:00,61105.90000000001,60882.34
2024-03-01 04:00:00,61524.1,60811.734
2024-03-01 05:00:00,61312.0,60792.707
2024-03-01 06:00:00,61568.2,60813.098
2024-03-01 07:00:00,61434.0,60857.164
2024-03-01 08:00:00,61908.600000000006,60893.94
2024-03-01 09:00:00,62129.1,60951.152
2024-03-01 10:00:00,61991.1,61078.36
2024-03-01 11:00:00,61863.700000000004,61208.055
2024-03-01 12:00:00,62230.00000000001,61302.797
2024-03-01 13:00:00,62458.0,61374.508
2024-03-01 14:00:00,61948.30000000001,61471.613
2024-03-01 15:00:00,61264.00000000001,61505.8
2024-03-01 16:00:00,61427.4,61455.547
2024-03-01 17:00:00,61910.0,61350.066
2024-03-01 18:00:00,62333.5,61274.758
2024-03-01 19:00:00,62215.50000000001,61302.105
2024-03-01 20:00:00,62861.1,61389.125
2024-03-01 21:00:00,62520.5,61506.16
2024-03-01 22:00:00,62490.100000000006,61651.56
2024-03-01 23:00:00,62387.9,61776.75
2024-03-02 00:00:00,62300.00000000001,61846.957
2024-03-02 01:00:00,62030.0,61850.13
2024-03-02 02:00:00,62111.200000000004,61805.945
2024-03-02 03:00:00,62307.40000000001,61741.984
2024-03-02 04:00:00,62035.90000000001,61695.652
2024-03-02 05:00:00,62006.600000000006,61671.95
2024-03-02 06:00:00,61946.0,61628.613
2024-03-02 07:00:00,62011.9,61597.48
2024-03-02 08:00:00,61939.6,61558.68
2024-03-02 09:00:00,61843.100000000006,61526.727
2024-03-02 10:00:00,61904.90000000001,61480.867
2024-03-02 11:00:00,61826.30000000001,61455.703
2024-03-02 12:00:00,62078.700000000004,61439.645
2024-03-02 13:00:00,61803.7,61442.285
2024-03-02 14:00:00,61840.1,61441.188
2024-03-02 15:00:00,61771.2,61409.656
2024-03-02 16:00:00,61854.30000000001,61381.34
2024-03-02 17:00:00,61761.100000000006,61359.19
2024-03-02 18:00:00,62024.3,61350.902
2024-03-02 19:00:00,62114.8,61359.637
2024-03-02 20:00:00,61873.200000000004,61385.145
2024-03-02 21:00:00,61898.700000000004,61410.543
2024-03-02 22:00:00,61685.00000000001,61431.83
2024-03-02 23:00:00,61987.30000000001,61420.01
2024-03-03 00:00:00,61736.90000000001,61401.367
2024-03-03 01:00:00,61795.5,61378.117
2024-03-03 02:00:00,61808.7,61364.74
2024-03-03 03:00:00,61931.1,61345.586
2024-03-03 04:00:00,62016.2,61341.777
2024-03-03 05:00:00,61900.00000000001,61365.492
2024-03-03 06:00:00,61865.00000000001,61394.33
2024-03-03 07:00:00,61598.00000000001,61407.496
2024-03-03 08:00:00,61597.100000000006,61344.293
2024-03-03 09:00:00,61715.100000000006,61290.977
2024-03-03 10:00:00,61655.600000000006,61259.145
2024-03-03 11:00:00,61831.100000000006,61247.527
2024-03-03 12:00:00,62184.0,61250.465
2024-03-03 13:00:00,62393.90000000001,61263.855
2024-03-03 14:00:00,62102.7,61372.656
2024-03-03 15:00:00,62164.6,61483.36
2024-03-03 16:00:00,62845.1,61563.566
2024-03-03 17:00:00,62570.0,61628.465
2024-03-03 18:00:00,62811.100000000006,61731.43
2024-03-03 19:00:00,62730.00000000001,61854.797
2024-03-03 20:00:00,62758.00000000001,61954.812
2024-03-03 21:00:00,62827.100000000006,62023.43
2024-03-03 22:00:00,62827.4,62072.027
2024-03-03 23:00:00,63114.0,62097.832
2024-03-04 00:00:00,63459.3,62157.543
2024-03-04 01:00:00,63512.4,62158.86
2024-03-04 02:00:00,63687.4,62338.145
2024-03-04 03:00:00,63458.7,62506.453
2024-03-04 04:00:00,63634.4,62644.055
2024-03-04 05:00:00,63358.00000000001,62734.32
2024-03-04 06:00:00,63689.200000000004,62768.062
2024-03-04 07:00:00,64066.600000000006,62787.79
2024-03-04 08:00:00,65241.1,62818.652
2024-03-04 09:00:00,65290.30000000001,62916.332
2024-03-04 10:00:00,65068.200000000004,63230.453
2024-03-04 11:00:00,65230.0,63552.227
2024-03-04 12:00:00,65123.7,63805.08
2024-03-04 13:00:00,65111.2,63954.797
2024-03-04 14:00:00,66169.4,64035.1
2024-03-04 15:00:00,66451.6,64058.35
2024-03-04 16:00:00,66539.8,64293.938
2024-03-04 17:00:00,66858.7,64563.914
2024-03-04 18:00:00,66617.6,64804.625
2024-03-04 19:00:00,67405.3,65040.86
2024-03-04 20:00:00,67427.2,65262.547
2024-03-04 21:00:00,67404.9,65453.75
2024-03-04 22:00:00,67929.1,65636.07
2024-03-04 23:00:00,68245.7,65814.33
2024-03-05 00:00:00,68034.0,65961.35
2024-03-05 01:00:00,68506.0,66180.91
2024-03-05 02:00:00,68137.8,66367.7
2024-03-05 03:00:00,68113.9,66506.836
2024-03-05 04:00:00,67326.2,66587.63
2024-03-05 05:00:00,66961.1,66530.97
2024-03-05 06:00:00,67286.8,66289.19
2024-03-05 07:00:00,66129.6,66166.32
2024-03-05 08:00:00,66866.8,65992.99
2024-03-05 09:00:00,66407.9,65811.484
2024-03-05 10:00:00,66810.2,65695.31
2024-03-05 11:00:00,66656.3,65638.414
2024-03-05 12:00:00,67325.0,65612.414
2024-03-05 13:00:00,67770.0,65637.37
2024-03-05 14:00:00,68710.4,65736.24
2024-03-05 15:00:00,66773.0,65907.695
2024-03-05 16:00:00,65496.0,65947.84
2024-03-05 17:00:00,65575.20000000001,65771.73
2024-03-05 18:00:00,63988.40000000001,65434.43
2024-03-05 19:00:00,61411.00000000001,65074.004
2024-03-05 20:00:00,61886.3,64199.484
2024-03-05 21:00:00,63264.200000000004,63416.465
2024-03-05 22:00:00,63398.00000000001,62941.574
2024-03-05 23:00:00,63724.0,62778.035
2024-03-06 00:00:00,63429.200000000004,62786.277
2024-03-06 01:00:00,63108.6,62851.766
2024-03-06 02:00:00,62795.00000000001,62874.875
2024-03-06 03:00:00,63263.200000000004,62801.77
2024-03-06 04:00:00,64608.0,62701.16
2024-03-06 05:00:00,66406.8,62716.58
2024-03-06 06:00:00,65737.2,62952.95
2024-03-06 07:00:00,66676.5,63442.02
2024-03-06 08:00:00,66941.2,63952.0
2024-03-06 09:00:00,66120.1,64395.0
2024-03-06 10:00:00,66660.4,64757.254
2024-03-06 11:00:00,67301.3,65000.35
2024-03-06 12:00:00,65929.5,65174.004
2024-03-06 13:00:00,66327.5,65168.715
2024-03-06 14:00:00,65896.8,65151.74
2024-03-06 15:00:00,66481.1,65108.387
2024-03-06 16:00:00,67086.0,65094.96
2024-03-06 17:00:00,67324.8,65186.83
2024-03-06 18:00:00,67084.2,65345.08
2024-03-06 19:00:00,66739.5,65502.16
2024-03-06 20:00:00,66888.2,65601.766
2024-03-06 21:00:00,66417.7,65657.47
2024-03-06 22:00:00,65916.5,65646.66
2024-03-06 23:00:00,66074.0,65560.88
2024-03-07 00:00:00,66198.3,65416.93
2024-03-07 01:00:00,66410.0,65280.168
2024-03-07 02:00:00,66101.1,65188.62
2024-03-07 03:00:00,65847.3,65148.277
2024-03-07 04:00:00,65843.6,65130.88
2024-03-07 05:00:00,65800.0,65091.645
2024-03-07 06:00:00,65872.0,65030.707
2024-03-07 07:00:00,66387.8,64979.637
2024-03-07 08:00:00,66665.4,64973.387
2024-03-07 09:00:00,66710.3,65036.215
2024-03-07 10:00:00,66898.4,65175.477
2024-03-07 11:00:00,66905.3,65313.29
2024-03-07 12:00:00,66712.4,65411.945
2024-03-07 13:00:00,66905.7,65495.51
2024-03-07 14:00:00,67025.0,65555.164
2024-03-07 15:00:00,67260.0,65540.766
2024-03-07 16:00:00,67304.0,65636.0
2024-03-07 17:00:00,67592.9,65747.92
2024-03-07 18:00:00,67601.2,65856.55
2024-03-07 19:00:00,67498.0,65997.63
2024-03-07 20:00:00,67537.7,66093.89
2024-03-07 21:00:00,67239.7,66150.8
2024-03-07 22:00:00,67102.2,66156.26
2024-03-07 23:00:00,66823.2,66142.164
2024-03-08 00:00:00,67072.6,66071.4
2024-03-08 01:00:00,66936.0,65984.195
2024-03-08 02:00:00,67117.4,65914.22
2024-03-08 03:00:00,67156.1,65885.92
2024-03-08 04:00:00,67069.2,65882.56
2024-03-08 05:00:00,66910.0,65899.01
2024-03-08 06:00:00,67563.6,65889.695
2024-03-08 07:00:00,67223.0,65898.71
2024-03-08 08:00:00,67208.5,65922.64
2024-03-08 09:00:00,67121.4,65967.945
2024-03-08 10:00:00,67336.7,65974.125
2024-03-08 11:00:00,67741.2,65993.05
2024-03-08 12:00:00,67455.2,66027.02
2024-03-08 13:00:00,67771.0,66091.91
2024-03-08 14:00:00,68422.0,66145.52
2024-03-08 15:00:00,67617.6,66196.734
2024-03-08 16:00:00,67810.6,66161.445
2024-03-08 17:00:00,68340.0,66174.57
2024-03-08 18:00:00,68578.0,66348.71
2024-03-08 19:00:00,68864.0,66545.16
2024-03-08 20:00:00,69072.0,66724.805
2024-03-08 21:00:00,68182.4,66870.59
2024-03-08 22:00:00,68102.1,66974.76
2024-03-08 23:00:00,68124.2,67010.36
2024-03-09 00:00:00,68100.0,66976.21
2024-03-09 01:00:00,67911.0,66911.98
2024-03-09 02:00:00,68156.0,66840.234
2024-03-09 03:00:00,68247.3,66787.26
2024-03-09 04:00:00,68301.1,66771.65
2024-03-09 05:00:00,68245.0,66784.29
2024-03-09 06:00:00,68426.0,66807.64
2024-03-09 07:00:00,68288.6,66832.95
2024-03-09 08:00:00,68300.0,66865.45
2024-03-09 09:00:00,68301.1,66887.305
2024-03-09 10:00:00,68178.0,66895.09
2024-03-09 11:00:00,68300.0,66870.82
2024-03-09 12:00:00,68475.2,66867.82
2024-03-09 13:00:00,68345.6,66876.664
2024-03-09 14:00:00,68138.7,66902.81
2024-03-09 15:00:00,68288.2,66905.44
2024-03-09 16:00:00,68104.6,66902.39
2024-03-09 17:00:00,68153.9,66873.234
2024-03-09 18:00:00,68250.0,66846.47
2024-03-09 19:00:00,68193.5,66835.055
2024-03-09 20:00:00,68333.2,66833.03
2024-03-09 21:00:00,68376.1,66843.875
2024-03-09 22:00:00,68365.0,66863.08
2024-03-09 23:00:00,68313.3,66890.73
2024-03-10 00:00:00,68343.1,66908.23
2024-03-10 01:00:00,68939.5,66910.164
2024-03-10 02:00:00,68822.6,66914.7
2024-03-10 03:00:00,69136.8,67026.195
2024-03-10 04:00:00,69403.8,67149.91
2024-03-10 05:00:00,69330.3,67263.24
2024-03-10 06:00:00,69325.9,67405.72
2024-03-10 07:00:00,69347.2,67513.38
2024-03-10 08:00:00,69635.4,67583.3
2024-03-10 09:00:00,69776.3,67643.79
2024-03-10 10:00:00,69750.1,67676.266
2024-03-10 11:00:00,69568.5,67759.1
2024-03-10 12:00:00,69777.9,67839.375
2024-03-10 13:00:00,69313.6,67881.98
2024-03-10 14:00:00,69270.0,67887.016
2024-03-10 15:00:00,69194.8,67832.71
2024-03-10 16:00:00,69426.4,67778.984
2024-03-10 17:00:00,69413.5,67754.48
2024-03-10 18:00:00,69234.0,67772.52
2024-03-10 19:00:00,69400.2,67777.37
2024-03-10 20:00:00,69309.99999999999,67770.9
2024-03-10 21:00:00,69100.0,67763.53
2024-03-10 22:00:00,68418.6,67739.63
2024-03-10 23:00:00,68955.9,67608.805
2024-03-11 00:00:00,68096.0,67508.914
2024-03-11 01:00:00,68299.2,67317.73
2024-03-11 02:00:00,68314.7,67166.16
2024-03-11 03:00:00,68604.4,67084.125
2024-03-11 04:00:00,68540.1,67057.484
2024-03-11 05:00:00,68550.4,67072.61
2024-03-11 06:00:00,69319.8,67097.98
2024-03-11 07:00:00,71020.0,67153.41
2024-03-11 08:00:00,71190.0,67161.12
2024-03-11 09:00:00,71770.0,67615.875
2024-03-11 10:00:00,71504.0,68144.57
2024-03-11 11:00:00,71487.2,68581.56
2024-03-11 12:00:00,71968.3,68857.53
2024-03-11 13:00:00,71504.0,69075.445
2024-03-11 14:00:00,72170.7,69198.28
2024-03-11 15:00:00,72010.0,69327.2
2024-03-11 16:00:00,72501.1,69442.06
2024-03-11 17:00:00,72481.1,69570.94
2024-03-11 18:00:00,72480.0,69720.766
2024-03-11 19:00:00,71970.0,69844.664
2024-03-11 20:00:00,72115.8,69877.64
2024-03-11 21:00:00,72517.3,69918.34
2024-03-11 22:00:00,72441.1,69943.86
2024-03-11 23:00:00,72078.1,69975.055
2024-03-12 00:00:00,71988.3,69999.63
2024-03-12 01:00:00,72433.3,69983.18
2024-03-12 02:00:00,72184.0,69975.64
2024-03-12 03:00:00,71619.0,69979.36
2024-03-12 04:00:00,71809.3,69907.64
2024-03-12 05:00:00,71981.1,69841.14
2024-03-12 06:00:00,72266.5,69805.82
2024-03-12 07:00:00,72121.1,69775.22
2024-03-12 08:00:00,71677.3,69795.48
2024-03-12 09:00:00,71936.0,69781.164
2024-03-12 10:00:00,71864.0,69781.25
2024-03-12 11:00:00,72023.8,69768.586
2024-03-12 12:00:00,72193.2,69760.055
2024-03-12 13:00:00,72293.8,69733.664
2024-03-12 14:00:00,71666.8,69755.02
2024-03-12 15:00:00,71703.4,69728.305
2024-03-12 16:00:00,70507.4,69715.695
2024-03-12 17:00:00,71092.5,69556.99
2024-03-12 18:00:00,71410.2,69253.37
2024-03-12 19:00:00,71350.0,69168.875
2024-03-12 20:00:00,71037.6,69182.266
2024-03-12 21:00:00,70845.2,69218.49
2024-03-12 22:00:00,71162.0,69212.836
2024-03-12 23:00:00,71452.0,69178.16
2024-03-13 00:00:00,71410.7,69175.586
2024-03-13 01:00:00,72005.4,69208.914
2024-03-13 02:00:00,71980.0,69277.836
2024-03-13 03:00:00,72057.4,69402.06
2024-03-13 04:00:00,72210.0,69520.66
2024-03-13 05:00:00,72152.4,69629.055
2024-03-13 06:00:00,72708.0,69715.234
2024-03-13 07:00:00,72855.2,69785.375
2024-03-13 08:00:00,73433.5,69885.266
2024-03-13 09:00:00,73306.5,70048.59
2024-03-13 10:00:00,73256.0,70258.92
2024-03-13 11:00:00,73065.4,70434.27
2024-03-13 12:00:00,72810.0,70535.8
2024-03-13 13:00:00,72183.6,70538.54
2024-03-13 14:00:00,72352.8,70428.945
2024-03-13 15:00:00,72635.0,70314.93
2024-03-13 16:00:00,72995.9,70266.23
2024-03-13 17:00:00,72820.6,70272.19
2024-03-13 18:00:00,73133.6,70311.68
2024-03-13 19:00:00,73349.2,70380.99
2024-03-13 20:00:00,73088.7,70445.19
2024-03-13 21:00:00,73240.2,70517.945
2024-03-13 22:00:00,72951.8,70580.13
2024-03-13 23:00:00,73072.4,70602.94
2024-03-14 00:00:00,72842.8,70610.76
2024-03-14 01:00:00,72928.3,70586.734
2024-03-14 02:00:00,73012.7,70549.37
2024-03-14 03:00:00,73267.1,70536.09
2024-03-14 04:00:00,72961.1,70551.46
2024-03-14 05:00:00,73144.0,70554.31
2024-03-14 06:00:00,73577.4,70584.14
2024-03-14 07:00:00,73224.0,70622.49
2024-03-14 08:00:00,73321.1,70669.27
2024-03-14 09:00:00,73329.1,70726.76
2024-03-14 10:00:00,72983.6,70760.516
2024-03-14 11:00:00,72884.0,70746.39
2024-03-14 12:00:00,72829.9,70685.836
2024-03-14 13:00:00,71884.8,70597.23
2024-03-14 14:00:00,71690.0,70408.03
2024-03-14 15:00:00,70844.0,70232.52
2024-03-14 16:00:00,71337.6,69986.13
2024-03-14 17:00:00,71036.0,69706.21
2024-03-14 18:00:00,70098.5,69544.88
2024-03-14 19:00:00,69415.1,69301.9
2024-03-14 20:00:00,70744.9,68929.47
2024-03-14 21:00:00,71105.6,68750.19
2024-03-14 22:00:00,71539.2,68745.44
2024-03-14 23:00:00,71388.9,68848.96
2024-03-15 00:00:00,71910.0,69019.73
2024-03-15 01:00:00,71632.0,69168.07
2024-03-15 02:00:00,69035.4,69316.19
2024-03-15 03:00:00,68224.0,69110.64
2024-03-15 04:00:00,67448.0,68621.06
2024-03-15 05:00:00,67441.1,68086.88
2024-03-15 06:00:00,68670.0,67610.445
2024-03-15 07:00:00,68448.3,67287.82
2024-03-15 08:00:00,67066.3,67145.86
2024-03-15 09:00:00,67799.3,66975.05
2024-03-15 10:00:00,67250.8,66678.12
2024-03-15 11:00:00,67757.8,66569.84
2024-03-15 12:00:00,67915.0,66469.25
2024-03-15 13:00:00,68474.3,66459.08
2024-03-15 14:00:00,68622.8,66485.67
2024-03-15 15:00:00,68157.1,66582.83
2024-03-15 16:00:00,67893.8,66693.87
2024-03-15 17:00:00,68221.1,66707.67
2024-03-15 18:00:00,70234.0,66725.8
2024-03-15 19:00:00,68964.0,66829.96
2024-03-15 20:00:00,67872.0,67015.32
2024-03-15 21:00:00,68309.0,67102.91
2024-03-15 22:00:00,69104.3,67111.6
2024-03-15 23:00:00,69499.9,67099.26
2024-03-16 00:00:00,69640.0,67168.055
2024-03-16 01:00:00,69286.2,67329.266
2024-03-16 02:00:00,69073.1,67485.22
2024-03-16 03:00:00,69200.1,67572.28
2024-03-16 04:00:00,69011.0,67601.98
2024-03-16 05:00:00,68984.9,67585.18
2024-03-16 06:00:00,69186.9,67537.96
2024-03-16 07:00:00,69432.5,67518.54
2024-03-16 08:00:00,69022.0,67539.27
2024-03-16 09:00:00,68939.0,67554.67
2024-03-16 10:00:00,68427.5,67556.01
2024-03-16 11:00:00,68256.0,67479.63
2024-03-16 12:00:00,67884.0,67333.95
2024-03-16 13:00:00,67704.3,67179.47
2024-03-16 14:00:00,68194.2,67009.98
2024-03-16 15:00:00,68385.6,66876.06
2024-03-16 16:00:00,68187.0,66821.266
2024-03-16 17:00:00,67275.9,66827.13
2024-03-16 18:00:00,67030.6,66745.65
2024-03-16 19:00:00,66911.5,66552.42
2024-03-16 20:00:00,67129.2,66374.1
2024-03-16 21:00:00,66243.3,66233.89
2024-03-16 22:00:00,66361.1,66048.13
2024-03-16 23:00:00,65300.600000000006,65859.695
2024-03-17 00:00:00,65220.600000000006,65524.816
2024-03-17 01:00:00,66174.7,65264.555
2024-03-17 02:00:00,66364.2,65097.31
2024-03-17 03:00:00,66539.0,65070.855
2024-03-17 04:00:00,66351.8,65135.46
2024-03-17 05:00:00,66235.7,65209.31
2024-03-17 06:00:00,64961.100000000006,65243.69
2024-03-17 07:00:00,65636.7,65124.918
2024-03-17 08:00:00,66521.1,64910.652
2024-03-17 09:00:00,66461.2,64841.48
2024-03-17 10:00:00,67169.1,64921.16
2024-03-17 11:00:00,66955.5,65097.24
2024-03-17 12:00:00,66584.2,65320.51
2024-03-17 13:00:00,67127.1,65467.98
2024-03-17 14:00:00,67610.0,65564.09
2024-03-17 15:00:00,67965.5,65678.695
2024-03-17 16:00:00,68021.8,65821.46
2024-03-17 17:00:00,68550.2,66010.69
2024-03-17 18:00:00,68172.4,66238.78
2024-03-17 19:00:00,68536.7,66436.83
2024-03-17 20:00:00,68269.1,66606.28
2024-03-17 21:00:00,68143.4,66713.98
2024-03-17 22:00:00,68228.0,66768.07
2024-03-17 23:00:00,68393.5,66782.3
2024-03-18 00:00:00,67301.9,66811.07
2024-03-18 01:00:00,67630.5,66741.67
2024-03-18 02:00:00,67764.2,66621.09
2024-03-18 03:00:00,67972.0,66540.914
2024-03-18 04:00:00,68360.0,66520.5
2024-03-18 05:00:00,68693.4,66553.14
2024-03-18 06:00:00,68481.1,66653.664
2024-03-18 07:00:00,68218.4,66787.24
2024-03-18 08:00:00,68035.5,66855.95
2024-03-18 09:00:00,67844.0,66817.13
2024-03-18 10:00:00,68130.0,66759.35
2024-03-18 11:00:00,68253.4,66718.35
2024-03-18 12:00:00,68550.5,66720.266
2024-03-18 13:00:00,67552.4,66750.484
2024-03-18 14:00:00,66996.7,66703.62
2024-03-18 15:00:00,67467.2,66574.55
2024-03-18 16:00:00,67124.1,66427.17
2024-03-18 17:00:00,67388.3,66283.15
2024-03-18 18:00:00,67010.0,66191.7
2024-03-18 19:00:00,66936.0,66138.89
2024-03-18 20:00:00,67358.2,66082.0
2024-03-18 21:00:00,67621.5,66054.37
2024-03-18 22:00:00,67692.0,66069.61
2024-03-18 23:00:00,67610.0,66120.33
2024-03-19 00:00:00,67087.0,66190.52
2024-03-19 01:00:00,65851.6,66192.945
2024-03-19 02:00:00,65875.9,66014.51
2024-03-19 03:00:00,65876.0,65777.586
2024-03-19 04:00:00,65341.200000000004,65460.82
2024-03-19 05:00:00,65214.3,65205.74
2024-03-19 06:00:00,64928.0,64961.31
2024-03-19 07:00:00,64704.2,64742.848
2024-03-19 08:00:00,63464.00000000001,64445.766
2024-03-19 09:00:00,64141.8,64128.645
2024-03-19 10:00:00,63256.00000000001,63815.77
2024-03-19 11:00:00,63081.30000000001,63548.24
2024-03-19 12:00:00,63624.0,63260.652
2024-03-19 13:00:00,63564.00000000001,63066.19
2024-03-19 14:00:00,62888.0,62971.54
2024-03-19 15:00:00,64051.9,62822.836
2024-03-19 16:00:00,64972.00000000001,62743.24
2024-03-19 17:00:00,64868.0,62873.19
2024-03-19 18:00:00,64716.6,63152.914
2024-03-19 19:00:00,64392.00000000001,63432.094
2024-03-19 20:00:00,63770.40000000001,63613.598
2024-03-19 21:00:00,63952.00000000001,63602.707
2024-03-19 22:00:00,62634.00000000001,63520.75
2024-03-19 23:00:00,61937.4,63276.65
2024-03-20 00:00:00,63230.00000000001,62887.363
2024-03-20 01:00:00,62374.90000000001,62574.41
2024-03-20 02:00:00,62881.4,62366.0
2024-03-20 03:00:00,61860.8,62268.15
2024-03-20 04:00:00,61646.9,62159.562
2024-03-20 05:00:00,61549.50000000001,61952.984
2024-03-20 06:00:00,61750.00000000001,61697.95
2024-03-20 07:00:00,62957.9,61540.797
2024-03-20 08:00:00,62684.7,61513.99
2024-03-20 09:00:00,63215.9,61642.1
2024-03-20 10:00:00,63041.1,61845.375
2024-03-20 11:00:00,63392.9,62042.082
2024-03-20 12:00:00,64056.1,62201.145
2024-03-20 13:00:00,63608.8,62377.93
2024-03-20 14:00:00,64227.4,62541.047
2024-03-20 15:00:00,63600.40000000001,62701.176
2024-03-20 16:00:00,63103.600000000006,62811.344
2024-03-20 17:00:00,64107.6,62764.566
2024-03-20 18:00:00,65414.9,62766.605
2024-03-20 19:00:00,65784.5,62956.387
2024-03-20 20:00:00,67057.6,63309.496
2024-03-20 21:00:00,67676.1,63784.85
2024-03-20 22:00:00,67681.9,64403.824
2024-03-20 23:00:00,67840.5,64983.6
2024-03-21 00:00:00,67656.0,65446.902
2024-03-21 01:00:00,67796.9,65754.73
2024-03-21 02:00:00,67532.0,65980.62
2024-03-21 03:00:00,66654.5,66105.47
2024-03-21 04:00:00,66720.0,66070.47
2024-03-21 05:00:00,67009.5,65973.87
2024-03-21 06:00:00,66980.0,65847.336
2024-03-21 07:00:00,66985.2,65795.445
2024-03-21 08:00:00,67283.5,65803.05
2024-03-21 09:00:00,66844.0,65830.21
2024-03-21 10:00:00,66966.8,65850.49
2024-03-21 11:00:00,67044.0,65852.9
2024-03-21 12:00:00,67244.0,65837.54
2024-03-21 13:00:00,66736.0,65848.57
2024-03-21 14:00:00,66860.1,65824.39
2024-03-21 15:00:00,66557.8,65821.414
2024-03-21 16:00:00,66791.9,65729.82
2024-03-21 17:00:00,65725.0,65668.875
2024-03-21 18:00:00,65133.700000000004,65549.85
2024-03-21 19:00:00,65223.7,65311.055
2024-03-21 20:00:00,65479.90000000001,65054.23
2024-03-21 21:00:00,65654.00000000001,64821.96
2024-03-21 22:00:00,65392.2,64731.613
2024-03-21 23:00:00,65501.30000000001,64682.473
2024-03-22 00:00:00,65794.0,64658.742
2024-03-22 01:00:00,65244.0,64642.176
2024-03-22 02:00:00,65644.0,64631.105
2024-03-22 03:00:00,65982.0,64611.777
2024-03-22 04:00:00,66144.9,64628.285
2024-03-22 05:00:00,66430.0,64709.92
2024-03-22 06:00:00,66448.1,64826.285
2024-03-22 07:00:00,66178.0,64951.82
2024-03-22 08:00:00,65858.7,65057.805
2024-03-22 09:00:00,65482.0,65084.746
2024-03-22 10:00:00,64656.40000000001,65022.707
2024-03-22 11:00:00,64233.90000000001,64824.53
2024-03-22 12:00:00,64260.50000000001,64552.133
2024-03-22 13:00:00,63058.600000000006,64260.7
2024-03-22 14:00:00,62740.0,63880.21
2024-03-22 15:00:00,63877.00000000001,63486.344
2024-03-22 16:00:00,63270.6,63209.293
2024-03-22 17:00:00,63579.40000000001,63043.805
2024-03-22 18:00:00,63745.80000000001,62981.99
2024-03-22 19:00:00,63866.90000000001,62972.688
2024-03-22 20:00:00,63501.700000000004,62990.81
2024-03-22 21:00:00,62974.0,63010.363
2024-03-22 22:00:00,63022.00000000001,62894.4
2024-03-22 23:00:00,63796.6,62761.2
2024-03-23 00:00:00,63572.0,62707.453
2024-03-23 01:00:00,64111.6,62730.758
2024-03-23 02:00:00,63861.8,62811.39
2024-03-23 03:00:00,63556.0,62933.613
2024-03-23 04:00:00,63880.6,62978.39
2024-03-23 05:00:00,64075.100000000006,63007.203
2024-03-23 06:00:00,64166.0,63049.5
2024-03-23 07:00:00,64575.4,63115.906
2024-03-23 08:00:00,64522.0,63217.69
2024-03-23 09:00:00,64470.0,63347.582
2024-03-23 10:00:00,64320.0,63456.31
2024-03-23 11:00:00,64629.600000000006,63522.19
2024-03-23 12:00:00,64697.9,63570.51
2024-03-23 13:00:00,64596.1,63620.9
2024-03-23 14:00:00,65248.0,63661.836
2024-03-23 15:00:00,65104.100000000006,63725.08
2024-03-23 16:00:00,65661.3,63837.35
2024-03-23 17:00:00,65652.7,63975.383
2024-03-23 18:00:00,65373.90000000001,64159.45
2024-03-23 19:00:00,64872.9,64312.37
2024-03-23 20:00:00,65009.80000000001,64350.492
2024-03-23 21:00:00,64944.700000000004,64314.43
2024-03-23 22:00:00,64747.90000000001,64253.83
2024-03-23 23:00:00,63990.00000000001,64185.8
2024-03-24 00:00:00,64524.0,64039.637
2024-03-24 01:00:00,64470.0,63903.918
2024-03-24 02:00:00,64278.1,63815.684
2024-03-24 03:00:00,63963.0,63749.574
2024-03-24 04:00:00,64218.0,63662.418
2024-03-24 05:00:00,64304.600000000006,63574.44
2024-03-24 06:00:00,64218.900000000016,63529.055
2024-03-24 07:00:00,64583.4,63508.71
2024-03-24 08:00:00,65244.0,63512.97
2024-03-24 09:00:00,64880.00000000001,63586.207
2024-03-24 10:00:00,65098.00000000001,63727.227
2024-03-24 11:00:00,65334.00000000001,63871.36
2024-03-24 12:00:00,65646.8,63994.867
2024-03-24 13:00:00,65357.700000000004,64113.11
2024-03-24 14:00:00,65650.0,64234.99
2024-03-24 15:00:00,65673.4,64342.133
2024-03-24 16:00:00,65249.0,64439.098
2024-03-24 17:00:00,65346.00000000001,64482.184
2024-03-24 18:00:00,65846.0,64445.75
2024-03-24 19:00:00,65843.0,64459.78
2024-03-24 20:00:00,66161.9,64531.984
2024-03-24 21:00:00,66530.0,64639.402
2024-03-24 22:00:00,66951.3,64800.145
2024-03-24 23:00:00,67210.0,64983.656
2024-03-25 00:00:00,66577.3,65188.645
2024-03-25 01:00:00,66556.0,65384.93
2024-03-25 02:00:00,66700.0,65494.08
2024-03-25 03:00:00,67350.0,65524.777
2024-03-25 04:00:00,67506.0,65563.94
2024-03-25 05:00:00,67350.0,65654.02
2024-03-25 06:00:00,67150.0,65781.18
2024-03-25 07:00:00,66821.2,65877.2
2024-03-25 08:00:00,66938.7,65902.43
2024-03-25 09:00:00,67056.0,65882.47
2024-03-25 10:00:00,66994.3,65851.76
2024-03-25 11:00:00,66810.1,65833.34
2024-03-25 12:00:00,67080.0,65810.164
2024-03-25 13:00:00,67984.0,65804.875
2024-03-25 14:00:00,69377.2,65840.26
2024-03-25 15:00:00,69792.0,65950.78
2024-03-25 16:00:00,70154.4,66372.23
2024-03-25 17:00:00,70559.1,66874.49
2024-03-25 18:00:00,70857.1,67353.99
2024-03-25 19:00:00,70960.9,67788.36
2024-03-25 20:00:00,70907.2,68110.24
2024-03-25 21:00:00,69853.6,68367.984
2024-03-25 22:00:00,70310.0,68451.96
2024-03-25 23:00:00,69880.0,68481.375
2024-03-26 00:00:00,69893.0,68444.33
2024-03-26 01:00:00,70284.2,68382.89
2024-03-26 02:00:00,70530.0,68341.33
2024-03-26 03:00:00,70423.1,68349.51
2024-03-26 04:00:00,70600.8,68404.15
2024-03-26 05:00:00,70300.0,68480.734
2024-03-26 06:00:00,70616.0,68530.625
2024-03-26 07:00:00,70486.4,68565.48
2024-03-26 08:00:00,70693.7,68567.625
2024-03-26 09:00:00,71142.2,68623.54
2024-03-26 10:00:00,70893.7,68704.45
2024-03-26 11:00:00,70693.2,68791.266
2024-03-26 12:00:00,71110.0,68843.734
2024-03-26 13:00:00,70390.0,68871.13
2024-03-26 14:00:00,70310.0,68831.516
2024-03-26 15:00:00,70250.0,68710.36
2024-03-26 16:00:00,69730.0,68641.19
2024-03-26 17:00:00,70066.5,68530.625
2024-03-26 18:00:00,69932.0,68455.19
2024-03-26 19:00:00,69477.7,68407.56
2024-03-26 20:00:00,69827.8,68317.64
2024-03-26 21:00:00,70000.7,68253.664
2024-03-26 22:00:00,70249.2,68219.81
2024-03-26 23:00:00,69988.0,68226.28
2024-03-27 00:00:00,70620.0,68255.13
2024-03-27 01:00:00,70326.7,68299.78
2024-03-27 02:00:00,70575.9,68369.61
2024-03-27 03:00:00,70388.0,68447.4
2024-03-27 04:00:00,70190.0,68505.77
2024-03-27 05:00:00,70475.1,68522.3
2024-03-27 06:00:00,70310.0,68528.42
2024-03-27 07:00:00,69726.0,68530.336
2024-03-27 08:00:00,69547.9,68476.03
2024-03-27 09:00:00,70057.6,68388.71
2024-03-27 10:00:00,70112.0,68292.055
2024-03-27 11:00:00,70220.7,68257.39
2024-03-27 12:00:00,70186.2,68275.67
2024-03-27 13:00:00,69892.0,68312.47
2024-03-27 14:00:00,70050.7,68237.984
2024-03-27 15:00:00,68874.0,68154.39
2024-03-27 16:00:00,69244.0,68123.07
2024-03-27 17:00:00,68680.0,68022.37
2024-03-27 18:00:00,68475.6,67898.38
2024-03-27 19:00:00,68652.0,67727.11
2024-03-27 20:00:00,68906.0,67570.65
2024-03-27 21:00:00,68942.0,67476.734
2024-03-27 22:00:00,69440.1,67443.266
2024-03-27 23:00:00,69470.0,67462.84
2024-03-28 00:00:00,69682.0,67527.28
2024-03-28 01:00:00,69442.6,67630.97
2024-03-28 02:00:00,69146.9,67724.234
2024-03-28 03:00:00,69290.0,67752.39
2024-03-28 04:00:00,69717.2,67745.06
2024-03-28 05:00:00,69714.2,67748.875
2024-03-28 06:00:00,70363.7,67799.984
2024-03-28 07:00:00,70399.0,67887.516
2024-03-28 08:00:00,70578.1,68033.4
2024-03-28 09:00:00,70566.0,68183.91
2024-03-28 10:00:00,70800.0,68349.44
2024-03-28 11:00:00,70647.2,68475.09
2024-03-28 12:00:00,70839.2,68575.36
2024-03-28 13:00:00,70878.0,68641.19
2024-03-28 14:00:00,71538.0,68671.26
2024-03-28 15:00:00,71290.4,68743.85
2024-03-28 16:00:00,70687.0,68874.7
2024-03-28 17:00:00,70791.2,68961.67
2024-03-28 18:00:00,70550.0,68986.23
2024-03-28 19:00:00,70798.3,68950.32
2024-03-28 20:00:00,70674.1,68903.17
2024-03-28 21:00:00,70781.8,68874.97
2024-03-28 22:00:00,70848.0,68867.08
2024-03-28 23:00:00,70780.6,68862.336
2024-03-29 00:00:00,70735.8,68870.88
2024-03-29 01:00:00,70790.0,68879.16
2024-03-29 02:00:00,70619.3,68879.125
2024-03-29 03:00:00,70442.2,68868.78
2024-03-29 04:00:00,70365.0,68828.41
2024-03-29 05:00:00,70180.7,68776.555
2024-03-29 06:00:00,70438.0,68711.1
2024-03-29 07:00:00,69794.0,68651.516
2024-03-29 08:00:00,69933.0,68560.945
2024-03-29 09:00:00,69733.7,68475.36
2024-03-29 10:00:00,70108.0,68387.45
2024-03-29 11:00:00,70142.8,68321.336
2024-03-29 12:00:00,70150.0,68306.84
2024-03-29 13:00:00,70426.7,68315.695
2024-03-29 14:00:00,70061.8,68354.766
2024-03-29 15:00:00,69180.0,68386.53
2024-03-29 16:00:00,69176.5,68299.75
2024-03-29 17:00:00,69404.3,68180.016
2024-03-29 18:00:00,69514.0,68059.46
2024-03-29 19:00:00,69666.0,67976.22
2024-03-29 20:00:00,69615.6,67941.664
2024-03-29 21:00:00,69420.0,67942.26
2024-03-29 22:00:00,69808.0,67936.16
2024-03-29 23:00:00,69850.5,67940.89
2024-03-30 00:00:00,69932.9,67972.63
2024-03-30 01:00:00,69976.1,68018.83
2024-03-30 02:00:00,69934.0,68070.164
2024-03-30 03:00:00,69774.0,68126.05
2024-03-30 04:00:00,70068.5,68154.33
2024-03-30 05:00:00,70006.8,68170.71
2024-03-30 06:00:00,69960.0,68187.75
2024-03-30 07:00:00,69852.2,68214.35
2024-03-30 08:00:00,69966.0,68225.67
2024-03-30 09:00:00,70008.3,68223.99
2024-03-30 10:00:00,70042.2,68229.766
2024-03-30 11:00:00,70183.5,68244.36
2024-03-30 12:00:00,70218.9,68265.93
2024-03-30 13:00:00,70148.0,68300.22
2024-03-30 14:00:00,70038.0,68333.73
2024-03-30 15:00:00,70000.0,68348.08
2024-03-30 16:00:00,70178.2,68344.92
2024-03-30 17:00:00,70036.0,68338.45
2024-03-30 18:00:00,69924.9,68337.586
2024-03-30 19:00:00,69896.3,68326.43
2024-03-30 20:00:00,69812.5,68285.1
2024-03-30 21:00:00,69722.1,68255.45
2024-03-30 22:00:00,69720.9,68215.7
2024-03-30 23:00:00,69582.2,68174.664
2024-03-31 00:00:00,69872.3,68130.81
2024-03-31 01:00:00,70043.5,68099.375
2024-03-31 02:00:00,69990.0,68105.79
2024-03-31 03:00:00,69916.6,68155.234
2024-03-31 04:00:00,70116.0,68190.62
2024-03-31 05:00:00,70345.6,68219.14
2024-03-31 06:00:00,70215.0,68245.516
2024-03-31 07:00:00,70301.7,68308.78
2024-03-31 08:00:00,70266.0,68365.8
2024-03-31 09:00:00,70225.3,68410.445
2024-03-31 10:00:00,70267.1,68440.53
2024-03-31 11:00:00,70370.0,68454.08
2024-03-31 12:00:00,70500.0,68466.09
2024-03-31 13:00:00,70586.0,68489.75
2024-03-31 14:00:00,70535.5,68532.73
2024-03-31 15:00:00,70381.1,68584.73
2024-03-31 16:00:00,70469.2,68612.17
2024-03-31 17:00:00,70509.1,68624.016
2024-03-31 18:00:00,70856.6,68637.42
2024-03-31 19:00:00,71023.5,68655.234
2024-03-31 20:00:00,70840.0,68725.805
2024-03-31 21:00:00,70856.0,68803.29
2024-03-31 22:00:00,70970.0,68854.66
2024-03-31 23:00:00,71280.0,68893.266
2024-04-01 00:00:00,71152.9,68932.79
2024-04-01 01:00:00,70819.2,68987.08
2024-04-01 02:00:00,70867.0,69021.51
2024-04-01 03:00:00,70588.0,69025.12
2024-04-01 04:00:00,70430.0,68986.27
2024-04-01 05:00:00,69167.5,68919.78
2024-04-01 06:00:00,69615.0,68699.72
2024-04-01 07:00:00,69594.9,68465.37
2024-04-01 08:00:00,69388.6,68303.5
2024-04-01 09:00:00,69395.0,68167.484
2024-04-01 10:00:00,69554.0,68083.78
2024-04-01 11:00:00,69460.0,68021.086
2024-04-01 12:00:00,69841.10000000002,67983.5
2024-04-01 13:00:00,69880.0,67979.664
2024-04-01 14:00:00,68906.1,67991.836
2024-04-01 15:00:00,68237.1,67923.08
2024-04-01 16:00:00,68566.2,67749.59
2024-04-01 17:00:00,68750.0,67589.18
2024-04-01 18:00:00,68927.1,67446.82
2024-04-01 19:00:00,69648.0,67367.58
2024-04-01 20:00:00,69730.1,67378.375
2024-04-01 21:00:00,69586.0,67511.57
2024-04-01 22:00:00,69711.8,67664.48
2024-04-01 23:00:00,69649.8,67784.64
2024-04-02 00:00:00,69349.1,67876.234
2024-04-02 01:00:00,69391.1,67882.01
2024-04-02 02:00:00,66996.0,67870.46
2024-04-02 03:00:00,66704.0,67510.26
2024-04-02 04:00:00,66592.1,67157.34
2024-04-02 05:00:00,66764.6,66742.81
2024-04-02 06:00:00,66867.0,66373.984
2024-04-02 07:00:00,66455.5,66135.18
2024-04-02 08:00:00,66240.0,65968.92
2024-04-02 09:00:00,66080.7,65810.16
2024-04-02 10:00:00,65984.0,65616.73
2024-04-02 11:00:00,65622.7,65446.74
2024-04-02 12:00:00,65345.6,65217.51
2024-04-02 13:00:00,65224.2,65055.477
2024-04-02 14:00:00,65702.3,64815.81
2024-04-02 15:00:00,64890.00000000001,64684.086
2024-04-02 16:00:00,65543.9,64597.26
2024-04-02 17:00:00,65608.0,64545.19
2024-04-02 18:00:00,65811.0,64548.582
2024-04-02 19:00:00,65914.9,64566.39
2024-04-02 20:00:00,65650.4,64624.0
2024-04-02 21:00:00,65692.80000000002,64684.72
2024-04-02 22:00:00,65816.0,64710.46
2024-04-02 23:00:00,65464.0,64741.066
2024-04-03 00:00:00,65388.00000000001,64734.19
2024-04-03 01:00:00,65792.4,64605.13
2024-04-03 02:00:00,65906.5,64566.055
2024-04-03 03:00:00,66225.8,64608.06
2024-04-03 04:00:00,66320.4,64708.645
2024-04-03 05:00:00,66077.1,64835.26
2024-04-03 06:00:00,66350.8,64937.523
2024-04-03 07:00:00,66136.0,65019.785
2024-04-03 08:00:00,66518.0,65069.875
2024-04-03 09:00:00,66484.6,65101.61
2024-04-03 10:00:00,66197.6,65159.84
2024-04-03 11:00:00,66059.8,65194.473
2024-04-03 12:00:00,65900.0,65172.664
2024-04-03 13:00:00,65804.0,65125.074
2024-04-03 14:00:00,66627.9,65058.8
2024-04-03 15:00:00,65836.0,65026.78
2024-04-03 16:00:00,66194.5,65044.324
2024-04-03 17:00:00,65952.0,65067.668
2024-04-03 18:00:00,66003.1,65082.715
2024-04-03 19:00:00,65784.0,65045.332
2024-04-03 20:00:00,65712.00000000001,65001.125
2024-04-03 21:00:00,65918.7,64930.867
2024-04-03 22:00:00,66140.0,64887.41
2024-04-03 23:00:00,65963.3,64880.164
2024-04-04 00:00:00,66288.0,64930.676
2024-04-04 01:00:00,66144.0,64980.47
2024-04-04 02:00:00,65744.4,65028.9
2024-04-04 03:00:00,65620.0,65005.82
2024-04-04 04:00:00,65480.4,64956.113
2024-04-04 05:00:00,65591.6,64846.2
2024-04-04 06:00:00,65768.0,64771.15
2024-04-04 07:00:00,66091.6,64733.906
2024-04-04 08:00:00,66220.0,64739.793
2024-04-04 09:00:00,66273.4,64826.184
2024-04-04 10:00:00,66278.6,64936.72
2024-04-04 11:00:00,66353.7,65030.043
2024-04-04 12:00:00,66709.0,65097.215
2024-04-04 13:00:00,67242.1,65153.582
2024-04-04 14:00:00,67692.0,65258.336
2024-04-04 15:00:00,67648.0,65454.14
2024-04-04 16:00:00,67807.6,65705.336
2024-04-04 17:00:00,68849.2,65928.77
2024-04-04 18:00:00,68593.5,66168.26
2024-04-04 19:00:00,68500.0,66391.17
2024-04-04 20:00:00,67931.3,66631.17
2024-04-04 21:00:00,67787.9,66702.414
2024-04-04 22:00:00,67937.0,66722.984
2024-04-04 23:00:00,68487.8,66691.234
2024-04-05 00:00:00,68606.0,66676.28
2024-04-05 01:00:00,68160.0,66731.57
2024-04-05 02:00:00,67600.0,66774.2
2024-04-05 03:00:00,67864.0,66751.94
2024-04-05 04:00:00,67648.0,66700.42
2024-04-05 05:00:00,66888.0,66628.22
2024-04-05 06:00:00,67140.6,66467.375
2024-04-05 07:00:00,66930.7,66322.6
2024-04-05 08:00:00,67151.2,66177.76
2024-04-05 09:00:00,66806.0,66085.04
2024-04-05 10:00:00,67034.6,65986.59
2024-04-05 11:00:00,66478.0,65931.24
2024-04-05 12:00:00,66884.0,65854.86
2024-04-05 13:00:00,67500.0,65726.125
2024-04-05 14:00:00,68139.4,65712.78
2024-04-05 15:00:00,68190.6,65826.18
2024-04-05 16:00:00,67953.8,66060.7
2024-04-05 17:00:00,67442.5,66268.86
2024-04-05 18:00:00,67629.0,66378.22
2024-04-05 19:00:00,67412.4,66386.66
2024-04-05 20:00:00,67643.5,66346.51
2024-04-05 21:00:00,67515.5,66332.29
2024-04-05 22:00:00,67628.5,66325.336
2024-04-05 23:00:00,67820.6,66330.09
2024-04-06 00:00:00,67900.6,66352.58
2024-04-06 01:00:00,67690.0,66387.83
2024-04-06 02:00:00,67574.6,66421.15
2024-04-06 03:00:00,67788.0,66417.81
2024-04-06 04:00:00,67735.8,66420.74
2024-04-06 05:00:00,68038.7,66420.1
2024-04-06 06:00:00,68109.4,66440.63
2024-04-06 07:00:00,67992.0,66497.45
2024-04-06 08:00:00,68012.1,66551.88
2024-04-06 09:00:00,67792.0,66592.02
2024-04-06 10:00:00,67842.2,66601.984
2024-04-06 11:00:00,67668.2,66594.23
2024-04-06 12:00:00,67738.4,66563.26
2024-04-06 13:00:00,67700.0,66520.93
2024-04-06 14:00:00,67994.0,66481.67
2024-04-06 15:00:00,68104.0,66475.266
2024-04-06 16:00:00,68143.5,66507.24
2024-04-06 17:00:00,68287.3,66572.8
2024-04-06 18:00:00,68307.3,66643.57
2024-04-06 19:00:00,68260.0,66718.53
2024-04-06 20:00:00,68390.0,66776.46
2024-04-06 21:00:00,68299.6,66819.984
2024-04-06 22:00:00,69056.0,66850.35
2024-04-06 23:00:00,68896.0,66898.805
2024-04-07 00:00:00,69000.0,67004.21
2024-04-07 01:00:00,69541.6,67155.67
2024-04-07 02:00:00,69300.0,67291.91
2024-04-07 03:00:00,69408.0,67431.305
2024-04-07 04:00:00,69304.4,67547.016
2024-04-07 05:00:00,69397.8,67611.88
2024-04-07 06:00:00,69244.1,67658.42
2024-04-07 07:00:00,69364.0,67674.67
2024-04-07 08:00:00,69480.0,67684.734
2024-04-07 09:00:00,69290.0,67704.0
2024-04-07 10:00:00,69328.1,67721.875
2024-04-07 11:00:00,69357.0,67737.664
2024-04-07 12:00:00,69336.0,67742.07
2024-04-07 13:00:00,69349.9,67739.94
2024-04-07 14:00:00,69578.4,67742.05
2024-04-07 15:00:00,69543.7,67754.97
2024-04-07 16:00:00,70074.0,67779.66
2024-04-07 17:00:00,69798.0,67826.51
2024-04-07 18:00:00,69390.0,67929.375
2024-04-07 19:00:00,69068.0,67975.46
2024-04-07 20:00:00,69309.7,67928.94
2024-04-07 21:00:00,69031.3,67864.61
2024-04-07 22:00:00,69200.0,67792.375
2024-04-07 23:00:00,69360.4,67727.69
2024-04-08 00:00:00,69326.0,67695.09
2024-04-08 01:00:00,69437.0,67690.49
2024-04-08 02:00:00,69228.0,67715.33
2024-04-08 03:00:00,69459.0,67735.14
2024-04-08 04:00:00,69382.0,67747.734
2024-04-08 05:00:00,69702.0,67759.24
2024-04-08 06:00:00,69790.3,67787.67
2024-04-08 07:00:00,70698.6,67840.38
2024-04-08 08:00:00,71968.0,67908.734
2024-04-08 09:00:00,72197.2,68109.12
2024-04-08 10:00:00,72324.0,68490.64
2024-04-08 11:00:00,72404.0,68928.27
2024-04-08 12:00:00,72180.0,69288.51
2024-04-08 13:00:00,71944.3,69529.0
2024-04-08 14:00:00,71726.0,69659.73
2024-04-08 15:00:00,71774.0,69665.92
2024-04-08 16:00:00,71740.1,69663.69
2024-04-08 17:00:00,71699.2,69652.484
2024-04-08 18:00:00,71908.6,69625.92
2024-04-08 19:00:00,71766.0,69624.8
2024-04-08 20:00:00,71712.0,69621.7
2024-04-08 21:00:00,71692.0,69625.81
2024-04-08 22:00:00,71916.1,69630.33
2024-04-08 23:00:00,71620.0,69638.49
2024-04-09 00:00:00,71420.0,69640.586
2024-04-09 01:00:00,71275.5,69612.445
2024-04-09 02:00:00,71477.4,69526.37
2024-04-09 03:00:00,71285.0,69472.23
2024-04-09 04:00:00,71208.0,69430.13
2024-04-09 05:00:00,71056.0,69381.47
2024-04-09 06:00:00,70765.7,69329.37
2024-04-09 07:00:00,70384.0,69239.83
2024-04-09 08:00:00,70500.0,69100.48
2024-04-09 09:00:00,70392.2,68934.26
2024-04-09 10:00:00,70566.6,68845.05
2024-04-09 11:00:00,70794.9,68790.23
2024-04-09 12:00:00,70690.0,68780.67
2024-04-09 13:00:00,69928.0,68794.35
2024-04-09 14:00:00,69358.3,68749.86
2024-04-09 15:00:00,69264.0,68546.48
2024-04-09 16:00:00,68601.2,68338.4
2024-04-09 17:00:00,68824.0,68099.305
2024-04-09 18:00:00,68879.2,67866.0
2024-04-09 19:00:00,69000.8,67715.28
2024-04-09 20:00:00,69171.2,67616.57
2024-04-09 21:00:00,69213.8,67581.25
2024-04-09 22:00:00,69325.6,67580.62
2024-04-09 23:00:00,69146.0,67607.7
2024-04-10 00:00:00,69138.8,67618.63
2024-04-10 01:00:00,69269.8,67624.73
2024-04-10 02:00:00,68652.0,67600.85
2024-04-10 03:00:00,69150.2,67556.0
2024-04-10 04:00:00,69134.3,67530.39
2024-04-10 05:00:00,69255.8,67521.35
2024-04-10 06:00:00,69369.2,67540.5
2024-04-10 07:00:00,69336.3,67588.19
2024-04-10 08:00:00,69011.9,67638.48
2024-04-10 09:00:00,69139.2,67629.016
2024-04-10 10:00:00,68932.0,67621.32
2024-04-10 11:00:00,69043.0,67566.14
2024-04-10 12:00:00,67976.0,67537.89
2024-04-10 13:00:00,68259.8,67357.02
2024-04-10 14:00:00,68703.0,67214.59
2024-04-10 15:00:00,68657.3,67107.914
2024-04-10 16:00:00,69500.0,67103.56
2024-04-10 17:00:00,69350.1,67153.75
2024-04-10 18:00:00,69314.3,67299.19
2024-04-10 19:00:00,70084.0,67449.234
2024-04-10 20:00:00,69812.0,67580.57
2024-04-10 21:00:00,70017.0,67741.336
2024-04-10 22:00:00,70528.0,67876.43
2024-04-10 23:00:00,70631.1,67987.16
2024-04-11 00:00:00,70520.0,68194.414
2024-04-11 01:00:00,70553.3,68349.66
2024-04-11 02:00:00,70995.7,68463.625
2024-04-11 03:00:00,70851.7,68559.695
2024-04-11 04:00:00,70604.0,68663.02
2024-04-11 05:00:00,70584.0,68721.08
2024-04-11 06:00:00,70717.8,68744.305
2024-04-11 07:00:00,70736.0,68749.914
2024-04-11 08:00:00,71039.4,68764.29
2024-04-11 09:00:00,70604.0,68807.02
2024-04-11 10:00:00,70460.0,68842.62
2024-04-11 11:00:00,69983.2,68841.99
2024-04-11 12:00:00,70858.8,68758.484
2024-04-11 13:00:00,70284.0,68671.12
2024-04-11 14:00:00,69600.5,68595.9
2024-04-11 15:00:00,70000.0,68536.18
2024-04-11 16:00:00,70012.0,68465.58
2024-04-11 17:00:00,70204.0,68391.35
2024-04-11 18:00:00,70099.8,68366.0
2024-04-11 19:00:00,70459.7,68371.234
2024-04-11 20:00:00,70499.6,68394.67
2024-04-11 21:00:00,70115.4,68445.74
2024-04-11 22:00:00,70151.3,68483.21
2024-04-11 23:00:00,70006.2,68488.95
2024-04-12 00:00:00,70301.60000000002,68454.47
2024-04-12 01:00:00,70280.0,68424.13
2024-04-12 02:00:00,70635.9,68422.59
2024-04-12 03:00:00,70977.3,68454.734
2024-04-12 04:00:00,71116.0,68511.44
2024-04-12 05:00:00,70956.3,68651.02
2024-04-12 06:00:00,70871.0,68784.65
2024-04-12 07:00:00,70764.0,68870.44
2024-04-12 08:00:00,70760.0,68887.61
2024-04-12 09:00:00,70652.0,68885.58
2024-04-12 10:00:00,70786.4,68862.02
2024-04-12 11:00:00,70904.0,68853.305
2024-04-12 12:00:00,70534.2,68860.02
2024-04-12 13:00:00,69888.0,68841.5
2024-04-12 14:00:00,69270.0,68739.22
2024-04-12 15:00:00,69347.3,68554.65
2024-04-12 16:00:00,68840.5,68370.445
2024-04-12 17:00:00,68140.0,68130.59
2024-04-12 18:00:00,66492.0,67799.234
2024-04-12 19:00:00,66844.0,67267.81
2024-04-12 20:00:00,67120.0,66883.87
2024-04-12 21:00:00,66960.0,66591.99
2024-04-12 22:00:00,67053.3,66386.78
2024-04-12 23:00:00,67116.5,66244.22
2024-04-13 00:00:00,66913.3,66141.25
2024-04-13 01:00:00,65886.6,66056.03
2024-04-13 02:00:00,66536.0,65873.13
2024-04-13 03:00:00,67160.5,65713.08
2024-04-13 04:00:00,67587.6,65640.484
2024-04-13 05:00:00,67345.5,65693.48
2024-04-13 06:00:00,67476.0,65825.234
2024-04-13 07:00:00,67446.5,65962.83
2024-04-13 08:00:00,67176.0,66043.42
2024-04-13 09:00:00,67393.9,66072.18
2024-04-13 10:00:00,67428.2,66078.67
2024-04-13 11:00:00,67360.0,66088.91
2024-04-13 12:00:00,67514.7,66106.46
2024-04-13 13:00:00,67552.0,66129.9
2024-04-13 14:00:00,67559.6,66165.13
2024-04-13 15:00:00,67676.0,66200.055
2024-04-13 16:00:00,67432.4,66235.1
2024-04-13 17:00:00,66730.9,66246.49
2024-04-13 18:00:00,67156.3,66152.625
2024-04-13 19:00:00,64788.0,66056.1
2024-04-13 20:00:00,61816.00000000001,65725.945
2024-04-13 21:00:00,62928.00000000001,64810.844
2024-04-13 22:00:00,64293.50000000001,64133.74
2024-04-13 23:00:00,63924.50000000001,63630.305
2024-04-14 00:00:00,63672.200000000004,63444.496
2024-04-14 01:00:00,63743.100000000006,63358.754
2024-04-14 02:00:00,63084.200000000004,63320.234
2024-04-14 03:00:00,63437.600000000006,63222.75
2024-04-14 04:00:00,63957.00000000001,63024.414
2024-04-14 05:00:00,64384.0,62947.566
2024-04-14 06:00:00,64650.0,63003.86
2024-04-14 07:00:00,64464.3,63147.797
2024-04-14 08:00:00,64530.700000000004,63314.344
2024-04-14 09:00:00,64134.2,63456.926
2024-04-14 10:00:00,64457.2,63510.637
2024-04-14 11:00:00,64166.100000000006,63542.09
2024-04-14 12:00:00,64525.2,63520.02
2024-04-14 13:00:00,64373.40000000001,63519.426
2024-04-14 14:00:00,63918.0,63545.66
2024-04-14 15:00:00,64181.00000000001,63448.277
2024-04-14 16:00:00,64412.4,63448.57
2024-04-14 17:00:00,63868.6,63469.227
2024-04-14 18:00:00,64397.700000000004,63347.293
2024-04-14 19:00:00,64168.600000000006,63364.715
2024-04-14 20:00:00,63842.4,63399.184
2024-04-14 21:00:00,63682.1,63396.875
2024-04-14 22:00:00,65330.30000000001,63326.11
2024-04-14 23:00:00,65661.8,63306.277
2024-04-15 00:00:00,65485.2,63516.316
2024-04-15 01:00:00,65275.6,63797.473
2024-04-15 02:00:00,65129.7,64043.58
2024-04-15 03:00:00,65138.200000000004,64174.457
2024-04-15 04:00:00,64906.1,64232.09
2024-04-15 05:00:00,65466.7,64210.156
2024-04-15 06:00:00,66463.6,64205.496
2024-04-15 07:00:00,66263.8,64268.297
2024-04-15 08:00:00,66287.2,64481.785
2024-04-15 09:00:00,66578.4,64714.55
2024-04-15 10:00:00,66465.6,64906.816
2024-04-15 11:00:00,65860.1,65071.812
2024-04-15 12:00:00,66028.2,65133.008
2024-04-15 13:00:00,65865.8,65127.66
2024-04-15 14:00:00,64235.2,65068.97
2024-04-15 15:00:00,64568.80000000001,64841.105
2024-04-15 16:00:00,64148.6,64548.883
2024-04-15 17:00:00,63908.5,64264.992
2024-04-15 18:00:00,63170.9,63985.184
2024-04-15 19:00:00,63301.1,63701.586
2024-04-15 20:00:00,63113.00000000001,63378.043
2024-04-15 21:00:00,63262.90000000001,63153.367
2024-04-15 22:00:00,63460.0,62970.184
2024-04-15 23:00:00,63420.0,62844.668
2024-04-16 00:00:00,63254.700000000004,62794.125
2024-04-16 01:00:00,63147.5,62757.51
2024-04-16 02:00:00,63401.6,62738.01
2024-04-16 03:00:00,62956.00000000001,62700.59
2024-04-16 04:00:00,62487.00000000001,62638.953
2024-04-16 05:00:00,62700.40000000001,62448.96
2024-04-16 06:00:00,63195.1,62343.754
2024-04-16 07:00:00,63516.200000000004,62308.72
2024-04-16 08:00:00,63288.50000000001,62358.66
2024-04-16 09:00:00,63242.200000000004,62458.633
2024-04-16 10:00:00,62559.2,62546.89
2024-04-16 11:00:00,63094.8,62436.45
2024-04-16 12:00:00,63047.90000000001,62388.78
2024-04-16 13:00:00,62692.4,62374.695
2024-04-16 14:00:00,62092.1,62307.66
2024-04-16 15:00:00,61762.2,62221.805
2024-04-16 16:00:00,62730.90000000001,62064.11
2024-04-16 17:00:00,62490.4,61930.645
2024-04-16 18:00:00,63003.90000000001,61887.06
2024-04-16 19:00:00,62721.40000000001,61944.48
2024-04-16 20:00:00,63019.7,62034.8
2024-04-16 21:00:00,64007.1,62124.508
2024-04-16 22:00:00,63782.6,62259.64
2024-04-16 23:00:00,63793.4,62477.805
2024-04-17 00:00:00,64022.6,62673.773
2024-04-17 01:00:00,64017.600000000006,62815.69
2024-04-17 02:00:00,63840.1,62933.59
2024-04-17 03:00:00,63842.00000000001,63009.297
2024-04-17 04:00:00,64101.100000000006,63070.258
2024-04-17 05:00:00,63928.0,63109.207
2024-04-17 06:00:00,63880.90000000001,63148.59
2024-04-17 07:00:00,63297.8,63170.008
2024-04-17 08:00:00,63325.8,63116.973
2024-04-17 09:00:00,63320.200000000004,63029.61
2024-04-17 10:00:00,62898.00000000001,62933.926
2024-04-17 11:00:00,62595.0,62801.09
2024-04-17 12:00:00,62317.80000000001,62659.336
2024-04-17 13:00:00,62635.9,62461.312
2024-04-17 14:00:00,61279.7,62292.27
2024-04-17 15:00:00,60304.9,61969.14
2024-04-17 16:00:00,60194.9,61553.08
2024-04-17 17:00:00,61275.4,61148.406
2024-04-17 18:00:00,61445.600000000006,60905.92
2024-04-17 19:00:00,61022.4,60823.5
2024-04-17 20:00:00,60846.80000000001,60816.746
2024-04-17 21:00:00,61300.9,60806.336
2024-04-17 22:00:00,61689.90000000001,60793.55
2024-04-17 23:00:00,61277.4,60824.285
2024-04-18 00:00:00,61514.700000000004,60867.637
2024-04-18 01:00:00,61639.30000000001,60875.594
2024-04-18 02:00:00,61666.40000000001,60911.867
2024-04-18 03:00:00,61988.0,60977.184
2024-04-18 04:00:00,61640.100000000006,61061.867
2024-04-18 05:00:00,61072.00000000001,61142.58
2024-04-18 06:00:00,61147.8,61131.926
2024-04-18 07:00:00,61178.1,61040.574
2024-04-18 08:00:00,61336.00000000001,60945.293
2024-04-18 09:00:00,61636.5,60868.23
2024-04-18 10:00:00,61821.80000000001,60876.168
2024-04-18 11:00:00,62597.9,60943.42
2024-04-18 12:00:00,62233.0,61063.81
2024-04-18 13:00:00,62810.0,61264.246
2024-04-18 14:00:00,63816.600000000006,61448.246
2024-04-18 15:00:00,63498.7,61662.0
2024-04-18 16:00:00,63536.700000000004,61996.324
2024-04-18 17:00:00,62782.80000000001,62300.492
2024-04-18 18:00:00,63104.700000000004,62443.383
2024-04-18 19:00:00,63477.0,62452.21
2024-04-18 20:00:00,63491.0,62461.156
2024-04-18 21:00:00,63473.3,62515.85
2024-04-18 22:00:00,63499.700000000004,62600.01
2024-04-18 23:00:00,63470.100000000006,62665.46
2024-04-19 00:00:00,62711.1,62720.973
2024-04-19 01:00:00,61022.0,62681.004
2024-04-19 02:00:00,61359.600000000006,62340.555
2024-04-19 03:00:00,61785.100000000006,61856.715
2024-04-19 04:00:00,62439.50000000001,61556.98
2024-04-19 05:00:00,62073.40000000001,61478.914
2024-04-19 06:00:00,64624.40000000001,61524.656
2024-04-19 07:00:00,64547.200000000004,61695.9
2024-04-19 08:00:00,64639.00000000001,62136.062
2024-04-19 09:00:00,64775.90000000001,62617.246
2024-04-19 10:00:00,64777.7,63050.855
2024-04-19 11:00:00,64870.7,63346.457
2024-04-19 12:00:00,64965.200000000004,63544.33
2024-04-19 13:00:00,64903.7,63699.848
2024-04-19 14:00:00,64452.100000000006,63770.06
2024-04-19 15:00:00,64437.200000000004,63776.984
2024-04-19 16:00:00,64005.8,63769.16
2024-04-19 17:00:00,64627.8,63669.13
2024-04-19 18:00:00,64202.6,63622.88
2024-04-19 19:00:00,64325.200000000004,63601.46
2024-04-19 20:00:00,64044.1,63585.168
2024-04-19 21:00:00,64398.30000000001,63535.227
2024-04-19 22:00:00,64012.50000000001,63514.066
2024-04-19 23:00:00,63818.0,63489.0
2024-04-20 00:00:00,63444.50000000001,63375.676
2024-04-20 01:00:00,63656.00000000001,63273.9
2024-04-20 02:00:00,63834.0,63174.277
2024-04-20 03:00:00,63956.0,63119.74
2024-04-20 04:00:00,64133.1,63116.25
2024-04-20 05:00:00,64159.0,63150.08
2024-04-20 06:00:00,64046.1,63205.453
2024-04-20 07:00:00,63961.2,63254.99
2024-04-20 08:00:00,63729.4,63280.188
2024-04-20 09:00:00,63615.0,63258.883
2024-04-20 10:00:00,63567.3,63180.355
2024-04-20 11:00:00,63707.2,63102.48
2024-04-20 12:00:00,63824.1,63051.832
2024-04-20 13:00:00,63875.50000000001,63037.395
2024-04-20 14:00:00,63935.30000000001,63052.633
2024-04-20 15:00:00,64808.40000000001,63087.87
2024-04-20 16:00:00,64739.200000000004,63166.45
2024-04-20 17:00:00,65200.00000000001,63322.047
2024-04-20 18:00:00,64964.100000000006,63518.8
2024-04-20 19:00:00,64866.4,63719.61
2024-04-20 20:00:00,64727.600000000006,63847.02
2024-04-20 21:00:00,64726.00000000001,63920.008
2024-04-20 22:00:00,64613.50000000001,63939.285
2024-04-20 23:00:00,64940.600000000006,63918.465
2024-04-21 00:00:00,64760.0,63911.242
2024-04-21 01:00:00,64946.00000000001,63913.12
2024-04-21 02:00:00,65298.0,63937.14
2024-04-21 03:00:00,65170.00000000001,63994.043
2024-04-21 04:00:00,65056.00000000001,64074.797
2024-04-21 05:00:00,65027.8,64140.105
2024-04-21 06:00:00,65048.0,64179.33
2024-04-21 07:00:00,65150.7,64188.902
2024-04-21 08:00:00,64926.8,64183.16
2024-04-21 09:00:00,64900.30000000001,64173.008
2024-04-21 10:00:00,64954.5,64151.02
2024-04-21 11:00:00,65234.0,64128.426
2024-04-21 12:00:00,65004.2,64127.547
2024-04-21 13:00:00,64882.0,64157.55
2024-04-21 14:00:00,64893.5,64163.812
2024-04-21 15:00:00,65043.7,64150.42
2024-04-21 16:00:00,64578.4,64139.03
2024-04-21 17:00:00,64822.00000000001,64054.49
2024-04-21 18:00:00,64772.0,64024.0
2024-04-21 19:00:00,64538.0,63996.754
2024-04-21 20:00:00,64646.2,63966.92
2024-04-21 21:00:00,64661.700000000004,63919.535
2024-04-21 22:00:00,65030.40000000001,63897.062
2024-04-21 23:00:00,64941.1,63911.695
2024-04-22 00:00:00,64909.0,63956.12
2024-04-22 01:00:00,64658.00000000001,63995.453
2024-04-22 02:00:00,64806.700000000004,63988.285
2024-04-22 03:00:00,65703.5,63995.477
2024-04-22 04:00:00,65738.5,64019.613
2024-04-22 05:00:00,66378.0,64168.426
2024-04-22 06:00:00,66300.0,64378.27
2024-04-22 07:00:00,65980.0,64609.867
2024-04-22 08:00:00,65961.6,64788.895
2024-04-22 09:00:00,65938.0,64894.94
2024-04-22 10:00:00,66048.2,64929.63
2024-04-22 11:00:00,65877.5,64939.945
2024-04-22 12:00:00,65995.5,64931.15
2024-04-22 13:00:00,66114.0,64914.453
2024-04-22 14:00:00,66031.80000000002,64908.094
2024-04-22 15:00:00,65994.4,64933.836
2024-04-22 16:00:00,66154.7,64957.914
2024-04-22 17:00:00,66540.0,64990.207
2024-04-22 18:00:00,66331.2,65044.29
2024-04-22 19:00:00,66524.8,65134.55
2024-04-22 20:00:00,66509.5,65205.19
2024-04-22 21:00:00,66526.9,65269.45
2024-04-22 22:00:00,67028.0,65317.95
2024-04-22 23:00:00,66819.3,65372.31
2024-04-23 00:00:00,67028.1,65464.715
2024-04-23 01:00:00,66780.0,65554.555
2024-04-23 02:00:00,66615.8,65620.52
2024-04-23 03:00:00,66435.0,65645.37
2024-04-23 04:00:00,66244.0,65617.664
2024-04-23 05:00:00,66490.0,65540.75
2024-04-23 06:00:00,66378.2,65470.027
2024-04-23 07:00:00,66099.8,65425.58
2024-04-23 08:00:00,66215.1,65365.492
2024-04-23 09:00:00,66059.0,65303.26
2024-04-23 10:00:00,66210.7,65249.63
2024-04-23 11:00:00,66044.0,65210.312
2024-04-23 12:00:00,66134.9,65166.516
2024-04-23 13:00:00,66509.3,65124.094
2024-04-23 14:00:00,66909.8,65117.836
2024-04-23 15:00:00,66419.6,65179.04
2024-04-23 16:00:00,66747.4,65285.234
2024-04-23 17:00:00,66753.7,65380.95
2024-04-23 18:00:00,66783.6,65454.47
2024-04-23 19:00:00,66484.4,65504.24
2024-04-23 20:00:00,66352.9,65518.73
2024-04-23 21:00:00,66352.0,65472.258
2024-04-23 22:00:00,66362.9,65427.34
2024-04-23 23:00:00,66414.0,65384.027
2024-04-24 00:00:00,66742.2,65349.76
2024-04-24 01:00:00,66743.2,65346.88
2024-04-24 02:00:00,66530.0,65401.473
2024-04-24 03:00:00,66608.1,65446.98
2024-04-24 04:00:00,67008.0,65476.402
2024-04-24 05:00:00,66735.1,65512.1
2024-04-24 06:00:00,66778.3,65554.63
2024-04-24 07:00:00,66630.9,65586.46
2024-04-24 08:00:00,66534.0,65592.48
2024-04-24 09:00:00,66366.0,65575.58
2024-04-24 10:00:00,66432.2,65530.98
2024-04-24 11:00:00,66571.5,65474.312
2024-04-24 12:00:00,66353.0,65439.184
2024-04-24 13:00:00,66055.0,65417.297
2024-04-24 14:00:00,65234.9,65338.504
2024-04-24 15:00:00,64610.1,65134.49
2024-04-24 16:00:00,64798.00000000001,64904.66
2024-04-24 17:00:00,64889.50000000001,64645.01
2024-04-24 18:00:00,64127.0,64450.746
2024-04-24 19:00:00,63976.1,64254.63
2024-04-24 20:00:00,64110.0,64031.465
2024-04-24 21:00:00,64399.40000000001,63808.11
2024-04-24 22:00:00,64096.0,63689.867
2024-04-24 23:00:00,64289.6,63613.297
2024-04-25 00:00:00,64557.2,63557.9
2024-04-25 01:00:00,64068.0,63553.254
2024-04-25 02:00:00,64300.0,63557.867
2024-04-25 03:00:00,64282.00000000001,63541.734
2024-04-25 04:00:00,64338.00000000001,63527.605
2024-04-25 05:00:00,64223.4,63517.883
2024-04-25 06:00:00,64288.0,63505.62
2024-04-25 07:00:00,64018.00000000001,63506.562
2024-04-25 08:00:00,63948.80000000001,63474.805
2024-04-25 09:00:00,63966.00000000001,63415.41
2024-04-25 10:00:00,63462.0,63367.566
2024-04-25 11:00:00,63861.2,63255.426
2024-04-25 12:00:00,63429.80000000001,63188.84
2024-04-25 13:00:00,63429.00000000001,63102.855
2024-04-25 14:00:00,63385.0,62979.527
2024-04-25 15:00:00,64135.90000000001,62926.82
2024-04-25 16:00:00,64445.4,62932.547
2024-04-25 17:00:00,64704.0,63024.73
2024-04-25 18:00:00,64712.1,63185.29
2024-04-25 19:00:00,64747.1,63384.777
2024-04-25 20:00:00,64794.3,63556.965
2024-04-25 21:00:00,64710.00000000001,63671.62
2024-04-25 22:00:00,64603.0,63758.44
2024-04-25 23:00:00,64498.30000000001,63808.453
2024-04-26 00:00:00,64307.0,63808.727
2024-04-26 01:00:00,64403.00000000001,63757.418
2024-04-26 02:00:00,64499.90000000001,63686.598
2024-04-26 03:00:00,64381.200000000004,63661.11
2024-04-26 04:00:00,64210.9,63647.89
2024-04-26 05:00:00,64554.0,63629.12
2024-04-26 06:00:00,64377.600000000006,63604.04
2024-04-26 07:00:00,64276.9,63606.42
2024-04-26 08:00:00,64412.50000000001,63594.992
2024-04-26 09:00:00,64475.0,63595.54
2024-04-26 10:00:00,64100.00000000001,63604.234
2024-04-26 11:00:00,64244.00000000001,63587.73
2024-04-26 12:00:00,64142.80000000001,63565.176
2024-04-26 13:00:00,64500.0,63519.16
2024-04-26 14:00:00,63854.2,63470.668
2024-04-26 15:00:00,63503.2,63429.715
2024-04-26 16:00:00,63662.50000000001,63351.36
2024-04-26 17:00:00,64008.4,63260.51
2024-04-26 18:00:00,64060.00000000001,63198.19
2024-04-26 19:00:00,63742.1,63200.652
2024-04-26 20:00:00,63966.4,63207.39
2024-04-26 21:00:00,64060.00000000001,63210.39
2024-04-26 22:00:00,63821.90000000001,63218.65
2024-04-26 23:00:00,63770.00000000001,63211.973
2024-04-27 00:00:00,63182.0,63197.56
2024-04-27 01:00:00,62593.30000000001,63085.387
2024-04-27 02:00:00,62930.0,62886.777
2024-04-27 03:00:00,63082.0,62719.1
2024-04-27 04:00:00,63048.6,62601.445
2024-04-27 05:00:00,62988.200000000004,62533.242
2024-04-27 06:00:00,63028.0,62488.473
2024-04-27 07:00:00,62966.80000000001,62463.08
2024-04-27 08:00:00,63016.0,62449.97
2024-04-27 09:00:00,62984.4,62435.29
2024-04-27 10:00:00,62796.0,62418.95
2024-04-27 11:00:00,62862.100000000006,62384.348
2024-04-27 12:00:00,63034.6,62347.8
2024-04-27 13:00:00,63227.100000000006,62316.92
2024-04-27 14:00:00,63131.600000000006,62347.95
2024-04-27 15:00:00,62951.8,62398.582
2024-04-27 16:00:00,62750.0,62433.52
2024-04-27 17:00:00,63416.2,62414.082
2024-04-27 18:00:00,63339.100000000006,62409.414
2024-04-27 19:00:00,63352.1,62431.13
2024-04-27 20:00:00,63278.0,62505.113
2024-04-27 21:00:00,63289.600000000006,62565.34
2024-04-27 22:00:00,63260.00000000001,62602.73
2024-04-27 23:00:00,63462.0,62620.316
2024-04-28 00:00:00,63616.6,62644.344
2024-04-28 01:00:00,63603.600000000006,62687.36
2024-04-28 02:00:00,63950.00000000001,62748.133
2024-04-28 03:00:00,64021.600000000006,62822.36
2024-04-28 04:00:00,63843.1,62921.457
2024-04-28 05:00:00,63954.0,63023.555
2024-04-28 06:00:00,63967.1,63092.312
2024-04-28 07:00:00,63915.5,63129.465
2024-04-28 08:00:00,63710.0,63157.09
2024-04-28 09:00:00,63759.30000000001,63150.28
2024-04-28 10:00:00,63694.5,63134.24
2024-04-28 11:00:00,63484.0,63085.69
2024-04-28 12:00:00,63590.00000000001,63036.902
2024-04-28 13:00:00,63775.40000000001,62990.918
2024-04-28 14:00:00,63607.200000000004,62971.418
2024-04-28 15:00:00,63540.0,62967.15
2024-04-28 16:00:00,63705.40000000001,62959.434
2024-04-28 17:00:00,63768.5,62953.76
2024-04-28 18:00:00,63924.00000000001,62965.19
2024-04-28 19:00:00,63730.50000000001,62995.996
2024-04-28 20:00:00,63686.00000000001,63031.574
2024-04-28 21:00:00,63662.00000000001,63043.508
2024-04-28 22:00:00,63151.1,63035.492
2024-04-28 23:00:00,63118.6,62938.32
2024-04-29 00:00:00,63257.4,62825.14
2024-04-29 01:00:00,63232.00000000001,62739.67
2024-04-29 02:00:00,62706.3,62685.516
2024-04-29 03:00:00,62279.700000000004,62599.715
2024-04-29 04:00:00,62542.0,62448.543
2024-04-29 05:00:00,62444.90000000001,62301.535
2024-04-29 06:00:00,62199.700000000004,62163.94
2024-04-29 07:00:00,62400.00000000001,62025.902
2024-04-29 08:00:00,62398.00000000001,61929.547
2024-04-29 09:00:00,62536.00000000001,61886.844
2024-04-29 10:00:00,62389.00000000001,61886.164
2024-04-29 11:00:00,62256.0,61898.375
2024-04-29 12:00:00,62602.30000000001,61886.46
2024-04-29 13:00:00,62014.00000000001,61862.72
2024-04-29 14:00:00,62835.00000000001,61803.32
2024-04-29 15:00:00,63039.1,61788.75
2024-04-29 16:00:00,62792.0,61890.13
2024-04-29 17:00:00,63033.2,62012.32
2024-04-29 18:00:00,62870.00000000001,62131.785
2024-04-29 19:00:00,62987.40000000001,62205.586
2024-04-29 20:00:00,62968.8,62232.77
2024-04-29 21:00:00,63092.2,62263.14
2024-04-29 22:00:00,63890.0,62296.883
2024-04-29 23:00:00,63866.00000000001,62375.242
2024-04-30 00:00:00,64580.0,62545.44
2024-04-30 01:00:00,63606.00000000001,62765.977
2024-04-30 02:00:00,63780.9,62950.98
2024-04-30 03:00:00,63648.00000000001,63002.84
2024-04-30 04:00:00,63404.0,63027.87
2024-04-30 05:00:00,63330.00000000001,62998.58
2024-04-30 06:00:00,63412.00000000001,62920.383
2024-04-30 07:00:00,63148.700000000004,62854.04
2024-04-30 08:00:00,61919.3,62781.332
2024-04-30 09:00:00,61688.0,62560.83
2024-04-30 10:00:00,61782.200000000004,62295.73
2024-04-30 11:00:00,61204.40000000001,62009.484
2024-04-30 12:00:00,61230.200000000004,61661.484
2024-04-30 13:00:00,60820.6,61402.004
2024-04-30 14:00:00,61247.90000000001,61191.934
2024-04-30 15:00:00,60796.90000000001,61007.664
2024-04-30 16:00:00,60336.700000000004,60878.234
2024-04-30 17:00:00,60368.8,60705.18
2024-04-30 18:00:00,60403.7,60526.074
2024-04-30 19:00:00,59292.9,60370.09
2024-04-30 20:00:00,59958.600000000006,60099.11
2024-04-30 21:00:00,60180.00000000001,59907.016
2024-04-30 22:00:00,60589.80000000001,59838.56
2024-04-30 23:00:00,60672.0,59862.363
2024-05-01 00:00:00,60240.6,59967.164
2024-05-01 01:00:00,60133.80000000001,60023.082
2024-05-01 02:00:00,59928.0,60005.332
2024-05-01 03:00:00,60246.0,59917.2
2024-05-01 04:00:00,60284.0,59866.992
2024-05-01 05:00:00,60050.0,59851.434
2024-05-01 06:00:00,59529.90000000001,59841.652
2024-05-01 07:00:00,57500.0,59772.965
2024-05-01 08:00:00,57169.700000000004,59281.49
2024-05-01 09:00:00,57115.6,58712.73
2024-05-01 10:00:00,57768.7,58290.63
2024-05-01 11:00:00,57898.50000000001,57972.72
2024-05-01 12:00:00,57970.00000000001,57806.42
2024-05-01 13:00:00,57301.30000000001,57739.09
2024-05-01 14:00:00,57482.00000000001,57685.938
2024-05-01 15:00:00,56886.00000000001,57596.766
2024-05-01 16:00:00,57044.0,57436.46
2024-05-01 17:00:00,57424.600000000006,57293.082
2024-05-01 18:00:00,58914.0,57194.664
2024-05-01 19:00:00,56954.5,57196.098
2024-05-01 20:00:00,57361.700000000004,57313.426
2024-05-01 21:00:00,57909.0,57415.004
2024-05-01 22:00:00,57880.600000000006,57471.348
2024-05-01 23:00:00,58365.00000000001,57538.332
2024-05-02 00:00:00,57767.3,57611.71
2024-05-02 01:00:00,57112.4,57664.668
2024-05-02 02:00:00,57463.90000000001,57579.688
2024-05-02 03:00:00,57442.90000000001,57535.63
2024-05-02 04:00:00,57396.200000000004,57480.62
2024-05-02 05:00:00,57484.6,57431.582
2024-05-02 06:00:00,57628.600000000006,57379.504
2024-05-02 07:00:00,57681.1,57361.85
2024-05-02 08:00:00,57834.8,57388.605
2024-05-02 09:00:00,57804.4,57441.79
2024-05-02 10:00:00,57801.4,57502.15
2024-05-02 11:00:00,58559.7,57536.734
2024-05-02 12:00:00,58556.600000000006,57594.492
2024-05-02 13:00:00,58450.200000000004,57709.76
2024-05-02 14:00:00,59055.2,57922.45
2024-05-02 15:00:00,59264.1,58094.586
2024-05-02 16:00:00,59017.50000000001,58299.535
2024-05-02 17:00:00,59190.2,58499.74
2024-05-02 18:00:00,59383.5,58645.97
2024-05-02 19:00:00,59351.100000000006,58756.223
2024-05-02 20:00:00,58727.4,58840.195
2024-05-02 21:00:00,59112.600000000006,58842.793
2024-05-02 22:00:00,59328.0,58839.574
2024-05-02 23:00:00,59060.6,58859.24
2024-05-03 00:00:00,59031.8,58885.7
2024-05-03 01:00:00,59311.100000000006,58872.688
2024-05-03 02:00:00,59543.8,58879.24
2024-05-03 03:00:00,59720.30000000001,58931.91
2024-05-03 04:00:00,59604.00000000001,59033.023
2024-05-03 05:00:00,59522.7,59148.547
2024-05-03 06:00:00,59254.700000000004,59216.145
2024-05-03 07:00:00,59190.7,59218.848
2024-05-03 08:00:00,59226.00000000001,59163.496
2024-05-03 09:00:00,59481.1,59113.39
2024-05-03 10:00:00,59040.0,59087.082
2024-05-03 11:00:00,59291.1,59045.754
2024-05-03 12:00:00,60641.0,59013.562
2024-05-03 13:00:00,61689.90000000001,59020.457
2024-05-03 14:00:00,61618.200000000004,59286.98
2024-05-03 15:00:00,61690.700000000004,59782.67
2024-05-03 16:00:00,61682.00000000001,60254.844
2024-05-03 17:00:00,61805.9,60621.23
2024-05-03 18:00:00,61829.2,60872.023
2024-05-03 19:00:00,62067.30000000001,61027.414
2024-05-03 20:00:00,62900.00000000001,61125.39
2024-05-03 21:00:00,62738.0,61251.72
2024-05-03 22:00:00,62782.40000000001,61475.797
2024-05-03 23:00:00,62882.00000000001,61695.3
2024-05-04 00:00:00,63084.0,61884.395
2024-05-04 01:00:00,62856.00000000001,62038.03
2024-05-04 02:00:00,62699.100000000006,62141.21
2024-05-04 03:00:00,62724.0,62191.33
2024-05-04 04:00:00,63058.0,62199.67
2024-05-04 05:00:00,63384.00000000001,62207.953
2024-05-04 06:00:00,62966.90000000001,62270.254
2024-05-04 07:00:00,62959.00000000001,62341.293
2024-05-04 08:00:00,63160.90000000001,62382.113
2024-05-04 09:00:00,63179.80000000001,62404.473
2024-05-04 10:00:00,64420.90000000001,62431.01
2024-05-04 11:00:00,63873.3,62513.504
2024-05-04 12:00:00,64066.4,62686.934
2024-05-04 13:00:00,63730.00000000001,62881.996
2024-05-04 14:00:00,63819.1,62992.47
2024-05-04 15:00:00,63609.200000000004,63051.223
2024-05-04 16:00:00,63683.00000000001,63045.355
2024-05-04 17:00:00,63463.30000000001,63013.957
2024-05-04 18:00:00,63643.600000000006,62957.79
2024-05-04 19:00:00,63921.2,62938.21
2024-05-04 20:00:00,63867.7,62950.676
2024-05-04 21:00:00,63903.90000000001,63007.863
2024-05-04 22:00:00,63613.90000000001,63059.473
2024-05-04 23:00:00,63892.00000000001,63077.89
2024-05-05 00:00:00,63509.5,63084.61
2024-05-05 01:00:00,63315.5,63058.83
2024-05-05 02:00:00,63141.700000000004,62975.25
2024-05-05 03:00:00,63235.90000000001,62891.867
2024-05-05 04:00:00,63345.200000000004,62799.586
2024-05-05 05:00:00,63211.700000000004,62740.98
2024-05-05 06:00:00,63382.80000000001,62705.344
2024-05-05 07:00:00,63736.9,62691.355
2024-05-05 08:00:00,63668.0,62718.535
2024-05-05 09:00:00,63673.4,62778.902
2024-05-05 10:00:00,63688.50000000001,62848.79
2024-05-05 11:00:00,63859.6,62901.113
2024-05-05 12:00:00,63725.3,62945.254
2024-05-05 13:00:00,64119.9,62978.98
2024-05-05 14:00:00,64100.00000000001,63008.535
2024-05-05 15:00:00,64428.600000000006,63078.64
2024-05-05 16:00:00,64322.00000000001,63153.086
2024-05-05 17:00:00,64218.0,63275.38
2024-05-05 18:00:00,63932.600000000006,63372.535
2024-05-05 19:00:00,63879.9,63393.44
2024-05-05 20:00:00,63738.80000000001,63370.277
2024-05-05 21:00:00,63868.40000000001,63298.598
2024-05-05 22:00:00,63860.0,63229.465
2024-05-05 23:00:00,64012.0,63182.03
2024-05-06 00:00:00,64218.0,63172.418
2024-05-06 01:00:00,64147.200000000004,63212.945
2024-05-06 02:00:00,63826.1,63269.31
2024-05-06 03:00:00,63866.6,63291.117
2024-05-06 04:00:00,64166.0,63278.527
2024-05-06 05:00:00,64186.90000000001,63257.793
2024-05-06 06:00:00,64230.00000000001,63274.508
2024-05-06 07:00:00,64540.80000000001,63317.5
2024-05-06 08:00:00,65143.0,63376.3
2024-05-06 09:00:00,65166.200000000004,63467.668
2024-05-06 10:00:00,64007.200000000004,63683.3
2024-05-06 11:00:00,64203.600000000006,63746.707
2024-05-06 12:00:00,63594.0,63744.67
2024-05-06 13:00:00,63870.00000000001,63584.15
2024-05-06 14:00:00,63272.00000000001,63437.508
2024-05-06 15:00:00,63632.00000000001,63274.094
2024-05-06 16:00:00,63192.4,63116.816
2024-05-06 17:00:00,63169.90000000001,63013.895
2024-05-06 18:00:00,63400.0,62910.715
2024-05-06 19:00:00,63220.0,62830.613
2024-05-06 20:00:00,63308.30000000001,62743.598
2024-05-06 21:00:00,63550.3,62702.5
2024-05-06 22:00:00,63495.7,62704.953
2024-05-06 23:00:00,63165.200000000004,62733.227
2024-05-07 00:00:00,63545.4,62733.227
2024-05-07 01:00:00,63895.7,62723.31
2024-05-07 02:00:00,63702.8,62758.9
2024-05-07 03:00:00,63239.50000000001,62836.37
2024-05-07 04:00:00,63466.3,62836.727
2024-05-07 05:00:00,63563.5,62819.586
2024-05-07 06:00:00,63623.80000000001,62800.344
2024-05-07 07:00:00,63669.7,62810.113
2024-05-07 08:00:00,64232.0,62843.492
2024-05-07 09:00:00,64120.0,62908.223
2024-05-07 10:00:00,64086.40000000001,63033.684
2024-05-07 11:00:00,63490.40000000001,63128.668
2024-05-07 12:00:00,63663.00000000001,63147.6
2024-05-07 13:00:00,63213.2,63119.35
2024-05-07 14:00:00,64024.50000000001,63028.848
2024-05-07 15:00:00,63740.5,62966.47
2024-05-07 16:00:00,63634.00000000001,62957.074
2024-05-07 17:00:00,63391.8,62989.0
2024-05-07 18:00:00,63170.0,62981.062
2024-05-07 19:00:00,63060.0,62890.902
2024-05-07 20:00:00,62974.9,62794.35
2024-05-07 21:00:00,63074.0,62690.906
2024-05-07 22:00:00,62850.9,62601.945
2024-05-07 23:00:00,62312.1,62506.938
2024-05-08 00:00:00,62586.0,62378.18
2024-05-08 01:00:00,62530.30000000001,62261.332
2024-05-08 02:00:00,62756.00000000001,62175.082
2024-05-08 03:00:00,62894.0,62136.71
2024-05-08 04:00:00,62520.1,62138.43
2024-05-08 05:00:00,62617.7,62135.027
2024-05-08 06:00:00,62506.0,62123.582
2024-05-08 07:00:00,62208.00000000001,62070.258
2024-05-08 08:00:00,62376.0,62002.824
2024-05-08 09:00:00,62302.00000000001,61930.285
2024-05-08 10:00:00,62450.1,61868.938
2024-05-08 11:00:00,62243.4,61845.273
2024-05-08 12:00:00,62238.30000000001,61831.89
2024-05-08 13:00:00,62447.6,61812.94
2024-05-08 14:00:00,62560.0,61763.426
2024-05-08 15:00:00,62273.100000000006,61772.402
2024-05-08 16:00:00,62444.4,61781.23
2024-05-08 17:00:00,62594.2,61799.035
2024-05-08 18:00:00,62515.5,61831.633
2024-05-08 19:00:00,62179.4,61877.1
2024-05-08 20:00:00,61570.00000000001,61867.37
2024-05-08 21:00:00,61485.9,61762.117
2024-05-08 22:00:00,61251.0,61616.902
2024-05-08 23:00:00,61193.0,61421.203
2024-05-09 00:00:00,61400.00000000001,61222.023
2024-05-09 01:00:00,61551.0,61098.54
2024-05-09 02:00:00,61664.6,61045.715
2024-05-09 03:00:00,61680.40000000001,61050.6
2024-05-09 04:00:00,61511.100000000006,61080.59
2024-05-09 05:00:00,61580.00000000001,61104.094
2024-05-09 06:00:00,61616.0,61117.98
2024-05-09 07:00:00,61253.200000000004,61129.84
2024-05-09 08:00:00,61310.0,61098.812
2024-05-09 09:00:00,61290.00000000001,61042.086
2024-05-09 10:00:00,60806.00000000001,60959.824
2024-05-09 11:00:00,61054.00000000001,60871.9
2024-05-09 12:00:00,61516.7,60775.77
2024-05-09 13:00:00,61182.3,60751.1
2024-05-09 14:00:00,61540.6,60757.04
2024-05-09 15:00:00,62159.100000000006,60796.152
2024-05-09 16:00:00,61859.80000000001,60870.848
2024-05-09 17:00:00,61946.30000000001,61018.016
2024-05-09 18:00:00,62259.7,61197.125
2024-05-09 19:00:00,62454.90000000001,61337.562
2024-05-09 20:00:00,62624.7,61459.277
2024-05-09 21:00:00,62543.3,61577.465
2024-05-09 22:00:00,63280.5,61692.215
2024-05-09 23:00:00,63074.0,61839.953
2024-05-10 00:00:00,62840.700000000004,62008.973
2024-05-10 01:00:00,62883.50000000001,62135.34
2024-05-10 02:00:00,62910.6,62197.824
2024-05-10 03:00:00,62916.2,62230.703
2024-05-10 04:00:00,62930.0,62246.12
2024-05-10 05:00:00,62768.0,62257.855
2024-05-10 06:00:00,63166.0,62257.438
2024-05-10 07:00:00,63078.00000000001,62273.65
2024-05-10 08:00:00,63040.0,62281.824
2024-05-10 09:00:00,63127.00000000001,62339.64
2024-05-10 10:00:00,63025.40000000001,62383.93
2024-05-10 11:00:00,63299.600000000006,62407.348
2024-05-10 12:00:00,63007.9,62422.707
2024-05-10 13:00:00,63004.0,62435.125
2024-05-10 14:00:00,61063.90000000001,62441.227
2024-05-10 15:00:00,60928.00000000001,62163.09
2024-05-10 16:00:00,61071.5,61830.49
2024-05-10 17:00:00,60383.700000000004,61461.94
2024-05-10 18:00:00,60717.1,61117.41
2024-05-10 19:00:00,60717.00000000001,60858.17
2024-05-10 20:00:00,60516.90000000001,60671.53
2024-05-10 21:00:00,60710.00000000001,60554.19
2024-05-10 22:00:00,60854.0,60482.26
2024-05-10 23:00:00,60800.0,60444.33
2024-05-11 00:00:00,60780.00000000001,60439.45
2024-05-11 01:00:00,60876.700000000004,60430.457
2024-05-11 02:00:00,60895.200000000004,60434.402
2024-05-11 03:00:00,60731.90000000001,60447.04
2024-05-11 04:00:00,60766.00000000001,60448.996
2024-05-11 05:00:00,60922.0,60434.742
2024-05-11 06:00:00,60953.00000000001,60431.41
2024-05-11 07:00:00,61018.50000000001,60448.06
2024-05-11 08:00:00,60790.00000000001,60478.47
2024-05-11 09:00:00,60904.40000000001,60494.496
2024-05-11 10:00:00,60746.0,60479.91
2024-05-11 11:00:00,60684.00000000001,60471.855
2024-05-11 12:00:00,60710.00000000001,60435.195
2024-05-11 13:00:00,60972.00000000001,60405.504
2024-05-11 14:00:00,60840.0,60399.63
2024-05-11 15:00:00,61174.200000000004,60416.082
2024-05-11 16:00:00,61201.2,60453.0
2024-05-11 17:00:00,61099.1,60535.85
2024-05-11 18:00:00,61214.50000000001,60610.805
2024-05-11 19:00:00,61144.0,60665.055
2024-05-11 20:00:00,61016.6,60694.74
2024-05-11 21:00:00,60919.600000000006,60683.918
2024-05-11 22:00:00,60910.0,60658.605
2024-05-11 23:00:00,60826.0,60623.902
2024-05-12 00:00:00,60978.0,60583.12
2024-05-12 01:00:00,60868.0,60557.855
2024-05-12 02:00:00,60929.9,60548.293
2024-05-12 03:00:00,60930.00000000001,60543.137
2024-05-12 04:00:00,61100.00000000001,60539.234
2024-05-12 05:00:00,61050.0,60549.727
2024-05-12 06:00:00,60946.50000000001,60573.164
2024-05-12 07:00:00,60820.00000000001,60589.387
2024-05-12 08:00:00,61050.0,60565.77
2024-05-12 09:00:00,61000.00000000001,60552.523
2024-05-12 10:00:00,61160.0,60556.54
2024-05-12 11:00:00,61146.0,60576.617
2024-05-12 12:00:00,61155.80000000001,60623.723
2024-05-12 13:00:00,61191.3,60664.105
2024-05-12 14:00:00,61168.8,60696.96
2024-05-12 15:00:00,61419.0,60718.76
2024-05-12 16:00:00,61346.80000000001,60747.715
2024-05-12 17:00:00,61616.30000000001,60792.754
2024-05-12 18:00:00,61373.9,60854.906
2024-05-12 19:00:00,61406.100000000006,60919.27
2024-05-12 20:00:00,61284.0,60947.8
2024-05-12 21:00:00,61236.00000000001,60949.484
2024-05-12 22:00:00,61326.0,60908.984
2024-05-12 23:00:00,61484.00000000001,60885.83
2024-05-13 00:00:00,61512.90000000001,60889.625
2024-05-13 01:00:00,61415.9,60927.746
2024-05-13 02:00:00,61044.3,60950.164
2024-05-13 03:00:00,61170.0,60917.09
2024-05-13 04:00:00,60977.00000000001,60845.168
2024-05-13 05:00:00,60859.0,60793.457
2024-05-13 06:00:00,61504.100000000006,60733.363
2024-05-13 07:00:00,62334.4,60707.758
2024-05-13 08:00:00,62767.2,60802.05
2024-05-13 09:00:00,63060.600000000006,61011.84
2024-05-13 10:00:00,62674.700000000004,61379.3
2024-05-13 11:00:00,62738.0,61667.43
2024-05-13 12:00:00,62844.00000000001,61866.656
2024-05-13 13:00:00,62779.700000000004,61951.49
2024-05-13 14:00:00,62747.9,62018.242
2024-05-13 15:00:00,63002.0,62074.19
2024-05-13 16:00:00,63178.90000000001,62129.676
2024-05-13 17:00:00,62810.5,62194.18
2024-05-13 18:00:00,62786.90000000001,62251.71
2024-05-13 19:00:00,63172.700000000004,62270.44
2024-05-13 20:00:00,63091.9,62275.77
2024-05-13 21:00:00,62901.80000000001,62320.785
2024-05-13 22:00:00,62770.00000000001,62353.223
2024-05-13 23:00:00,62940.1,62345.266
2024-05-14 00:00:00,62815.0,62326.0
2024-05-14 01:00:00,62652.0,62299.945
2024-05-14 02:00:00,62542.0,62272.81
2024-05-14 03:00:00,62488.50000000001,62215.48
2024-05-14 04:00:00,62550.200000000004,62146.855
2024-05-14 05:00:00,62717.200000000004,62097.902
2024-05-14 06:00:00,62042.00000000001,62074.113
2024-05-14 07:00:00,62035.4,61951.184
2024-05-14 08:00:00,61861.0,61864.043
2024-05-14 09:00:00,61797.90000000001,61751.36
2024-05-14 10:00:00,61719.0,61653.58
2024-05-14 11:00:00,61798.600000000006,61542.3
2024-05-14 12:00:00,61566.5,61461.25
2024-05-14 13:00:00,61696.00000000001,61348.35
2024-05-14 14:00:00,61803.7,61308.414
2024-05-14 15:00:00,61787.6,61250.3
2024-05-14 16:00:00,61427.50000000001,61262.01
2024-05-14 17:00:00,61315.00000000001,61242.844
2024-05-14 18:00:00,61430.00000000001,61182.625
2024-05-14 19:00:00,61596.50000000001,61126.246
2024-05-14 20:00:00,61610.00000000001,61091.27
2024-05-14 21:00:00,61694.6,61092.293
2024-05-14 22:00:00,61708.8,61107.61
2024-05-14 23:00:00,61577.50000000001,61133.46
2024-05-15 00:00:00,61438.4,61153.85
2024-05-15 01:00:00,61696.00000000001,61142.625
2024-05-15 02:00:00,61774.00000000001,61136.203
2024-05-15 03:00:00,61950.0,61155.277
2024-05-15 04:00:00,61900.00000000001,61205.008
2024-05-15 05:00:00,61928.700000000004,61261.387
2024-05-15 06:00:00,61962.8,61314.867
2024-05-15 07:00:00,62195.00000000001,61355.48
2024-05-15 08:00:00,62143.50000000001,61398.15
2024-05-15 09:00:00,62650.00000000001,61455.445
2024-05-15 10:00:00,62674.700000000004,61531.824
2024-05-15 11:00:00,62467.2,61642.023
2024-05-15 12:00:00,63757.600000000006,61762.42
2024-05-15 13:00:00,64146.00000000001,61858.316
2024-05-15 14:00:00,64500.0,62126.52
2024-05-15 15:00:00,64725.100000000006,62505.84
2024-05-15 16:00:00,64759.3,62864.176
2024-05-15 17:00:00,65046.6,63213.96
2024-05-15 18:00:00,65717.3,63488.246
2024-05-15 19:00:00,66006.2,63713.633
2024-05-15 20:00:00,65930.9,63967.066
2024-05-15 21:00:00,65860.0,64245.46
2024-05-15 22:00:00,66116.3,64473.043
2024-05-15 23:00:00,66206.5,64635.273
2024-05-16 00:00:00,66083.9,64766.402
2024-05-16 01:00:00,65986.0,64864.355
2024-05-16 02:00:00,65909.5,64932.613
2024-05-16 03:00:00,65975.4,64950.88
2024-05-16 04:00:00,65813.3,64951.266
2024-05-16 05:00:00,65782.0,64937.484
2024-05-16 06:00:00,65958.1,64915.12
2024-05-16 07:00:00,66142.6,64887.55
2024-05-16 08:00:00,66297.1,64896.05
2024-05-16 09:00:00,66364.7,64955.66
2024-05-16 10:00:00,66170.0,65029.68
2024-05-16 11:00:00,66503.8,65091.62
2024-05-16 12:00:00,66011.0,65141.047
2024-05-16 13:00:00,66328.0,65139.816
2024-05-16 14:00:00,65598.70000000001,65143.285
2024-05-16 15:00:00,65818.9,65087.87
2024-05-16 16:00:00,65155.0,65014.727
2024-05-16 17:00:00,64995.00000000001,64867.977
2024-05-16 18:00:00,65122.200000000004,64706.37
2024-05-16 19:00:00,65186.90000000001,64561.594
2024-05-16 20:00:00,65273.90000000001,64477.78
2024-05-16 21:00:00,65462.00000000001,64433.387
2024-05-16 22:00:00,65419.0,64424.934
2024-05-16 23:00:00,65235.2,64431.812
2024-05-17 00:00:00,65508.7,64431.758
2024-05-17 01:00:00,65340.8,64439.703
2024-05-17 02:00:00,65386.0,64442.23
2024-05-17 03:00:00,65584.5,64445.64
2024-05-17 04:00:00,65451.80000000001,64452.08
2024-05-17 05:00:00,65700.0,64489.1
2024-05-17 06:00:00,65955.6,64530.934
2024-05-17 07:00:00,66386.9,64586.242
2024-05-17 08:00:00,66146.0,64673.88
2024-05-17 09:00:00,66344.4,64819.28
2024-05-17 10:00:00,66500.5,64951.61
2024-05-17 11:00:00,66218.0,65055.547
2024-05-17 12:00:00,66380.0,65130.605
2024-05-17 13:00:00,65944.0,65170.965
2024-05-17 14:00:00,66806.7,65163.695
2024-05-17 15:00:00,67195.1,65178.32
2024-05-17 16:00:00,66930.0,65237.676
2024-05-17 17:00:00,66702.5,65409.934
2024-05-17 18:00:00,66822.0,65535.715
2024-05-17 19:00:00,67048.0,65577.67
2024-05-17 20:00:00,66890.0,65612.21
2024-05-17 21:00:00,66810.6,65653.98
2024-05-17 22:00:00,66771.6,65680.41
2024-05-17 23:00:00,67024.0,65681.28
2024-05-18 00:00:00,66891.6,65682.92
2024-05-18 01:00:00,66980.0,65687.11
2024-05-18 02:00:00,66907.8,65715.086
2024-05-18 03:00:00,66945.0,65733.52
2024-05-18 04:00:00,66883.6,65749.11
2024-05-18 05:00:00,66854.7,65755.484
2024-05-18 06:00:00,66920.0,65753.85
2024-05-18 07:00:00,66887.0,65742.836
2024-05-18 08:00:00,67027.6,65740.41
2024-05-18 09:00:00,67125.0,65758.39
2024-05-18 10:00:00,67222.2,65784.484
2024-05-18 11:00:00,67190.8,65812.19
2024-05-18 12:00:00,66948.0,65860.305
2024-05-18 13:00:00,66863.2,65893.24
2024-05-18 14:00:00,66793.7,65883.85
2024-05-18 15:00:00,66823.6,65829.766
2024-05-18 16:00:00,66888.2,65785.09
2024-05-18 17:00:00,66866.5,65757.4
2024-05-18 18:00:00,66796.4,65742.03
2024-05-18 19:00:00,66912.6,65736.31
2024-05-18 20:00:00,66964.0,65733.62
2024-05-18 21:00:00,66899.3,65740.13
2024-05-18 22:00:00,66932.0,65748.64
2024-05-18 23:00:00,66915.2,65751.58
2024-05-19 00:00:00,66906.5,65761.38
2024-05-19 01:00:00,66920.0,65767.82
2024-05-19 02:00:00,67211.6,65771.164
2024-05-19 03:00:00,67170.2,65779.484
2024-05-19 04:00:00,67151.8,65821.46
2024-05-19 05:00:00,67097.6,65865.45
2024-05-19 06:00:00,67022.6,65896.82
2024-05-19 07:00:00,67324.4,65903.21
2024-05-19 08:00:00,67160.0,65906.75
2024-05-19 09:00:00,67180.0,65928.57
2024-05-19 10:00:00,67270.0,65943.39
2024-05-19 11:00:00,67330.0,65946.61
2024-05-19 12:00:00,66833.0,65967.88
2024-05-19 13:00:00,67050.0,65962.89
2024-05-19 14:00:00,66928.0,65937.35
2024-05-19 15:00:00,66889.9,65904.266
2024-05-19 16:00:00,66662.0,65866.1
2024-05-19 17:00:00,66720.0,65804.62
2024-05-19 18:00:00,66586.2,65750.42
2024-05-19 19:00:00,66034.0,65696.52
2024-05-19 20:00:00,66164.0,65564.04
2024-05-19 21:00:00,66280.0,65466.484
2024-05-19 22:00:00,66363.6,65378.51
2024-05-19 23:00:00,66274.0,65329.91
2024-05-20 00:00:00,66460.0,65305.14
2024-05-20 01:00:00,66520.4,65294.3
2024-05-20 02:00:00,66674.0,65291.496
2024-05-20 03:00:00,66675.2,65332.88
2024-05-20 04:00:00,67132.4,65392.566
2024-05-20 05:00:00,67136.4,65464.887
2024-05-20 06:00:00,66410.0,65572.74
2024-05-20 07:00:00,66825.1,65620.98
2024-05-20 08:00:00,66762.0,65626.69
2024-05-20 09:00:00,66894.0,65629.28
2024-05-20 10:00:00,67110.0,65644.23
2024-05-20 11:00:00,66994.2,65668.36
2024-05-20 12:00:00,66936.4,65724.15
2024-05-20 13:00:00,67100.0,65759.24
2024-05-20 14:00:00,67006.0,65774.44
2024-05-20 15:00:00,67420.0,65780.74
2024-05-20 16:00:00,68190.1,65803.18
2024-05-20 17:00:00,68331.5,65885.01
2024-05-20 18:00:00,68728.4,66104.5
2024-05-20 19:00:00,70000.0,66376.51
2024-05-20 20:00:00,69500.0,66593.5
2024-05-20 21:00:00,69717.8,66923.984
2024-05-20 22:00:00,69590.8,67253.125
2024-05-20 23:00:00,71446.6,67504.125
2024-05-21 00:00:00,71312.3,67718.0
2024-05-21 01:00:00,71090.0,68059.05
2024-05-21 02:00:00,71283.8,68382.43
2024-05-21 03:00:00,71284.0,68638.016
2024-05-21 04:00:00,70910.0,68832.25
2024-05-21 05:00:00,71209.9,68943.51
2024-05-21 06:00:00,71205.4,68987.84
2024-05-21 07:00:00,70878.3,69022.34
2024-05-21 08:00:00,70916.0,69034.08
2024-05-21 09:00:00,70990.0,69033.52
2024-05-21 10:00:00,71056.0,69024.58
2024-05-21 11:00:00,71130.0,69021.79
2024-05-21 12:00:00,71350.0,69027.33
2024-05-21 13:00:00,70595.9,69064.45
2024-05-21 14:00:00,70213.2,69049.555
2024-05-21 15:00:00,69827.0,68991.086
2024-05-21 16:00:00,69668.0,68846.91
2024-05-21 17:00:00,69857.0,68666.9
2024-05-21 18:00:00,69829.7,68497.92
2024-05-21 19:00:00,69286.0,68387.82
2024-05-21 20:00:00,69727.0,68261.49
2024-05-21 21:00:00,69727.8,68171.7
2024-05-21 22:00:00,70222.2,68115.734
2024-05-21 23:00:00,70148.3,68112.88
2024-05-22 00:00:00,70120.0,68175.39
2024-05-22 01:00:00,70159.6,68241.21
2024-05-22 02:00:00,70003.0,68293.4
2024-05-22 03:00:00,69955.7,68315.13
2024-05-22 04:00:00,69600.0,68315.914
2024-05-22 05:00:00,69898.1,68251.32
2024-05-22 06:00:00,69854.1,68202.64
2024-05-22 07:00:00,69715.0,68176.04
2024-05-22 08:00:00,70010.3,68153.516
2024-05-22 09:00:00,69987.4,68145.766
2024-05-22 10:00:00,70190.0,68169.72
2024-05-22 11:00:00,69736.1,68208.09
2024-05-22 12:00:00,69643.9,68227.53
2024-05-22 13:00:00,69586.9,68204.766
2024-05-22 14:00:00,70114.6,68154.62
2024-05-22 15:00:00,70455.9,68114.664
2024-05-22 16:00:00,70229.9,68160.125
2024-05-22 17:00:00,69863.5,68255.11
2024-05-22 18:00:00,69574.6,68300.59
2024-05-22 19:00:00,69637.5,68250.01
2024-05-22 20:00:00,69442.0,68195.32
2024-05-22 21:00:00,69497.8,68119.84
2024-05-22 22:00:00,69141.3,68032.61
2024-05-22 23:00:00,69166.6,67951.664
2024-05-23 00:00:00,69499.8,67870.17
2024-05-23 01:00:00,69483.2,67818.0
2024-05-23 02:00:00,69505.9,67808.586
2024-05-23 03:00:00,69446.1,67823.13
2024-05-23 04:00:00,69550.0,67831.66
2024-05-23 05:00:00,69478.9,67843.13
2024-05-23 06:00:00,69561.4,67852.09
2024-05-23 07:00:00,69734.0,67862.34
2024-05-23 08:00:00,69688.0,67883.836
2024-05-23 09:00:00,69645.1,67920.94
2024-05-23 10:00:00,69537.2,67951.1
2024-05-23 11:00:00,69982.7,67967.016
2024-05-23 12:00:00,69428.5,67977.445
2024-05-23 13:00:00,68036.1,67956.336
2024-05-23 14:00:00,67748.6,67777.875
2024-05-23 15:00:00,68076.0,67543.52
2024-05-23 16:00:00,67822.8,67307.52
2024-05-23 17:00:00,67639.2,67113.46
2024-05-23 18:00:00,67393.1,66945.11
2024-05-23 19:00:00,67200.0,66719.836
2024-05-23 20:00:00,67802.9,66561.37
2024-05-23 21:00:00,67992.8,66373.29
2024-05-23 22:00:00,67686.5,66298.71
2024-05-23 23:00:00,67969.6,66381.76
2024-05-24 00:00:00,67852.0,66450.664
2024-05-24 01:00:00,67742.0,66489.86
2024-05-24 02:00:00,67978.4,66510.21
2024-05-24 03:00:00,67891.8,66512.18
2024-05-24 04:00:00,67708.2,66518.56
2024-05-24 05:00:00,67300.0,66514.72
2024-05-24 06:00:00,66887.0,66453.63
2024-05-24 07:00:00,67155.9,66331.29
2024-05-24 08:00:00,67190.1,66214.93
2024-05-24 09:00:00,67375.3,66106.1
2024-05-24 10:00:00,67353.4,66063.66
2024-05-24 11:00:00,67350.0,66072.66
2024-05-24 12:00:00,67490.0,66093.75
2024-05-24 13:00:00,67077.1,66121.69
2024-05-24 14:00:00,67869.5,66094.35
2024-05-24 15:00:00,68326.5,66107.58
2024-05-24 16:00:00,68394.3,66210.03
2024-05-24 17:00:00,68919.0,66371.07
2024-05-24 18:00:00,68970.4,66569.695
2024-05-24 19:00:00,69116.0,66790.09
2024-05-24 20:00:00,68837.0,67004.914
2024-05-24 21:00:00,68876.0,67159.2
2024-05-24 22:00:00,68788.0,67252.29
2024-05-24 23:00:00,68550.0,67285.43
2024-05-25 00:00:00,68530.9,67271.62
2024-05-25 01:00:00,68613.5,67236.27
2024-05-25 02:00:00,68817.2,67201.74
2024-05-25 03:00:00,68757.9,67193.49
2024-05-25 04:00:00,68784.4,67205.516
2024-05-25 05:00:00,68718.2,67229.42
2024-05-25 06:00:00,68660.4,67250.836
2024-05-25 07:00:00,68753.9,67253.766
2024-05-25 08:00:00,68876.7,67253.516
2024-05-25 09:00:00,69095.3,67263.87
2024-05-25 10:00:00,69388.0,67303.71
2024-05-25 11:00:00,69104.7,67375.32
2024-05-25 12:00:00,69116.3,67451.914
2024-05-25 13:00:00,69026.0,67511.9
2024-05-25 14:00:00,69021.6,67527.65
2024-05-25 15:00:00,68930.4,67530.51
2024-05-25 16:00:00,68936.6,67515.95
2024-05-25 17:00:00,69065.1,67497.99
2024-05-25 18:00:00,69213.2,67488.66
2024-05-25 19:00:00,69155.3,67500.63
2024-05-25 20:00:00,69100.0,67529.33
2024-05-25 21:00:00,69139.0,67554.3
2024-05-25 22:00:00,69129.0,67567.44
2024-05-25 23:00:00,69290.6,67571.62
2024-05-26 00:00:00,69156.0,67582.35
2024-05-26 01:00:00,69161.4,67600.766
2024-05-26 02:00:00,68904.0,67615.875
2024-05-26 03:00:00,69073.6,67594.38
2024-05-26 04:00:00,68974.0,67568.15
2024-05-26 05:00:00,69139.6,67543.55
2024-05-26 06:00:00,69105.6,67532.52
2024-05-26 07:00:00,69340.1,67533.83
2024-05-26 08:00:00,69160.3,67554.93
2024-05-26 09:00:00,69086.5,67582.99
2024-05-26 10:00:00,69222.9,67601.74
2024-05-26 11:00:00,69134.9,67607.55
2024-05-26 12:00:00,68993.2,67604.73
2024-05-26 13:00:00,69136.1,67590.69
2024-05-26 14:00:00,69287.1,67575.88
2024-05-26 15:00:00,68848.0,67571.48
2024-05-26 16:00:00,68808.6,67552.516
2024-05-26 17:00:00,68778.1,67520.15
2024-05-26 18:00:00,68800.2,67477.75
2024-05-26 19:00:00,68903.5,67432.99
2024-05-26 20:00:00,68720.8,67405.734
2024-05-26 21:00:00,68518.0,67385.055
2024-05-26 22:00:00,68560.0,67322.4
2024-05-26 23:00:00,68507.7,67272.02
2024-05-27 00:00:00,68821.7,67217.05
2024-05-27 01:00:00,69074.0,67194.84
2024-05-27 02:00:00,69111.4,67226.266
2024-05-27 03:00:00,68873.4,67300.82
2024-05-27 04:00:00,68770.0,67358.36
2024-05-27 05:00:00,68524.6,67389.26
2024-05-27 06:00:00,68393.2,67351.195
2024-05-27 07:00:00,68643.4,67286.125
2024-05-27 08:00:00,68624.0,67222.83
2024-05-27 09:00:00,68595.4,67190.24
2024-05-27 10:00:00,68577.8,67176.586
2024-05-27 11:00:00,68434.3,67163.4
2024-05-27 12:00:00,68621.4,67137.68
2024-05-27 13:00:00,68919.2,67124.48
2024-05-27 14:00:00,69500.0,67139.68
2024-05-27 15:00:00,70373.9,67217.76
2024-05-27 16:00:00,70161.2,67378.44
2024-05-27 17:00:00,70184.0,67658.42
2024-05-27 18:00:00,69985.5,67922.32
2024-05-27 19:00:00,69260.0,68088.69
2024-05-27 20:00:00,69660.0,68104.99
2024-05-27 21:00:00,69805.0,68063.945
2024-05-27 22:00:00,69591.6,68030.24
2024-05-27 23:00:00,69436.4,68010.17
2024-05-28 00:00:00,69377.4,67979.95
2024-05-28 01:00:00,68614.1,67927.25
2024-05-28 02:00:00,68680.0,67819.57
2024-05-28 03:00:00,68050.3,67675.03
2024-05-28 04:00:00,67797.3,67467.56
2024-05-28 05:00:00,68049.7,67255.31
2024-05-28 06:00:00,67972.8,67068.46
2024-05-28 07:00:00,67694.0,66929.59
2024-05-28 08:00:00,68160.0,66813.164
2024-05-28 09:00:00,68336.2,66739.81
2024-05-28 10:00:00,68592.0,66736.91
2024-05-28 11:00:00,68389.9,66790.46
2024-05-28 12:00:00,68208.6,66875.76
2024-05-28 13:00:00,67792.0,66921.87
2024-05-28 14:00:00,67969.0,66869.15
2024-05-28 15:00:00,68374.1,66794.59
2024-05-28 16:00:00,67713.2,66761.586
2024-05-28 17:00:00,67782.7,66736.4
2024-05-28 18:00:00,67879.4,66704.1
2024-05-28 19:00:00,68424.3,66635.9
2024-05-28 20:00:00,68325.9,66629.47
2024-05-28 21:00:00,68401.5,66696.81
2024-05-28 22:00:00,68615.4,66780.9
2024-05-28 23:00:00,68398.4,66861.81
2024-05-29 00:00:00,68496.0,66927.52
2024-05-29 01:00:00,68570.0,66965.93
2024-05-29 02:00:00,68684.6,66990.73
2024-05-29 03:00:00,68829.4,67025.72
2024-05-29 04:00:00,68843.5,67080.0
2024-05-29 05:00:00,68584.7,67144.09
2024-05-29 06:00:00,68513.3,67188.914
2024-05-29 07:00:00,67946.9,67193.82
2024-05-29 08:00:00,67872.4,67116.01
2024-05-29 09:00:00,67905.7,66988.71
2024-05-29 10:00:00,67989.9,66863.94
2024-05-29 11:00:00,67763.6,66778.49
2024-05-29 12:00:00,67898.1,66712.21
2024-05-29 13:00:00,67880.0,66650.27
2024-05-29 14:00:00,67635.0,66596.51
2024-05-29 15:00:00,67379.1,66566.805
2024-05-29 16:00:00,67555.2,66502.69
2024-05-29 17:00:00,67611.1,66433.54
2024-05-29 18:00:00,67392.8,66389.71
2024-05-29 19:00:00,67266.8,66347.16
2024-05-29 20:00:00,67485.8,66306.72
2024-05-29 21:00:00,67700.4,66265.43
2024-05-29 22:00:00,67680.0,66254.16
2024-05-29 23:00:00,67652.4,66281.08
2024-05-30 00:00:00,67583.0,66312.64
2024-05-30 01:00:00,67800.0,66335.414
2024-05-30 02:00:00,67949.1,66354.04
2024-05-30 03:00:00,68118.2,66391.57
2024-05-30 04:00:00,68163.0,66463.49
2024-05-30 05:00:00,68134.1,66541.98
2024-05-30 06:00:00,67831.2,66614.17
2024-05-30 07:00:00,67584.6,66622.43
2024-05-30 08:00:00,67689.0,66592.24
2024-05-30 09:00:00,67745.9,66515.73
2024-05-30 10:00:00,67942.1,66470.95
2024-05-30 11:00:00,67817.0,66456.766
2024-05-30 12:00:00,68133.3,66477.87
2024-05-30 13:00:00,68624.0,66508.74
2024-05-30 14:00:00,68359.6,66588.66
2024-05-30 15:00:00,68530.8,66693.21
2024-05-30 16:00:00,68676.0,66797.086
2024-05-30 17:00:00,69315.1,66893.63
2024-05-30 18:00:00,69360.1,66988.516
2024-05-30 19:00:00,68653.0,67161.12
2024-05-30 20:00:00,68476.0,67268.8
2024-05-30 21:00:00,68416.8,67276.086
2024-05-30 22:00:00,68314.9,67236.414
2024-05-30 23:00:00,68352.2,67163.766
2024-05-31 00:00:00,68460.0,67096.06
2024-05-31 01:00:00,68440.0,67049.15
2024-05-31 02:00:00,68540.0,67026.91
2024-05-31 03:00:00,68535.8,67032.6
2024-05-31 04:00:00,68516.6,67057.695
2024-05-31 05:00:00,68442.7,67073.6
2024-05-31 06:00:00,68272.0,67071.58
2024-05-31 07:00:00,68175.0,67049.7
2024-05-31 08:00:00,68136.0,67001.2
2024-05-31 09:00:00,67950.0,66956.055
2024-05-31 10:00:00,68333.3,66887.78
2024-05-31 11:00:00,68349.7,66844.36
2024-05-31 12:00:00,68643.6,66839.77
2024-05-31 13:00:00,68078.3,66865.24
2024-05-31 14:00:00,67501.8,66899.03
2024-05-31 15:00:00,67215.6,66816.35
2024-05-31 16:00:00,67200.0,66693.734
2024-05-31 17:00:00,67342.8,66488.18
2024-05-31 18:00:00,67414.9,66362.67
2024-05-31 19:00:00,67681.0,66275.92
2024-05-31 20:00:00,67709.0,66247.76
2024-05-31 21:00:00,67564.9,66289.586
2024-05-31 22:00:00,67509.5,66323.68
2024-05-31 23:00:00,67540.0,66339.914
2024-06-01 00:00:00,67655.7,66317.91
2024-06-01 01:00:00,67560.0,66310.63
2024-06-01 02:00:00,67729.0,66307.82
2024-06-01 03:00:00,67715.3,66323.07
2024-06-01 04:00:00,67680.0,66344.54
2024-06-01 05:00:00,67686.4,66366.81
2024-06-01 06:00:00,67693.3,66383.516
2024-06-01 07:00:00,67632.10000000002,66392.83
2024-06-01 08:00:00,67704.0,66391.625
2024-06-01 09:00:00,67706.7,66390.48
2024-06-01 10:00:00,67627.3,66393.43
2024-06-01 11:00:00,67660.6,66396.375
2024-06-01 12:00:00,67717.8,66396.99
2024-06-01 13:00:00,67720.0,66399.97
2024-06-01 14:00:00,67803.3,66410.13
2024-06-01 15:00:00,67691.3,66425.76
2024-06-01 16:00:00,67700.0,66437.08
2024-06-01 17:00:00,67791.0,66437.21
2024-06-01 18:00:00,67750.7,66421.22
2024-06-01 19:00:00,67753.8,66436.56
2024-06-01 20:00:00,67796.5,66449.484
2024-06-01 21:00:00,67760.0,66455.766
2024-06-01 22:00:00,67765.4,66461.56
2024-06-01 23:00:00,67766.9,66468.38
2024-06-02 00:00:00,67889.0,66474.125
2024-06-02 01:00:00,67755.0,66482.125
2024-06-02 02:00:00,67733.3,66486.84
2024-06-02 03:00:00,67789.5,66485.234
2024-06-02 04:00:00,67852.6,66482.88
2024-06-02 05:00:00,67728.4,66486.64
2024-06-02 06:00:00,67841.1,66489.26
2024-06-02 07:00:00,67721.0,66490.734
2024-06-02 08:00:00,67750.7,66488.09
2024-06-02 09:00:00,67530.0,66482.21
2024-06-02 10:00:00,67530.0,66443.93
2024-06-02 11:00:00,68251.5,66408.35
2024-06-02 12:00:00,67935.0,66406.734
2024-06-02 13:00:00,68166.0,66459.49
2024-06-02 14:00:00,68252.5,66532.62
2024-06-02 15:00:00,68142.2,66587.125
2024-06-02 16:00:00,68103.6,66669.81
2024-06-02 17:00:00,67879.3,66715.484
2024-06-02 18:00:00,67697.1,66703.18
2024-06-02 19:00:00,67737.0,66643.17
2024-06-02 20:00:00,67831.2,66562.414
2024-06-02 21:00:00,67816.1,66527.13
2024-06-02 22:00:00,67928.0,66516.43
2024-06-02 23:00:00,67765.6,66525.76
2024-06-03 00:00:00,67824.0,66536.43
2024-06-03 01:00:00,68476.0,66529.71
2024-06-03 02:00:00,68416.1,66554.25
2024-06-03 03:00:00,68382.8,66649.016
2024-06-03 04:00:00,68510.0,66755.45
2024-06-03 05:00:00,68700.0,66839.6
2024-06-03 06:00:00,69038.9,66919.01
2024-06-03 07:00:00,68906.7,66990.9
2024-06-03 08:00:00,69142.5,67105.54
2024-06-03 09:00:00,69014.9,67223.15
2024-06-03 10:00:00,68908.0,67323.234
2024-06-03 11:00:00,69080.0,67376.375
2024-06-03 12:00:00,69746.2,67409.53
2024-06-03 13:00:00,69795.3,67460.89
2024-06-03 14:00:00,68776.0,67565.57
2024-06-03 15:00:00,69615.3,67611.5
2024-06-03 16:00:00,69080.0,67666.56
2024-06-03 17:00:00,69269.0,67678.984
2024-06-03 18:00:00,69288.4,67684.76
2024-06-03 19:00:00,69204.0,67681.6
2024-06-03 20:00:00,69101.3,67670.73
2024-06-03 21:00:00,69081.2,67657.055
2024-06-03 22:00:00,69042.5,67638.01
2024-06-03 23:00:00,68809.9,67603.9
2024-06-04 00:00:00,69001.4,67558.02
2024-06-04 01:00:00,69215.4,67505.52
2024-06-04 02:00:00,69139.6,67494.23
2024-06-04 03:00:00,69170.2,67514.18
2024-06-04 04:00:00,69061.2,67549.24
2024-06-04 05:00:00,68956.0,67571.56
2024-06-04 06:00:00,68905.4,67566.82
2024-06-04 07:00:00,69013.60000000002,67523.234
2024-06-04 08:00:00,68836.5,67499.53
2024-06-04 09:00:00,68717.9,67477.266
2024-06-04 10:00:00,68890.7,67430.125
2024-06-04 11:00:00,68955.9,67402.88
2024-06-04 12:00:00,68946.6,67395.766
2024-06-04 13:00:00,69528.0,67397.24
2024-06-04 14:00:00,69651.5,67429.76
2024-06-04 15:00:00,70445.0,67508.54
2024-06-04 16:00:00,70800.0,67667.266
2024-06-04 17:00:00,70564.0,67897.79
2024-06-04 18:00:00,70693.7,68167.04
2024-06-04 19:00:00,70423.6,68358.67
2024-06-04 20:00:00,70402.7,68486.25
2024-06-04 21:00:00,70620.0,68550.14
2024-06-04 22:00:00,70561.3,68580.125
2024-06-04 23:00:00,70537.8,68602.9
2024-06-05 00:00:00,70776.0,68627.5
2024-06-05 01:00:00,70986.3,68650.664
2024-06-05 02:00:00,70838.0,68701.64
2024-06-05 03:00:00,70947.6,68768.03
2024-06-05 04:00:00,71168.5,68838.055
2024-06-05 05:00:00,71000.0,68892.3
2024-06-05 06:00:00,71119.0,68951.5
2024-06-05 07:00:00,71200.0,68987.2
2024-06-05 08:00:00,70927.6,69026.26
2024-06-05 09:00:00,70894.2,69054.086
2024-06-05 10:00:00,70800.3,69060.84
2024-06-05 11:00:00,70971.7,69034.56
2024-06-05 12:00:00,70940.0,69012.01
2024-06-05 13:00:00,70730.7,68984.734
2024-06-05 14:00:00,70868.0,68961.66
2024-06-05 15:00:00,71580.0,68936.734
2024-06-05 16:00:00,71312.8,68954.06
2024-06-05 17:00:00,71629.0,69051.71
2024-06-05 18:00:00,71096.8,69162.97
2024-06-05 19:00:00,71280.0,69219.07
2024-06-05 20:00:00,71196.0,69249.414
2024-06-05 21:00:00,71138.4,69251.266
2024-06-05 22:00:00,71144.9,69241.0
2024-06-05 23:00:00,71108.0,69223.44
2024-06-06 00:00:00,71018.1,69184.85
2024-06-06 01:00:00,71124.0,69164.59
2024-06-06 02:00:00,71160.0,69148.23
2024-06-06 03:00:00,71050.0,69147.24
2024-06-06 04:00:00,71054.5,69148.31
2024-06-06 05:00:00,70895.5,69137.86
2024-06-06 06:00:00,70888.0,69112.98
2024-06-06 07:00:00,71021.5,69084.8
2024-06-06 08:00:00,70904.0,69063.016
2024-06-06 09:00:00,70978.9,69049.234
2024-06-06 10:00:00,70988.0,69045.7
2024-06-06 11:00:00,71170.0,69045.766
2024-06-06 12:00:00,71187.2,69051.414
2024-06-06 13:00:00,71123.1,69069.4
2024-06-06 14:00:00,71464.6,69092.1
2024-06-06 15:00:00,71300.0,69136.01
2024-06-06 16:00:00,70949.0,69188.03
2024-06-06 17:00:00,71098.3,69191.27
2024-06-06 18:00:00,71075.0,69183.75
2024-06-06 19:00:00,70479.5,69169.83
2024-06-06 20:00:00,70720.0,69100.61
2024-06-06 21:00:00,70740.5,69003.19
2024-06-06 22:00:00,70901.0,68950.89
2024-06-06 23:00:00,70799.1,68924.29
2024-06-07 00:00:00,70883.0,68921.125
2024-06-07 01:00:00,70840.0,68930.23
2024-06-07 02:00:00,70824.1,68932.19
2024-06-07 03:00:00,70989.7,68930.18
2024-06-07 04:00:00,71226.5,68936.88
2024-06-07 05:00:00,71290.6,68962.89
2024-06-07 06:00:00,71265.7,69011.74
2024-06-07 07:00:00,71110.0,69092.53
2024-06-07 08:00:00,71117.2,69139.01
2024-06-07 09:00:00,71302.1,69158.86
2024-06-07 10:00:00,71377.4,69171.42
2024-06-07 11:00:00,71700.0,69194.625
2024-06-07 12:00:00,71234.1,69234.46
2024-06-07 13:00:00,71534.6,69186.625
2024-06-07 14:00:00,71430.9,69258.02
2024-06-07 15:00:00,71111.5,69310.36
2024-06-07 16:00:00,70873.5,69306.375
2024-06-07 17:00:00,69803.6,69267.484
2024-06-07 18:00:00,69154.4,69102.59
2024-06-07 19:00:00,69255.0,68713.84
2024-06-07 20:00:00,69308.0,68461.43
2024-06-07 21:00:00,69250.0,68242.41
2024-06-07 22:00:00,69499.0,68093.11
2024-06-07 23:00:00,69355.6,67998.055
2024-06-08 00:00:00,69401.5,67943.73
2024-06-08 01:00:00,69465.2,67906.84
2024-06-08 02:00:00,69422.1,67881.78
2024-06-08 03:00:00,69432.0,67870.0
2024-06-08 04:00:00,69316.7,67862.34
2024-06-08 05:00:00,69320.0,67846.83
2024-06-08 06:00:00,69333.5,67823.19
2024-06-08 07:00:00,69582.2,67800.11
2024-06-08 08:00:00,69436.4,67796.85
2024-06-08 09:00:00,69443.2,67810.87
2024-06-08 10:00:00,69453.4,67825.43
2024-06-08 11:00:00,69365.9,67831.11
2024-06-08 12:00:00,69360.2,67826.07
2024-06-08 13:00:00,69430.0,67815.83
2024-06-08 14:00:00,69461.7,67794.53
2024-06-08 15:00:00,69430.0,67791.24
2024-06-08 16:00:00,69387.1,67802.38
2024-06-08 17:00:00,69440.0,67804.65
2024-06-08 18:00:00,69454.9,67807.49
2024-06-08 19:00:00,69460.0,67816.77
2024-06-08 20:00:00,69372.7,67826.53
2024-06-08 21:00:00,69404.9,67826.414
2024-06-08 22:00:00,69338.1,67822.57
2024-06-08 23:00:00,69310.5,67810.695
2024-06-09 00:00:00,69268.7,67793.695
2024-06-09 01:00:00,69285.0,67772.39
2024-06-09 02:00:00,69174.9,67755.266
2024-06-09 03:00:00,69259.4,67730.69
2024-06-09 04:00:00,69304.4,67711.54
2024-06-09 05:00:00,69293.5,67704.06
2024-06-09 06:00:00,69391.0,67705.87
2024-06-09 07:00:00,69295.6,67716.23
2024-06-09 08:00:00,69352.1,67725.31
2024-06-09 09:00:00,69370.0,67736.055
2024-06-09 10:00:00,69346.5,67745.61
2024-06-09 11:00:00,69367.7,67752.26
2024-06-09 12:00:00,69713.0,67757.89
2024-06-09 13:00:00,69467.0,67774.89
2024-06-09 14:00:00,69490.1,67790.305
2024-06-09 15:00:00,69508.6,67821.02
2024-06-09 16:00:00,69622.9,67839.67
2024-06-09 17:00:00,69660.5,67866.8
2024-06-09 18:00:00,69738.1,67897.61
2024-06-09 19:00:00,69710.3,67926.12
2024-06-09 20:00:00,69686.9,67962.7
2024-06-09 21:00:00,69750.0,67991.2
2024-06-09 22:00:00,69634.4,68011.484
2024-06-09 23:00:00,69648.1,68021.164
2024-06-10 00:00:00,69560.0,68022.28
2024-06-10 01:00:00,69625.5,68001.88
2024-06-10 02:00:00,69716.0,67984.77
2024-06-10 03:00:00,69613.2,67979.27
2024-06-10 04:00:00,69674.3,67989.99
2024-06-10 05:00:00,69580.5,67996.91
2024-06-10 06:00:00,69429.9,67993.62
2024-06-10 07:00:00,69304.0,67963.914
2024-06-10 08:00:00,69387.5,67922.16
2024-06-10 09:00:00,69450.0,67882.63
2024-06-10 10:00:00,69440.0,67845.06
2024-06-10 11:00:00,69473.9,67832.26
2024-06-10 12:00:00,69364.0,67831.336
2024-06-10 13:00:00,69408.2,67831.35
2024-06-10 14:00:00,69662.1,67818.24
2024-06-10 15:00:00,70066.1,67822.42
2024-06-10 16:00:00,69972.2,67857.56
2024-06-10 17:00:00,70043.0,67949.81
2024-06-10 18:00:00,69860.0,68049.02
2024-06-10 19:00:00,69490.8,68105.26
2024-06-10 20:00:00,69632.5,68103.29
2024-06-10 21:00:00,69585.5,68065.63
2024-06-10 22:00:00,69496.0,68039.266
2024-06-10 23:00:00,69540.0,68005.24
2024-06-11 00:00:00,69410.9,67972.6
2024-06-11 01:00:00,68724.0,67940.23
2024-06-11 02:00:00,68268.6,67830.35
2024-06-11 03:00:00,68464.0,67619.414
2024-06-11 04:00:00,68024.0,67465.75
2024-06-11 05:00:00,67903.6,67256.3
2024-06-11 06:00:00,67692.0,67097.14
2024-06-11 07:00:00,67570.2,66925.1
2024-06-11 08:00:00,67516.7,66781.734
2024-06-11 09:00:00,67084.3,66642.22
2024-06-11 10:00:00,66962.0,66488.94
2024-06-11 11:00:00,66890.0,66330.27
2024-06-11 12:00:00,67020.0,66180.76
2024-06-11 13:00:00,66812.0,66066.47
2024-06-11 14:00:00,66851.3,65957.83
2024-06-11 15:00:00,66244.5,65903.21
2024-06-11 16:00:00,66487.5,65768.64
2024-06-11 17:00:00,66771.0,65676.3
2024-06-11 18:00:00,67117.3,65606.82
2024-06-11 19:00:00,67407.0,65607.234
2024-06-11 20:00:00,67290.1,65691.98
2024-06-11 21:00:00,67396.6,65811.55
2024-06-11 22:00:00,67360.2,65919.21
2024-06-11 23:00:00,67314.2,65996.99
2024-06-12 00:00:00,67200.0,66046.984
2024-06-12 01:00:00,67180.0,66064.875
2024-06-12 02:00:00,67415.2,66040.23
2024-06-12 03:00:00,67407.0,66033.45
2024-06-12 04:00:00,67481.6,66055.055
2024-06-12 05:00:00,67243.2,66086.1
2024-06-12 06:00:00,67281.6,66112.26
2024-06-12 07:00:00,67453.6,66118.45
2024-06-12 08:00:00,67393.5,66118.16
2024-06-12 09:00:00,67753.3,66129.02
2024-06-12 10:00:00,67992.0,66158.695
2024-06-12 11:00:00,67778.4,66230.2
2024-06-12 12:00:00,69339.3,66319.93
2024-06-12 13:00:00,69320.0,66412.15
2024-06-12 14:00:00,69960.6,66690.79
2024-06-12 15:00:00,69734.0,67029.44
2024-06-12 16:00:00,69616.0,67344.57
2024-06-12 17:00:00,69800.0,67572.28
2024-06-12 18:00:00,68828.0,67719.3
2024-06-12 19:00:00,67532.9,67685.39
2024-06-12 20:00:00,68104.0,67510.21
2024-06-12 21:00:00,68536.0,67314.04
2024-06-12 22:00:00,68345.8,67166.88
2024-06-12 23:00:00,68264.0,67090.06
2024-06-13 00:00:00,68330.0,67041.85
2024-06-13 01:00:00,67979.6,66997.34
2024-06-13 02:00:00,67734.8,66946.45
2024-06-13 03:00:00,67474.9,66856.94
2024-06-13 04:00:00,67328.0,66703.65
2024-06-13 05:00:00,67604.0,66581.0
2024-06-13 06:00:00,67518.6,66486.055
2024-06-13 07:00:00,67724.8,66413.29
2024-06-13 08:00:00,67565.6,66376.76
2024-06-13 09:00:00,67419.9,66363.85
2024-06-13 10:00:00,67820.4,66330.16
2024-06-13 11:00:00,67740.0,66318.555
2024-06-13 12:00:00,67749.5,66339.91
2024-06-13 13:00:00,67590.0,66354.266
2024-06-13 14:00:00,67365.6,66391.33
2024-06-13 15:00:00,66470.0,66369.086
2024-06-13 16:00:00,66976.0,66233.2
2024-06-13 17:00:00,66920.0,66081.97
2024-06-13 18:00:00,66863.0,65969.195
2024-06-13 19:00:00,66604.0,65894.055
2024-06-13 20:00:00,66713.0,65823.51
2024-06-13 21:00:00,66970.0,65761.75
2024-06-13 22:00:00,66896.0,65728.195
2024-06-13 23:00:00,66773.0,65725.11
2024-06-14 00:00:00,66727.7,65723.48
2024-06-14 01:00:00,66806.2,65702.445
2024-06-14 02:00:00,66952.0,65676.875
2024-06-14 03:00:00,66744.0,65671.35
2024-06-14 04:00:00,66717.4,65677.08
2024-06-14 05:00:00,67052.5,65678.54
2024-06-14 06:00:00,66962.4,65684.695
2024-06-14 07:00:00,66905.0,65711.125
2024-06-14 08:00:00,67152.0,65734.82
2024-06-14 09:00:00,66920.0,65761.97
2024-06-14 10:00:00,66873.1,65789.664
2024-06-14 11:00:00,67036.0,65800.516
2024-06-14 12:00:00,67083.3,65796.625
2024-06-14 13:00:00,67070.5,65805.2
2024-06-14 14:00:00,66983.0,65822.99
2024-06-14 15:00:00,66392.0,65809.82
2024-06-14 16:00:00,65293.4,65765.56
2024-06-14 17:00:00,65416.00000000001,65529.133
2024-06-14 18:00:00,65524.9,65318.082
2024-06-14 19:00:00,65520.0,65081.227
2024-06-14 20:00:00,65766.4,64915.76
2024-06-14 21:00:00,66196.0,64828.625
2024-06-14 22:00:00,66014.0,64826.74
2024-06-14 23:00:00,66044.0,64890.465
2024-06-15 00:00:00,66185.6,64953.74
2024-06-15 01:00:00,66076.0,64993.387
2024-06-15 02:00:00,66215.4,65033.06
2024-06-15 03:00:00,66267.9,65063.023
2024-06-15 04:00:00,66246.9,65088.13
2024-06-15 05:00:00,66231.8,65117.387
2024-06-15 06:00:00,66168.6,65146.074
2024-06-15 07:00:00,66077.0,65156.535
2024-06-15 08:00:00,66221.3,65144.414
2024-06-15 09:00:00,66227.0,65145.605
2024-06-15 10:00:00,66300.0,65146.074
2024-06-15 11:00:00,66320.0,65157.426
2024-06-15 12:00:00,66348.0,65175.18
2024-06-15 13:00:00,66313.5,65199.746
2024-06-15 14:00:00,66220.5,65219.445
2024-06-15 15:00:00,66316.0,65220.824
2024-06-15 16:00:00,66184.0,65220.01
2024-06-15 17:00:00,66250.0,65223.684
2024-06-15 18:00:00,66145.2,65218.758
2024-06-15 19:00:00,66154.7,65206.145
2024-06-15 20:00:00,66048.0,65188.63
2024-06-15 21:00:00,66126.9,65148.582
2024-06-15 22:00:00,66200.0,65127.523
2024-06-15 23:00:00,66228.2,65115.766
2024-06-16 00:00:00,66162.0,65127.08
2024-06-16 01:00:00,66175.7,65141.42
2024-06-16 02:00:00,66142.9,65147.793
2024-06-16 03:00:00,66146.0,65147.46
2024-06-16 04:00:00,66166.0,65140.285
2024-06-16 05:00:00,66264.0,65131.598
2024-06-16 06:00:00,66312.0,65133.98
2024-06-16 07:00:00,66266.3,65149.035
2024-06-16 08:00:00,66272.5,65175.047
2024-06-16 09:00:00,66410.0,65197.637
2024-06-16 10:00:00,66716.3,65205.965
2024-06-16 11:00:00,66492.8,65250.6
2024-06-16 12:00:00,66597.5,65314.188
2024-06-16 13:00:00,66762.5,65371.094
2024-06-16 14:00:00,66519.0,65417.203
2024-06-16 15:00:00,66712.8,65448.766
2024-06-16 16:00:00,66592.2,65478.34
2024-06-16 17:00:00,66578.0,65494.5
2024-06-16 18:00:00,66590.0,65500.055
2024-06-16 19:00:00,66562.5,65502.496
2024-06-16 20:00:00,66517.5,65500.477
2024-06-16 21:00:00,66525.0,65488.93
2024-06-16 22:00:00,66756.0,65475.8
2024-06-16 23:00:00,66676.9,65471.094
2024-06-17 00:00:00,66584.0,65503.086
2024-06-17 01:00:00,66472.3,65523.61
2024-06-17 02:00:00,66344.0,65507.34
2024-06-17 03:00:00,66222.0,65461.332
2024-06-17 04:00:00,66447.9,65411.523
2024-06-17 05:00:00,66351.6,65368.6
2024-06-17 06:00:00,66132.4,65345.727
2024-06-17 07:00:00,66172.0,65310.36
2024-06-17 08:00:00,66194.5,65264.125
2024-06-17 09:00:00,65722.1,65227.133
2024-06-17 10:00:00,65890.0,65157.145
2024-06-17 11:00:00,65817.2,65072.555
2024-06-17 12:00:00,65625.0,65014.695
2024-06-17 13:00:00,65200.00000000001,64946.266
2024-06-17 14:00:00,65473.0,64835.676
2024-06-17 15:00:00,65368.0,64740.59
2024-06-17 16:00:00,65898.0,64664.375
2024-06-17 17:00:00,66607.3,64626.82
2024-06-17 18:00:00,67101.5,64707.03
2024-06-17 19:00:00,66692.0,64890.043
2024-06-17 20:00:00,66397.9,65141.516
2024-06-17 21:00:00,66572.0,65287.68
2024-06-17 22:00:00,66656.0,65368.6
2024-06-17 23:00:00,66504.3,65407.137
2024-06-18 00:00:00,65750.0,65410.332
2024-06-18 01:00:00,65134.0,65331.74
2024-06-18 02:00:00,65467.40000000001,65098.58
2024-06-18 03:00:00,65500.00000000001,64885.453
2024-06-18 04:00:00,65574.2,64763.324
2024-06-18 05:00:00,65596.0,64700.254
2024-06-18 06:00:00,65500.00000000001,64684.25
2024-06-18 07:00:00,65672.50000000001,64669.53
2024-06-18 08:00:00,65727.5,64671.77
2024-06-18 09:00:00,65469.90000000001,64686.566
2024-06-18 10:00:00,65435.5,64681.633
2024-06-18 11:00:00,65366.00000000001,64653.08
2024-06-18 12:00:00,65231.90000000001,64588.938
2024-06-18 13:00:00,64844.0,64512.78
2024-06-18 14:00:00,64634.0,64395.23
2024-06-18 15:00:00,64706.0,64261.695
2024-06-18 16:00:00,64701.0,64151.137
2024-06-18 17:00:00,64610.0,64060.664
2024-06-18 18:00:00,64678.0,63998.77
2024-06-18 19:00:00,64412.2,63951.383
2024-06-18 20:00:00,64936.50000000001,63870.83
2024-06-18 21:00:00,65220.0,63831.633
2024-06-18 22:00:00,65280.00000000001,63889.504
2024-06-18 23:00:00,65175.3,63995.676
2024-06-19 00:00:00,65142.50000000001,64093.676
2024-06-19 01:00:00,65035.6,64149.24
2024-06-19 02:00:00,65327.90000000001,64157.902
2024-06-19 03:00:00,65404.00000000001,64201.36
2024-06-19 04:00:00,65425.6,64256.39
2024-06-19 05:00:00,65413.100000000006,64322.945
2024-06-19 06:00:00,65600.00000000001,64387.598
2024-06-19 07:00:00,65326.9,64438.426
2024-06-19 08:00:00,65183.9,64456.605
2024-06-19 09:00:00,65306.6,64449.707
2024-06-19 10:00:00,65520.0,64418.94
2024-06-19 11:00:00,65210.00000000001,64408.58
2024-06-19 12:00:00,65192.200000000004,64385.734
2024-06-19 13:00:00,65090.2,64382.42
2024-06-19 14:00:00,64952.0,64360.934
2024-06-19 15:00:00,64922.00000000001,64304.496
2024-06-19 16:00:00,64922.3,64250.312
2024-06-19 17:00:00,65084.00000000001,64199.676
2024-06-19 18:00:00,64973.0,64175.242
2024-06-19 19:00:00,64882.0,64173.586
2024-06-19 20:00:00,64874.80000000001,64158.508
2024-06-19 21:00:00,65004.40000000001,64123.727
2024-06-19 22:00:00,64836.00000000001,64107.22
2024-06-19 23:00:00,64974.40000000001,64096.457
2024-06-20 00:00:00,65098.00000000001,64089.82
2024-06-20 01:00:00,65158.6,64079.965
2024-06-20 02:00:00,65197.4,64114.56
2024-06-20 03:00:00,65190.0,64156.95
2024-06-20 04:00:00,65306.00000000001,64200.832
2024-06-20 05:00:00,65513.9,64238.26
2024-06-20 06:00:00,65465.200000000004,64288.11
2024-06-20 07:00:00,65858.8,64350.844
2024-06-20 08:00:00,65690.6,64433.89
2024-06-20 09:00:00,65720.0,64528.96
2024-06-20 10:00:00,66209.5,64599.223
2024-06-20 11:00:00,66169.9,64679.81
2024-06-20 12:00:00,65980.0,64778.85
2024-06-20 13:00:00,65142.6,64866.363
2024-06-20 14:00:00,64952.0,64830.39
2024-06-20 15:00:00,64831.2,64703.746
2024-06-20 16:00:00,64888.0,64539.418
2024-06-20 17:00:00,64970.0,64371.53
2024-06-20 18:00:00,65116.00000000001,64262.133
2024-06-20 19:00:00,65050.0,64214.535
2024-06-20 20:00:00,65100.00000000001,64169.508
2024-06-20 21:00:00,65050.50000000001,64186.75
2024-06-20 22:00:00,64989.9,64212.766
2024-06-20 23:00:00,64870.0,64220.168
2024-06-21 00:00:00,64832.0,64192.96
2024-06-21 01:00:00,64968.0,64142.723
2024-06-21 02:00:00,64786.0,64095.438
2024-06-21 03:00:00,64506.100000000006,64070.76
2024-06-21 04:00:00,64670.00000000001,64015.547
2024-06-21 05:00:00,64661.5,63950.223
2024-06-21 06:00:00,64627.600000000006,63902.65
2024-06-21 07:00:00,64201.600000000006,63872.66
2024-06-21 08:00:00,63639.6,63819.938
2024-06-21 09:00:00,64100.00000000001,63677.598
2024-06-21 10:00:00,63896.00000000001,63544.086
2024-06-21 11:00:00,63770.00000000001,63449.99
2024-06-21 12:00:00,63827.4,63363.508
2024-06-21 13:00:00,63615.2,63279.15
2024-06-21 14:00:00,64222.80000000001,63176.477
2024-06-21 15:00:00,63732.00000000001,63140.363
2024-06-21 16:00:00,63657.30000000001,63139.0
2024-06-21 17:00:00,63671.0,63140.8
2024-06-21 18:00:00,64172.00000000001,63115.992
2024-06-21 19:00:00,64232.0,63115.35
2024-06-21 20:00:00,64200.50000000001,63160.7
2024-06-21 21:00:00,64084.40000000001,63239.656
2024-06-21 22:00:00,64155.0,63294.234
2024-06-21 23:00:00,64143.600000000006,63329.76
2024-06-22 00:00:00,64056.5,63351.445
2024-06-22 01:00:00,64144.3,63351.86
2024-06-22 02:00:00,64303.40000000001,63356.06
2024-06-22 03:00:00,64327.40000000001,63370.113
2024-06-22 04:00:00,64364.1,63407.44
2024-06-22 05:00:00,64424.2,63447.49
2024-06-22 06:00:00,64430.0,63486.125
2024-06-22 07:00:00,64520.00000000001,63524.8
2024-06-22 08:00:00,64289.1,63561.65
2024-06-22 09:00:00,64326.00000000001,63587.54
2024-06-22 10:00:00,64311.7,63591.785
2024-06-22 11:00:00,64265.3,63581.008
2024-06-22 12:00:00,64297.80000000001,63565.527
2024-06-22 13:00:00,64284.00000000001,63552.96
2024-06-22 14:00:00,64288.0,63541.5
2024-06-22 15:00:00,64307.100000000006,63537.184
2024-06-22 16:00:00,64321.3,63536.55
2024-06-22 17:00:00,64256.40000000001,63538.54
2024-06-22 18:00:00,64260.8,63538.656
2024-06-22 19:00:00,64295.0,63534.82
2024-06-22 20:00:00,64284.00000000001,63528.652
2024-06-22 21:00:00,64330.0,63524.77
2024-06-22 22:00:00,64315.80000000001,63526.29
2024-06-22 23:00:00,64262.0,63530.863
2024-06-23 00:00:00,64476.40000000001,63531.45
2024-06-23 01:00:00,64476.2,63540.105
2024-06-23 02:00:00,64507.200000000004,63565.535
2024-06-23 03:00:00,64416.1,63597.215
2024-06-23 04:00:00,64378.00000000001,63624.492
2024-06-23 05:00:00,64380.00000000001,63635.92
2024-06-23 06:00:00,64386.5,63634.027
2024-06-23 07:00:00,64415.3,63628.12
2024-06-23 08:00:00,64395.4,63623.72
2024-06-23 09:00:00,64418.80000000001,63622.56
2024-06-23 10:00:00,64305.6,63621.797
2024-06-23 11:00:00,64341.40000000001,63615.414
2024-06-23 12:00:00,64376.0,63603.402
2024-06-23 13:00:00,64297.80000000001,63594.24
2024-06-23 14:00:00,64192.0,63584.32
2024-06-23 15:00:00,64094.0,63563.043
2024-06-23 16:00:00,63927.5,63522.66
2024-06-23 17:00:00,64120.4,63467.84
2024-06-23 18:00:00,64112.0,63420.094
2024-06-23 19:00:00,64149.80000000001,63396.582
2024-06-23 20:00:00,63740.00000000001,63390.363
2024-06-23 21:00:00,63844.7,63348.367
2024-06-23 22:00:00,63658.00000000001,63287.324
2024-06-23 23:00:00,63210.0,63221.402
2024-06-24 00:00:00,63080.00000000001,63111.254
2024-06-24 01:00:00,63316.00000000001,62951.617
2024-06-24 02:00:00,62880.9,62830.938
2024-06-24 03:00:00,62862.0,62715.82
2024-06-24 04:00:00,62841.0,62616.17
2024-06-24 05:00:00,62314.00000000001,62513.055
2024-06-24 06:00:00,62405.00000000001,62370.246
2024-06-24 07:00:00,62456.00000000001,62232.457
2024-06-24 08:00:00,62730.90000000001,62108.99
2024-06-24 09:00:00,61402.3,62053.566
2024-06-24 10:00:00,61167.100000000006,61833.723
2024-06-24 11:00:00,61291.9,61652.92
2024-06-24 12:00:00,61215.2,61435.586
2024-06-24 13:00:00,61569.200000000004,61253.484
2024-06-24 14:00:00,61303.4,61125.684
2024-06-24 15:00:00,60844.0,61052.176
2024-06-24 16:00:00,60168.00000000001,60959.77
2024-06-24 17:00:00,60244.9,60735.027
2024-06-24 18:00:00,60412.0,60460.2
2024-06-24 19:00:00,59306.700000000004,60298.1
2024-06-24 20:00:00,59514.0,60088.793
2024-06-24 21:00:00,60119.200000000004,59804.13
2024-06-24 22:00:00,60049.00000000001,59664.23
2024-06-24 23:00:00,60293.30000000001,59652.184
2024-06-25 00:00:00,60409.1,59703.258
2024-06-25 01:00:00,60492.0,59784.926
2024-06-25 02:00:00,60676.0,59878.99
2024-06-25 03:00:00,61302.600000000006,59964.957
2024-06-25 04:00:00,61371.3,60079.934
2024-06-25 05:00:00,61024.0,60276.215
2024-06-25 06:00:00,61139.7,60442.44
2024-06-25 07:00:00,60685.200000000004,60543.418
2024-06-25 08:00:00,60860.1,60555.97
2024-06-25 09:00:00,61468.00000000001,60533.4
2024-06-25 10:00:00,61317.2,60544.5
2024-06-25 11:00:00,61187.6,60604.797
2024-06-25 12:00:00,61048.50000000001,60678.496
2024-06-25 13:00:00,61200.0,60707.27
2024-06-25 14:00:00,61763.4,60722.54
2024-06-25 15:00:00,61810.0,60756.13
2024-06-25 16:00:00,61390.00000000001,60848.324
2024-06-25 17:00:00,61381.40000000001,60953.355
2024-06-25 18:00:00,62159.100000000006,61022.08
2024-06-25 19:00:00,61975.5,61064.61
2024-06-25 20:00:00,61924.0,61160.074
2024-06-25 21:00:00,61916.50000000001,61266.535
2024-06-25 22:00:00,61910.0,61338.652
2024-06-25 23:00:00,61806.00000000001,61382.098
2024-06-26 00:00:00,61767.700000000004,61383.04
2024-06-26 01:00:00,62090.0,61362.65
2024-06-26 02:00:00,62028.00000000001,61353.754
2024-06-26 03:00:00,61936.100000000006,61396.184
2024-06-26 04:00:00,61713.00000000001,61440.25
2024-06-26 05:00:00,61562.0,61437.137
2024-06-26 06:00:00,61577.2,61388.72
2024-06-26 07:00:00,61720.00000000001,61322.85
2024-06-26 08:00:00,61472.50000000001,61266.99
2024-06-26 09:00:00,61376.700000000004,61219.133
2024-06-26 10:00:00,61264.3,61166.574
2024-06-26 11:00:00,61445.30000000001,61085.504
2024-06-26 12:00:00,61431.5,61037.12
2024-06-26 13:00:00,61760.00000000001,61005.863
2024-06-26 14:00:00,61728.100000000006,61020.355
2024-06-26 15:00:00,61467.90000000001,61067.625
2024-06-26 16:00:00,61274.00000000001,61092.066
2024-06-26 17:00:00,61242.0,61077.035
2024-06-26 18:00:00,60910.0,60998.367
2024-06-26 19:00:00,61000.00000000001,60915.664
2024-06-26 20:00:00,60993.40000000001,60808.617
2024-06-26 21:00:00,61054.40000000001,60726.715
2024-06-26 22:00:00,60924.600000000006,60688.43
2024-06-26 23:00:00,60865.0,60654.574
2024-06-27 00:00:00,60982.0,60620.035
2024-06-27 01:00:00,61064.0,60584.438
2024-06-27 02:00:00,61029.5,60578.01
2024-06-27 03:00:00,61037.3,60583.418
2024-06-27 04:00:00,61114.00000000001,60597.55
2024-06-27 05:00:00,60805.50000000001,60621.766
2024-06-27 06:00:00,60742.0,60618.867
2024-06-27 07:00:00,60794.00000000001,60567.188
2024-06-27 08:00:00,60866.0,60518.484
2024-06-27 09:00:00,61282.8,60485.63
2024-06-27 10:00:00,61110.00000000001,60499.18
2024-06-27 11:00:00,61196.00000000001,60558.57
2024-06-27 12:00:00,61341.90000000001,60627.83
2024-06-27 13:00:00,61990.0,60690.664
2024-06-27 14:00:00,61730.0,60789.273
2024-06-27 15:00:00,61576.0,60925.51
2024-06-27 16:00:00,61714.600000000006,61045.973
2024-06-27 17:00:00,61842.1,61122.22
2024-06-27 18:00:00,61882.40000000001,61178.867
2024-06-27 19:00:00,61450.0,61227.434
2024-06-27 20:00:00,61493.1,61232.465
2024-06-27 21:00:00,61536.0,61198.977
2024-06-27 22:00:00,61640.00000000001,61159.67
2024-06-27 23:00:00,61706.5,61137.176
2024-06-28 00:00:00,61560.0,61135.59
2024-06-28 01:00:00,62092.00000000001,61140.465
2024-06-28 02:00:00,61730.700000000004,61174.76
2024-06-28 03:00:00,61828.200000000004,61214.29
2024-06-28 04:00:00,61750.4,61266.133
2024-06-28 05:00:00,61604.0,61282.58
2024-06-28 06:00:00,61621.0,61270.06
2024-06-28 07:00:00,61350.0,61241.2
2024-06-28 08:00:00,61480.200000000004,61173.04
2024-06-28 09:00:00,61547.6,61114.543
2024-06-28 10:00:00,61548.100000000006,61073.094
2024-06-28 11:00:00,61690.00000000001,61059.367
2024-06-28 12:00:00,61395.1,61072.6
2024-06-28 13:00:00,61298.0,61060.934
2024-06-28 14:00:00,60928.00000000001,61053.902
2024-06-28 15:00:00,61062.0,60982.793
2024-06-28 16:00:00,60940.0,60895.848
2024-06-28 17:00:00,60826.600000000006,60789.1
2024-06-28 18:00:00,60828.0,60705.625
2024-06-28 19:00:00,60123.7,60628.855
2024-06-28 20:00:00,60229.9,60487.17
2024-06-28 21:00:00,60366.00000000001,60348.426
2024-06-28 22:00:00,60368.0,60225.547
2024-06-28 23:00:00,60427.8,60143.38
2024-06-29 00:00:00,60770.7,60102.965
2024-06-29 01:00:00,60901.0,60097.816
2024-06-29 02:00:00,60766.1,60170.066
2024-06-29 03:00:00,60762.00000000001,60255.87
2024-06-29 04:00:00,60773.6,60320.047
2024-06-29 05:00:00,60762.00000000001,60352.297
2024-06-29 06:00:00,60847.8,60364.18
2024-06-29 07:00:00,61052.30000000001,60373.91
2024-06-29 08:00:00,60982.0,60396.95
2024-06-29 09:00:00,60970.00000000001,60447.32
2024-06-29 10:00:00,60994.4,60489.098
2024-06-29 11:00:00,61102.30000000001,60519.81
2024-06-29 12:00:00,61045.40000000001,60544.984
2024-06-29 13:00:00,61103.00000000001,60577.754
2024-06-29 14:00:00,61018.0,60608.227
2024-06-29 15:00:00,61106.0,60625.11
2024-06-29 16:00:00,61009.90000000001,60636.65
2024-06-29 17:00:00,61040.80000000001,60637.223
2024-06-29 18:00:00,61059.0,60633.43
2024-06-29 19:00:00,61057.4,60632.26
2024-06-29 20:00:00,61050.0,60630.46
2024-06-29 21:00:00,61045.0,60630.617
2024-06-29 22:00:00,60970.00000000001,60630.953
2024-06-29 23:00:00,60986.700000000004,60622.023
2024-06-30 00:00:00,61024.600000000006,60615.797
2024-06-30 01:00:00,60962.00000000001,60608.242
2024-06-30 02:00:00,60834.3,60602.086
2024-06-30 03:00:00,60898.30000000001,60572.742
2024-06-30 04:00:00,60777.600000000006,60552.27
2024-06-30 05:00:00,60789.3,60526.44
2024-06-30 06:00:00,61040.200000000004,60494.887
2024-06-30 07:00:00,61528.00000000001,60483.992
2024-06-30 08:00:00,61556.00000000001,60523.504
2024-06-30 09:00:00,61529.700000000004,60656.25
2024-06-30 10:00:00,61540.00000000001,60796.254
2024-06-30 11:00:00,61560.0,60909.234
2024-06-30 12:00:00,61496.00000000001,60979.246
2024-06-30 13:00:00,61719.600000000006,61015.055
2024-06-30 14:00:00,61587.1,61041.203
2024-06-30 15:00:00,61717.90000000001,61069.37
2024-06-30 16:00:00,61603.50000000001,61109.45
2024-06-30 17:00:00,61708.00000000001,61139.484
2024-06-30 18:00:00,62055.30000000001,61160.223
2024-06-30 19:00:00,62026.8,61206.62
2024-06-30 20:00:00,61990.0,61276.92
2024-06-30 21:00:00,61940.00000000001,61345.39
2024-06-30 22:00:00,62901.0,61405.543
2024-06-30 23:00:00,62772.00000000001,61482.207
2024-07-01 00:00:00,62932.0,61653.6
2024-07-01 01:00:00,63640.80000000001,61824.707
2024-07-01 02:00:00,63435.90000000001,62002.004
2024-07-01 03:00:00,63437.7,62214.227
2024-07-01 04:00:00,63279.8,62405.082
2024-07-01 05:00:00,63432.9,62534.137
2024-07-01 06:00:00,63404.0,62606.44
2024-07-01 07:00:00,63277.80000000001,62642.35
2024-07-01 08:00:00,62923.90000000001,62657.81
2024-07-01 09:00:00,62939.0,62611.62
2024-07-01 10:00:00,62852.200000000004,62550.33
2024-07-01 11:00:00,62662.1,62478.32
2024-07-01 12:00:00,62882.00000000001,62389.54
2024-07-01 13:00:00,62685.3,62327.723
2024-07-01 14:00:00,62826.00000000001,62270.395
2024-07-01 15:00:00,63132.90000000001,62236.297
2024-07-01 16:00:00,63119.30000000001,62252.457
2024-07-01 17:00:00,63697.7,62299.594
2024-07-01 18:00:00,63650.0,62396.92
2024-07-01 19:00:00,63226.80000000001,62524.703
2024-07-01 20:00:00,63292.5,62618.273
2024-07-01 21:00:00,63130.00000000001,62668.15
2024-07-01 22:00:00,62975.1,62661.6
2024-07-01 23:00:00,62900.00000000001,62603.34
2024-07-02 00:00:00,62926.6,62531.293
2024-07-02 01:00:00,62926.00000000001,62462.34
2024-07-02 02:00:00,62999.6,62410.793
2024-07-02 03:00:00,63138.7,62385.414
2024-07-02 04:00:00,63038.00000000001,62396.777
2024-07-02 05:00:00,63024.00000000001,62419.49
2024-07-02 06:00:00,62866.0,62437.766
2024-07-02 07:00:00,62630.0,62419.246
2024-07-02 08:00:00,62670.0,62359.49
2024-07-02 09:00:00,62650.00000000001,62277.28
2024-07-02 10:00:00,62716.00000000001,62199.375
2024-07-02 11:00:00,62832.0,62166.13
2024-07-02 12:00:00,62878.4,62162.824
2024-07-02 13:00:00,62626.9,62181.445
2024-07-02 14:00:00,62035.4,62183.754
2024-07-02 15:00:00,61948.100000000006,62090.594
2024-07-02 16:00:00,61920.9,61975.297
2024-07-02 17:00:00,62148.00000000001,61832.824
2024-07-02 18:00:00,62330.00000000001,61729.45
2024-07-02 19:00:00,61939.100000000006,61682.47
2024-07-02 20:00:00,62012.00000000001,61661.066
2024-07-02 21:00:00,61958.00000000001,61635.58
2024-07-02 22:00:00,62090.0,61599.74
2024-07-02 23:00:00,62135.50000000001,61576.008
2024-07-03 00:00:00,62094.00000000001,61572.344
2024-07-03 01:00:00,61617.90000000001,61581.234
2024-07-03 02:00:00,61362.00000000001,61519.902
2024-07-03 03:00:00,60988.00000000001,61408.883
2024-07-03 04:00:00,60883.90000000001,61227.594
2024-07-03 05:00:00,61121.50000000001,61050.305
2024-07-03 06:00:00,61014.00000000001,60902.84
2024-07-03 07:00:00,60870.0,60806.17
2024-07-03 08:00:00,60497.6,60732.69
2024-07-03 09:00:00,60606.0,60596.42
2024-07-03 10:00:00,60384.0,60496.062
2024-07-03 11:00:00,60386.0,60330.26
2024-07-03 12:00:00,60028.00000000001,60233.977
2024-07-03 13:00:00,60590.0,60119.83
2024-07-03 14:00:00,60281.100000000006,60044.367
2024-07-03 15:00:00,60186.2,60032.074
2024-07-03 16:00:00,60496.0,60013.164
2024-07-03 17:00:00,60371.3,60002.59
2024-07-03 18:00:00,60248.0,60015.523
2024-07-03 19:00:00,59671.100000000006,60017.223
2024-07-03 20:00:00,59609.3,59929.812
2024-07-03 21:00:00,60247.6,59809.344
2024-07-03 22:00:00,60316.0,59713.71
2024-07-03 23:00:00,60208.600000000006,59719.812
2024-07-04 00:00:00,60430.00000000001,59773.473
2024-07-04 01:00:00,58561.100000000006,59833.277
2024-07-04 02:00:00,58972.100000000006,59655.168
2024-07-04 03:00:00,59102.00000000001,59366.688
2024-07-04 04:00:00,58968.4,59194.65
2024-07-04 05:00:00,58902.0,59057.73
2024-07-04 06:00:00,58796.00000000001,58957.176
2024-07-04 07:00:00,58220.0,58850.023
2024-07-04 08:00:00,57688.5,58700.03
2024-07-04 09:00:00,57748.00000000001,58436.574
2024-07-04 10:00:00,57946.4,58131.125
2024-07-04 11:00:00,57761.9,57961.42
2024-07-04 12:00:00,57248.00000000001,57866.176
2024-07-04 13:00:00,57420.0,57744.81
2024-07-04 14:00:00,57450.200000000004,57539.39
2024-07-04 15:00:00,58140.0,57424.758
2024-07-04 16:00:00,58304.600000000006,57416.4
2024-07-04 17:00:00,58240.0,57534.125
2024-07-04 18:00:00,58168.0,57691.656
2024-07-04 19:00:00,58283.6,57811.387
2024-07-04 20:00:00,58359.00000000001,57905.49
2024-07-04 21:00:00,58494.00000000001,57976.99
2024-07-04 22:00:00,58038.8,58043.55
2024-07-04 23:00:00,57050.00000000001,58070.406
2024-07-05 00:00:00,57376.0,57917.48
2024-07-05 01:00:00,57172.0,57685.83
2024-07-05 02:00:00,55766.3,57499.094
2024-07-05 03:00:00,55228.00000000001,57151.242
2024-07-05 04:00:00,53941.1,56693.37
2024-07-05 05:00:00,54806.0,56098.16
2024-07-05 06:00:00,54284.00000000001,55621.363
2024-07-05 07:00:00,54415.1,55226.047
2024-07-05 08:00:00,54088.00000000001,54928.965
2024-07-05 09:00:00,54528.0,54723.152
2024-07-05 10:00:00,54988.00000000001,54564.223
2024-07-05 11:00:00,55486.5,54542.805
2024-07-05 12:00:00,55052.80000000001,54645.2
2024-07-05 13:00:00,55830.0,54800.74
2024-07-05 14:00:00,55754.00000000001,54995.26
2024-07-05 15:00:00,56662.00000000001,55182.3
2024-07-05 16:00:00,56448.100000000006,55378.445
2024-07-05 17:00:00,56453.2,55643.094
2024-07-05 18:00:00,56546.2,55916.0
2024-07-05 19:00:00,56465.40000000001,56079.297
2024-07-05 20:00:00,56351.1,56211.453
2024-07-05 21:00:00,56517.600000000006,56282.246
2024-07-05 22:00:00,56621.100000000006,56326.285
2024-07-05 23:00:00,56628.8,56363.363
2024-07-06 00:00:00,56601.1,56413.15
2024-07-06 01:00:00,56219.6,56439.08
2024-07-06 02:00:00,56440.0,56437.668
2024-07-06 03:00:00,56410.0,56413.54
2024-07-06 04:00:00,56059.5,56387.625
2024-07-06 05:00:00,56362.50000000001,56336.465
2024-07-06 06:00:00,56417.4,56285.16
2024-07-06 07:00:00,56606.0,56275.125
2024-07-06 08:00:00,56557.80000000001,56303.35
2024-07-06 09:00:00,56766.0,56356.652
2024-07-06 10:00:00,56780.0,56414.965
2024-07-06 11:00:00,56731.4,56479.9
2024-07-06 12:00:00,56755.50000000001,56539.016
2024-07-06 13:00:00,56991.1,56568.484
2024-07-06 14:00:00,57058.9,56612.2
2024-07-06 15:00:00,57318.00000000001,56671.938
2024-07-06 16:00:00,57852.600000000006,56760.57
2024-07-06 17:00:00,57965.2,56903.746
2024-07-06 18:00:00,57787.0,57132.223
2024-07-06 19:00:00,57858.00000000001,57334.05
2024-07-06 20:00:00,57972.0,57475.93
2024-07-06 21:00:00,57868.00000000001,57573.445
2024-07-06 22:00:00,58106.50000000001,57648.516
2024-07-06 23:00:00,58230.1,57705.617
2024-07-07 00:00:00,57931.80000000001,57771.074
2024-07-07 01:00:00,58114.0,57823.773
2024-07-07 02:00:00,58360.0,57857.3
2024-07-07 03:00:00,57963.4,57901.35
2024-07-07 04:00:00,57598.0,57923.71
2024-07-07 05:00:00,57648.00000000001,57878.29
2024-07-07 06:00:00,57646.1,57791.71
2024-07-07 07:00:00,57370.00000000001,57710.082
2024-07-07 08:00:00,57650.40000000001,57595.934
2024-07-07 09:00:00,57733.4,57521.812
2024-07-07 10:00:00,57510.2,57498.207
2024-07-07 11:00:00,57460.0,57495.285
2024-07-07 12:00:00,57341.100000000006,57475.562
2024-07-07 13:00:00,56872.00000000001,57432.438
2024-07-07 14:00:00,56771.50000000001,57319.598
2024-07-07 15:00:00,56825.40000000001,57159.555
2024-07-07 16:00:00,57122.00000000001,57028.453
2024-07-07 17:00:00,57231.100000000006,56950.766
2024-07-07 18:00:00,57172.0,56934.74
2024-07-07 19:00:00,57151.100000000006,56967.867
2024-07-07 20:00:00,57274.2,57001.324
2024-07-07 21:00:00,56596.00000000001,57029.473
2024-07-07 22:00:00,56395.50000000001,56965.676
2024-07-07 23:00:00,55857.8,56862.49
2024-07-08 00:00:00,55094.0,56661.355
2024-07-08 01:00:00,54958.200000000004,56338.93
2024-07-08 02:00:00,55384.8,55911.363
2024-07-08 03:00:00,55160.0,55622.06
2024-07-08 04:00:00,55496.0,55456.71
2024-07-08 05:00:00,55478.7,55386.863
2024-07-08 06:00:00,55634.0,55386.168
2024-07-08 07:00:00,55852.0,55418.82
2024-07-08 08:00:00,57792.0,55485.914
2024-07-08 09:00:00,57512.100000000006,55673.176
2024-07-08 10:00:00,56816.00000000001,56081.74
2024-07-08 11:00:00,57154.0,56460.816
2024-07-08 12:00:00,57151.100000000006,56695.406
2024-07-08 13:00:00,57236.00000000001,56828.707
2024-07-08 14:00:00,56185.200000000004,56893.902
2024-07-08 15:00:00,55761.50000000001,56696.855
2024-07-08 16:00:00,55812.0,56567.914
2024-07-08 17:00:00,56287.4,56378.21
2024-07-08 18:00:00,56280.3,56230.574
2024-07-08 19:00:00,56477.3,56178.824
2024-07-08 20:00:00,56259.90000000001,56190.676
2024-07-08 21:00:00,56642.50000000001,56227.51
2024-07-08 22:00:00,56684.50000000001,56280.375
2024-07-08 23:00:00,56714.600000000006,56358.953
2024-07-09 00:00:00,56531.1,56442.594
2024-07-09 01:00:00,56560.4,56476.594
2024-07-09 02:00:00,57261.9,56495.92
2024-07-09 03:00:00,57168.4,56556.12
2024-07-09 04:00:00,57286.00000000001,56662.85
2024-07-09 05:00:00,57291.5,56784.35
2024-07-09 06:00:00,57476.0,56897.582
2024-07-09 07:00:00,57116.80000000001,57003.207
2024-07-09 08:00:00,57615.50000000001,57065.72
2024-07-09 09:00:00,57588.0,57119.742
2024-07-09 10:00:00,57426.5,57203.906
2024-07-09 11:00:00,57428.00000000001,57263.04
2024-07-09 12:00:00,57338.0,57294.01
2024-07-09 13:00:00,57325.3,57274.43
2024-07-09 14:00:00,57060.0,57233.926
2024-07-09 15:00:00,57477.00000000001,57181.168
2024-07-09 16:00:00,57690.00000000001,57185.215
2024-07-09 17:00:00,57523.0,57232.887
2024-07-09 18:00:00,57907.50000000001,57306.83
2024-07-09 19:00:00,57862.0,57383.805
2024-07-09 20:00:00,57929.200000000004,57478.64
2024-07-09 21:00:00,57800.00000000001,57555.215
2024-07-09 22:00:00,57936.0,57614.65
2024-07-09 23:00:00,58050.00000000001,57656.523
2024-07-10 00:00:00,57486.4,57701.918
2024-07-10 01:00:00,57798.9,57693.59
2024-07-10 02:00:00,57882.6,57654.992
2024-07-10 03:00:00,58180.0,57636.082
2024-07-10 04:00:00,59347.4,57667.457
2024-07-10 05:00:00,58975.0,57793.26
2024-07-10 06:00:00,59238.5,58068.72
2024-07-10 07:00:00,58978.00000000001,58340.82
2024-07-10 08:00:00,58756.00000000001,58530.227
2024-07-10 09:00:00,58490.0,58608.492
2024-07-10 10:00:00,58656.0,58582.484
2024-07-10 11:00:00,58492.00000000001,58516.773
2024-07-10 12:00:00,58150.4,58449.78
2024-07-10 13:00:00,57760.00000000001,58334.977
2024-07-10 14:00:00,57713.00000000001,58186.87
2024-07-10 15:00:00,57699.700000000004,58033.93
2024-07-10 16:00:00,57696.7,57894.34
2024-07-10 17:00:00,57627.80000000001,57790.73
2024-07-10 18:00:00,57630.200000000004,57711.508
2024-07-10 19:00:00,57392.0,57650.402
2024-07-10 20:00:00,57409.2,57576.43
2024-07-10 21:00:00,57434.4,57490.086
2024-07-10 22:00:00,57710.7,57422.44
2024-07-10 23:00:00,57725.90000000001,57402.363
2024-07-11 00:00:00,57628.9,57432.285
2024-07-11 01:00:00,58280.4,57452.52
2024-07-11 02:00:00,57870.00000000001,57511.855
2024-07-11 03:00:00,57568.00000000001,57602.992
2024-07-11 04:00:00,57780.0,57605.9
2024-07-11 05:00:00,57994.00000000001,57596.984
2024-07-11 06:00:00,57996.00000000001,57604.945
2024-07-11 07:00:00,58191.5,57648.28
2024-07-11 08:00:00,58159.100000000006,57713.496
2024-07-11 09:00:00,58290.100000000006,57795.375
2024-07-11 10:00:00,58462.30000000001,57867.39
2024-07-11 11:00:00,58778.0,57944.016
2024-07-11 12:00:00,58816.4,58040.527
2024-07-11 13:00:00,58566.2,58141.855
2024-07-11 14:00:00,57790.00000000001,58262.074
2024-07-11 15:00:00,57402.00000000001,58241.07
2024-07-11 16:00:00,57640.8,58109.31
2024-07-11 17:00:00,57797.3,57929.82
2024-07-11 18:00:00,57841.30000000001,57790.504
2024-07-11 19:00:00,57378.0,57716.2
2024-07-11 20:00:00,57554.00000000001,57645.58
2024-07-11 21:00:00,57460.0,57571.562
2024-07-11 22:00:00,57338.600000000006,57507.05
2024-07-11 23:00:00,57339.90000000001,57435.508
2024-07-12 00:00:00,57178.00000000001,57364.54
2024-07-12 01:00:00,56950.0,57302.113
2024-07-12 02:00:00,57332.90000000001,57194.375
2024-07-12 03:00:00,56914.00000000001,57134.266
2024-07-12 04:00:00,57018.0,57087.758
2024-07-12 05:00:00,57026.00000000001,57033.266
2024-07-12 06:00:00,57210.0,56988.95
2024-07-12 07:00:00,57106.9,56976.47
2024-07-12 08:00:00,57323.00000000001,56974.645
2024-07-12 09:00:00,56950.0,56997.184
2024-07-12 10:00:00,57172.80000000001,57009.13
2024-07-12 11:00:00,57203.50000000001,56999.61
2024-07-12 12:00:00,57382.30000000001,56994.52
2024-07-12 13:00:00,57850.200000000004,57003.918
2024-07-12 14:00:00,57820.0,57090.316
2024-07-12 15:00:00,58214.00000000001,57237.17
2024-07-12 16:00:00,58116.0,57406.742
2024-07-12 17:00:00,58161.80000000001,57573.12
2024-07-12 18:00:00,58296.9,57717.68
2024-07-12 19:00:00,57576.00000000001,57825.19
2024-07-12 20:00:00,57542.0,57836.645
2024-07-12 21:00:00,57597.00000000001,57758.566
2024-07-12 22:00:00,57792.0,57669.0
2024-07-12 23:00:00,57889.1,57608.914
2024-07-13 00:00:00,57835.6,57600.684
2024-07-13 01:00:00,57880.0,57619.85
2024-07-13 02:00:00,57946.4,57651.008
2024-07-13 03:00:00,57814.00000000001,57675.63
2024-07-13 04:00:00,57775.9,57695.98
2024-07-13 05:00:00,58076.00000000001,57697.164
2024-07-13 06:00:00,58038.6,57703.95
2024-07-13 07:00:00,58170.30000000001,57745.633
2024-07-13 08:00:00,57949.90000000001,57798.32
2024-07-13 09:00:00,58678.0,57834.137
2024-07-13 10:00:00,58436.700000000004,57889.82
2024-07-13 11:00:00,58534.00000000001,57992.473
2024-07-13 12:00:00,58768.00000000001,58097.676
2024-07-13 13:00:00,58617.7,58190.13
2024-07-13 14:00:00,58800.00000000001,58277.1
2024-07-13 15:00:00,58830.6,58343.93
2024-07-13 16:00:00,58622.0,58398.125
2024-07-13 17:00:00,58708.0,58438.375
2024-07-13 18:00:00,58643.8,58464.85
2024-07-13 19:00:00,58624.4,58471.527
2024-07-13 20:00:00,58596.0,58469.043
2024-07-13 21:00:00,58686.00000000001,58453.734
2024-07-13 22:00:00,59464.50000000001,58445.48
2024-07-13 23:00:00,59204.0,58472.12
2024-07-14 00:00:00,59754.00000000001,58583.348
2024-07-14 01:00:00,59706.0,58767.66
2024-07-14 02:00:00,59356.0,58949.836
2024-07-14 03:00:00,59466.100000000006,59079.82
2024-07-14 04:00:00,59950.00000000001,59144.06
2024-07-14 05:00:00,60265.4,59191.0
2024-07-14 06:00:00,59876.00000000001,59292.824
2024-07-14 07:00:00,60062.0,59416.668
2024-07-14 08:00:00,60202.0,59520.56
2024-07-14 09:00:00,60186.00000000001,59604.773
2024-07-14 10:00:00,59920.50000000001,59686.355
2024-07-14 11:00:00,60099.100000000006,59724.395
2024-07-14 12:00:00,59583.90000000001,59732.203
2024-07-14 13:00:00,59701.9,59687.26
2024-07-14 14:00:00,60012.0,59619.516
2024-07-14 15:00:00,60084.00000000001,59572.66
2024-07-14 16:00:00,60107.3,59581.85
2024-07-14 17:00:00,60005.600000000006,59618.758
2024-07-14 18:00:00,60020.100000000006,59657.926
2024-07-14 19:00:00,59916.0,59686.59
2024-07-14 20:00:00,60084.00000000001,59690.145
2024-07-14 21:00:00,61276.40000000001,59691.695
2024-07-14 22:00:00,60861.4,59768.61
2024-07-14 23:00:00,60797.9,59963.355
2024-07-15 00:00:00,61212.0,60150.695
2024-07-15 01:00:00,61390.00000000001,60297.75
2024-07-15 02:00:00,62482.00000000001,60431.426
2024-07-15 03:00:00,62647.9,60633.875
2024-07-15 04:00:00,62610.00000000001,60964.934
2024-07-15 05:00:00,62800.00000000001,61290.812
2024-07-15 06:00:00,62870.00000000001,61563.914
2024-07-15 07:00:00,62840.1,61773.617
2024-07-15 08:00:00,62879.50000000001,61920.9
2024-07-15 09:00:00,62637.600000000006,62035.242
2024-07-15 10:00:00,62536.00000000001,62090.28
2024-07-15 11:00:00,62454.00000000001,62099.69
2024-07-15 12:00:00,62616.0,62063.56
2024-07-15 13:00:00,62908.0,62032.523
2024-07-15 14:00:00,63218.100000000006,62027.695
2024-07-15 15:00:00,63026.0,62088.777
2024-07-15 16:00:00,63411.80000000001,62169.87
2024-07-15 17:00:00,63082.0,62273.09
2024-07-15 18:00:00,63499.00000000001,62379.758
2024-07-15 19:00:00,63342.00000000001,62479.56
2024-07-15 20:00:00,63731.40000000001,62541.242
2024-07-15 21:00:00,63532.40000000001,62639.14
2024-07-15 22:00:00,64343.6,62723.918
2024-07-15 23:00:00,64724.1,62818.99
2024-07-16 00:00:00,64611.4,63024.74
2024-07-16 01:00:00,64848.1,63237.7
2024-07-16 02:00:00,64819.90000000001,63444.19
2024-07-16 03:00:00,64752.1,63597.06
2024-07-16 04:00:00,64487.0,63703.27
2024-07-16 05:00:00,63654.9,63753.15
2024-07-16 06:00:00,62899.600000000006,63649.773
2024-07-16 07:00:00,62895.0,63442.59
2024-07-16 08:00:00,62820.7,63159.94
2024-07-16 09:00:00,63187.50000000001,62886.195
2024-07-16 10:00:00,63443.5,62704.492
2024-07-16 11:00:00,63746.100000000006,62644.156
2024-07-16 12:00:00,63743.30000000001,62671.645
2024-07-16 13:00:00,63420.0,62761.992
2024-07-16 14:00:00,63836.1,62841.285
2024-07-16 15:00:00,64878.2,62880.1
2024-07-16 16:00:00,64500.0,62967.047
2024-07-16 17:00:00,64547.5,63140.74
2024-07-16 18:00:00,64795.4,63341.824
2024-07-16 19:00:00,65165.4,63498.87
2024-07-16 20:00:00,64651.8,63630.35
2024-07-16 21:00:00,64500.0,63754.707
2024-07-16 22:00:00,64616.90000000001,63816.043
2024-07-16 23:00:00,65044.00000000001,63799.64
2024-07-17 00:00:00,65505.40000000001,63803.95
2024-07-17 01:00:00,65670.2,63899.23
2024-07-17 02:00:00,65612.9,64065.12
2024-07-17 03:00:00,65701.70000000001,64261.38
2024-07-17 04:00:00,65830.0,64408.39
2024-07-17 05:00:00,65624.0,64517.082
2024-07-17 06:00:00,65575.90000000001,64591.043
2024-07-17 07:00:00,65258.0,64622.34
2024-07-17 08:00:00,65179.6,64592.953
2024-07-17 09:00:00,65332.00000000001,64520.32
2024-07-17 10:00:00,65120.0,64473.168
2024-07-17 11:00:00,64723.7,64433.97
2024-07-17 12:00:00,64730.7,64338.043
2024-07-17 13:00:00,65141.9,64239.47
2024-07-17 14:00:00,65032.100000000006,64159.56
2024-07-17 15:00:00,64724.00000000001,64128.62
2024-07-17 16:00:00,64242.00000000001,64107.88
2024-07-17 17:00:00,64278.80000000001,63995.754
2024-07-17 18:00:00,64504.00000000001,63893.984
2024-07-17 19:00:00,64585.8,63805.29
2024-07-17 20:00:00,64510.30000000001,63765.695
2024-07-17 21:00:00,64318.0,63759.875
2024-07-17 22:00:00,64269.200000000004,63726.652
2024-07-17 23:00:00,64088.00000000001,63680.863
2024-07-18 00:00:00,64443.50000000001,63623.59
2024-07-18 01:00:00,64679.00000000001,63569.062
2024-07-18 02:00:00,64701.40000000001,63579.73
2024-07-18 03:00:00,64865.100000000006,63619.605
2024-07-18 04:00:00,64574.00000000001,63709.402
2024-07-18 05:00:00,64756.8,63777.973
2024-07-18 06:00:00,65000.00000000001,63815.09
2024-07-18 07:00:00,64668.00000000001,63847.72
2024-07-18 08:00:00,64936.90000000001,63890.3
2024-07-18 09:00:00,64866.00000000001,63921.363
2024-07-18 10:00:00,64610.0,63945.992
2024-07-18 11:00:00,64758.0,63939.812
2024-07-18 12:00:00,64850.700000000004,63917.83
2024-07-18 13:00:00,64594.200000000004,63913.324
2024-07-18 14:00:00,63995.40000000001,63911.875
2024-07-18 15:00:00,63538.100000000006,63816.188
2024-07-18 16:00:00,63904.0,63639.234
2024-07-18 17:00:00,63555.5,63465.96
2024-07-18 18:00:00,63520.00000000001,63329.26
2024-07-18 19:00:00,63555.00000000001,63210.71
2024-07-18 20:00:00,63826.00000000001,63103.75
2024-07-18 21:00:00,63850.00000000001,63051.938
2024-07-18 22:00:00,64032.00000000001,63049.523
2024-07-18 23:00:00,63987.90000000001,63074.87
2024-07-19 00:00:00,63600.0,63131.582
2024-07-19 01:00:00,63816.0,63143.152
2024-07-19 02:00:00,63828.00000000001,63116.69
2024-07-19 03:00:00,64325.0,63095.72
2024-07-19 04:00:00,64141.90000000001,63119.668
2024-07-19 05:00:00,64164.0,63197.613
2024-07-19 06:00:00,64210.00000000001,63271.055
2024-07-19 07:00:00,63694.0,63326.598
2024-07-19 08:00:00,63809.0,63304.51
2024-07-19 09:00:00,63700.00000000001,63258.395
2024-07-19 10:00:00,63994.00000000001,63203.105
2024-07-19 11:00:00,64116.00000000001,63179.777
2024-07-19 12:00:00,64414.0,63197.652
2024-07-19 13:00:00,65135.90000000001,63248.39
2024-07-19 14:00:00,65747.0,63335.176
2024-07-19 15:00:00,65836.8,63550.434
2024-07-19 16:00:00,66419.4,63863.023
2024-07-19 17:00:00,66755.4,64166.574
2024-07-19 18:00:00,66788.0,64519.176
2024-07-19 19:00:00,67157.3,64835.184
2024-07-19 20:00:00,66931.8,65072.758
2024-07-19 21:00:00,66892.3,65317.535
2024-07-19 22:00:00,66721.2,65493.73
2024-07-19 23:00:00,66660.0,65586.95
2024-07-20 00:00:00,66419.9,65612.57
2024-07-20 01:00:00,66362.0,65570.06
2024-07-20 02:00:00,66570.6,65510.8
2024-07-20 03:00:00,66602.0,65470.043
2024-07-20 04:00:00,66660.8,65459.168
2024-07-20 05:00:00,66537.3,65468.836
2024-07-20 06:00:00,66625.8,65474.133
2024-07-20 07:00:00,66562.3,65482.113
2024-07-20 08:00:00,66510.7,65480.96
2024-07-20 09:00:00,66582.8,65482.332
2024-07-20 10:00:00,66525.0,65482.633
2024-07-20 11:00:00,66483.7,65481.56
2024-07-20 12:00:00,66476.3,65472.125
2024-07-20 13:00:00,66539.9,65458.527
2024-07-20 14:00:00,66590.0,65439.695
2024-07-20 15:00:00,66825.0,65442.266
2024-07-20 16:00:00,66804.9,65467.027
2024-07-20 17:00:00,67403.0,65511.02
2024-07-20 18:00:00,67468.00000000001,65577.67
2024-07-20 19:00:00,67224.0,65725.14
2024-07-20 20:00:00,67339.3,65853.49
2024-07-20 21:00:00,67092.4,65947.69
2024-07-20 22:00:00,67114.0,65968.16
2024-07-20 23:00:00,67140.0,65948.41
2024-07-21 00:00:00,67066.0,65947.88
2024-07-21 01:00:00,67276.3,65939.58
2024-07-21 02:00:00,67287.0,65951.04
2024-07-21 03:00:00,67171.3,65977.22
2024-07-21 04:00:00,67040.0,66001.66
2024-07-21 05:00:00,67046.0,65997.36
2024-07-21 06:00:00,66722.0,65970.11
2024-07-21 07:00:00,66702.0,65907.53
2024-07-21 08:00:00,66796.0,65835.89
2024-07-21 09:00:00,66976.0,65774.19
2024-07-21 10:00:00,66798.9,65745.69
2024-07-21 11:00:00,66880.0,65740.55
2024-07-21 12:00:00,66928.0,65739.516
2024-07-21 13:00:00,66760.0,65741.75
2024-07-21 14:00:00,67290.8,65730.48
2024-07-21 15:00:00,67164.0,65738.29
2024-07-21 16:00:00,67554.0,65786.52
2024-07-21 17:00:00,66648.0,65857.75
2024-07-21 18:00:00,66864.4,65875.56
2024-07-21 19:00:00,67422.0,65784.08
2024-07-21 20:00:00,67723.9,65817.26
2024-07-21 21:00:00,68194.0,65903.164
2024-07-21 22:00:00,68012.0,66076.32
2024-07-21 23:00:00,68165.3,66264.22
2024-07-22 00:00:00,68188.0,66417.086
2024-07-22 01:00:00,67850.0,66530.0
2024-07-22 02:00:00,68070.6,66588.73
2024-07-22 03:00:00,67880.0,66616.18
2024-07-22 04:00:00,67924.0,66617.71
2024-07-22 05:00:00,67626.0,66610.15
2024-07-22 06:00:00,67412.0,66570.99
2024-07-22 07:00:00,67236.0,66493.32
2024-07-22 08:00:00,67080.5,66398.33
2024-07-22 09:00:00,67427.2,66292.46
2024-07-22 10:00:00,67422.0,66208.336
2024-07-22 11:00:00,67516.0,66170.83
2024-07-22 12:00:00,67697.1,66173.04
2024-07-22 13:00:00,67098.0,66200.04
2024-07-22 14:00:00,66712.0,66188.49
2024-07-22 15:00:00,67063.9,66119.62
2024-07-22 16:00:00,67052.0,66037.484
2024-07-22 17:00:00,67468.00000000001,65974.2
2024-07-22 18:00:00,67445.5,65966.39
2024-07-22 19:00:00,68232.1,66001.45
2024-07-22 20:00:00,68124.0,66095.85
2024-07-22 21:00:00,67841.6,66247.734
2024-07-22 22:00:00,67635.0,66378.36
2024-07-22 23:00:00,67532.0,66435.445
2024-07-23 00:00:00,67490.0,66411.46
2024-07-23 01:00:00,67410.0,66379.81
2024-07-23 02:00:00,67647.6,66324.6
2024-07-23 03:00:00,67474.0,66289.06
2024-07-23 04:00:00,66936.0,66278.8
2024-07-23 05:00:00,66428.0,66226.62
2024-07-23 06:00:00,66519.3,66080.34
2024-07-23 07:00:00,66576.0,65920.99
2024-07-23 08:00:00,66888.0,65773.25
2024-07-23 09:00:00,66938.2,65683.805
2024-07-23 10:00:00,66870.0,65673.08
2024-07-23 11:00:00,66676.0,65700.19
2024-07-23 12:00:00,66504.7,65694.0
2024-07-23 13:00:00,66092.0,65653.53
2024-07-23 14:00:00,67227.8,65547.04
2024-07-23 15:00:00,66584.0,65502.656
2024-07-23 16:00:00,65858.0,65506.812
2024-07-23 17:00:00,65940.3,65480.656
2024-07-23 18:00:00,65860.0,65384.215
2024-07-23 19:00:00,65536.0,65267.07
2024-07-23 20:00:00,65836.0,65109.953
2024-07-23 21:00:00,65872.0,64996.3
2024-07-23 22:00:00,65918.0,64949.965
2024-07-23 23:00:00,65936.0,64932.7
2024-07-24 00:00:00,65784.7,64930.754
2024-07-24 01:00:00,65666.0,64932.543
2024-07-24 02:00:00,65878.2,64915.074
2024-07-24 03:00:00,66052.7,64882.758
2024-07-24 04:00:00,65860.0,64876.547
2024-07-24 05:00:00,65814.0,64885.258
2024-07-24 06:00:00,65898.0,64880.645
2024-07-24 07:00:00,66078.0,64878.348
2024-07-24 08:00:00,66437.0,64892.285
2024-07-24 09:00:00,66398.1,64935.0
2024-07-24 10:00:00,66491.5,65027.785
2024-07-24 11:00:00,66368.0,65126.992
2024-07-24 12:00:00,66215.1,65207.367
2024-07-24 13:00:00,66344.0,65243.082
2024-07-24 14:00:00,66760.0,65255.594
2024-07-24 15:00:00,66176.0,65285.188
2024-07-24 16:00:00,66394.0,65304.54
2024-07-24 17:00:00,66586.0,65297.887
2024-07-24 18:00:00,65754.0,65322.35
2024-07-24 19:00:00,65652.0,65285.438
2024-07-24 20:00:00,66044.0,65195.64
2024-07-24 21:00:00,65647.00000000001,65109.125
2024-07-24 22:00:00,65288.0,64992.996
2024-07-24 23:00:00,65376.00000000001,64885.67
2024-07-25 00:00:00,65514.80000000001,64770.82
2024-07-25 01:00:00,64478.00000000001,64676.785
2024-07-25 02:00:00,64208.0,64479.85
2024-07-25 03:00:00,64093.6,64279.547
2024-07-25 04:00:00,64220.0,64054.332
2024-07-25 05:00:00,64263.00000000001,63853.867
2024-07-25 06:00:00,64324.00000000001,63724.438
2024-07-25 07:00:00,64134.0,63650.54
2024-07-25 08:00:00,64352.00000000001,63594.418
2024-07-25 09:00:00,64306.700000000004,63545.19
2024-07-25 10:00:00,64165.700000000004,63543.688
2024-07-25 11:00:00,64096.0,63526.445
2024-07-25 12:00:00,64124.0,63494.836
2024-07-25 13:00:00,64050.00000000001,63451.96
2024-07-25 14:00:00,64835.0,63408.242
2024-07-25 15:00:00,64790.9,63385.61
2024-07-25 16:00:00,64868.0,63487.34
2024-07-25 17:00:00,65052.0,63629.5
2024-07-25 18:00:00,64568.0,63766.027
2024-07-25 19:00:00,64692.0,63831.758
2024-07-25 20:00:00,65298.0,63874.17
2024-07-25 21:00:00,65838.0,63906.46
2024-07-25 22:00:00,65644.0,64023.78
2024-07-25 23:00:00,65800.0,64217.934
2024-07-26 00:00:00,66384.0,64400.848
2024-07-26 01:00:00,66430.0,64569.703
2024-07-26 02:00:00,67014.0,64743.31
2024-07-26 03:00:00,67042.0,64936.426
2024-07-26 04:00:00,67075.8,65176.15
2024-07-26 05:00:00,66924.0,65394.414
2024-07-26 06:00:00,67062.0,65545.164
2024-07-26 07:00:00,66890.6,65640.05
2024-07-26 08:00:00,67106.0,65683.66
2024-07-26 09:00:00,67296.0,65729.5
2024-07-26 10:00:00,67304.0,65777.29
2024-07-26 11:00:00,67322.0,65852.49
2024-07-26 12:00:00,67314.0,65921.94
2024-07-26 13:00:00,67887.9,65968.34
2024-07-26 14:00:00,67328.0,66016.86
2024-07-26 15:00:00,67560.0,66059.73
2024-07-26 16:00:00,67396.0,66127.81
2024-07-26 17:00:00,67372.0,66177.88
2024-07-26 18:00:00,67573.8,66198.76
2024-07-26 19:00:00,67990.0,66204.68
2024-07-26 20:00:00,67435.2,66233.09
2024-07-26 21:00:00,67946.0,66281.875
2024-07-26 22:00:00,67926.0,66336.44
2024-07-26 23:00:00,67908.0,66404.26
2024-07-27 00:00:00,67872.3,66466.18
2024-07-27 01:00:00,67658.0,66501.055
2024-07-27 02:00:00,68028.0,66506.55
2024-07-27 03:00:00,67798.0,66511.78
2024-07-27 04:00:00,67866.0,66518.12
2024-07-27 05:00:00,67895.2,66530.414
2024-07-27 06:00:00,68092.9,66541.44
2024-07-27 07:00:00,68036.7,66559.86
2024-07-27 08:00:00,67986.0,66590.52
2024-07-27 09:00:00,68217.2,66625.06
2024-07-27 10:00:00,68155.4,66659.625
2024-07-27 11:00:00,68209.9,66696.58
2024-07-27 12:00:00,68400.0,66723.414
2024-07-27 13:00:00,69226.0,66755.086
2024-07-27 14:00:00,68981.7,66835.68
2024-07-27 15:00:00,68844.0,66996.2
2024-07-27 16:00:00,68684.0,67134.11
2024-07-27 17:00:00,68540.0,67222.086
2024-07-27 18:00:00,68542.8,67233.586
2024-07-27 19:00:00,68246.0,67218.016
2024-07-27 20:00:00,67791.2,67111.25
2024-07-27 21:00:00,68860.0,66839.18
2024-07-27 22:00:00,68620.0,66824.89
2024-07-27 23:00:00,67896.5,66935.56
2024-07-28 00:00:00,67958.0,66979.414
2024-07-28 01:00:00,68090.0,66923.42
2024-07-28 02:00:00,68149.5,66860.516
2024-07-28 03:00:00,67941.0,66813.65
2024-07-28 04:00:00,67338.0,66775.73
2024-07-28 05:00:00,67422.0,66691.266
2024-07-28 06:00:00,67486.0,66566.75
2024-07-28 07:00:00,67560.9,66459.82
2024-07-28 08:00:00,67380.0,66380.18
2024-07-28 09:00:00,67433.6,66324.555
2024-07-28 10:00:00,67560.0,66290.65
2024-07-28 11:00:00,67836.0,66273.914
2024-07-28 12:00:00,68000.0,66294.945
2024-07-28 13:00:00,67988.0,66358.45
2024-07-28 14:00:00,67746.0,66437.11
2024-07-28 15:00:00,67645.0,66481.13
2024-07-28 16:00:00,67680.0,66489.56
2024-07-28 17:00:00,67988.5,66472.836
2024-07-28 18:00:00,68236.0,66470.01
2024-07-28 19:00:00,68112.0,66508.45
2024-07-28 20:00:00,68008.0,66579.87
2024-07-28 21:00:00,68021.9,66637.36
2024-07-28 22:00:00,68010.2,66658.93
2024-07-28 23:00:00,68249.9,66668.14
2024-07-29 00:00:00,68714.0,66688.99
2024-07-29 01:00:00,68548.0,66737.61
2024-07-29 02:00:00,69559.0,66839.695
2024-07-29 03:00:00,69347.7,66964.2
2024-07-29 04:00:00,69368.0,67174.07
2024-07-29 05:00:00,69662.1,67369.72
2024-07-29 06:00:00,69588.0,67519.95
2024-07-29 07:00:00,69528.0,67648.6
2024-07-29 08:00:00,69457.5,67735.14
2024-07-29 09:00:00,69520.0,67789.016
2024-07-29 10:00:00,69620.0,67816.375
2024-07-29 11:00:00,69580.0,67836.695
2024-07-29 12:00:00,69799.4,67862.53
2024-07-29 13:00:00,69273.6,67887.87
2024-07-29 14:00:00,68228.0,67844.2
2024-07-29 15:00:00,68104.0,67747.53
2024-07-29 16:00:00,66940.0,67547.59
2024-07-29 17:00:00,67015.1,67212.04
2024-07-29 18:00:00,67420.0,66854.02
2024-07-29 19:00:00,67303.0,66594.61
2024-07-29 20:00:00,67370.0,66439.74
2024-07-29 21:00:00,67500.0,66348.055
2024-07-29 22:00:00,67227.4,66285.87
2024-07-29 23:00:00,66784.7,66247.97
2024-07-30 00:00:00,66610.0,66157.664
2024-07-30 01:00:00,66211.3,65976.15
2024-07-30 02:00:00,66418.0,65821.836
2024-07-30 03:00:00,66610.0,65668.17
2024-07-30 04:00:00,66808.0,65573.94
2024-07-30 05:00:00,66484.0,65547.59
2024-07-30 06:00:00,66766.0,65535.008
2024-07-30 07:00:00,66952.0,65543.07
2024-07-30 08:00:00,66772.0,65567.086
2024-07-30 09:00:00,66608.0,65604.32
2024-07-30 10:00:00,66581.9,65618.195
2024-07-30 11:00:00,66574.0,65597.5
2024-07-30 12:00:00,66668.0,65568.19
2024-07-30 13:00:00,66382.0,65526.67
2024-07-30 14:00:00,65810.0,65504.05
2024-07-30 15:00:00,66216.0,65395.348
2024-07-30 16:00:00,66180.00000000001,65300.27
2024-07-30 17:00:00,65868.0,65252.316
2024-07-30 18:00:00,65824.0,65189.23
2024-07-30 19:00:00,65931.0,65115.633
2024-07-30 20:00:00,66186.0,65039.332
2024-07-30 21:00:00,66304.0,64973.977
2024-07-30 22:00:00,66222.0,64999.277
2024-07-30 23:00:00,66188.0,65049.945
2024-07-31 00:00:00,66344.0,65100.383
2024-07-31 01:00:00,66296.0,65125.863
2024-07-31 02:00:00,66122.2,65153.676
2024-07-31 03:00:00,66058.0,65166.97
2024-07-31 04:00:00,65804.0,65158.727
2024-07-31 05:00:00,66175.5,65096.152
2024-07-31 06:00:00,66460.0,65043.195
2024-07-31 07:00:00,66224.0,65048.96
2024-07-31 08:00:00,66312.0,65106.445
2024-07-31 09:00:00,66262.0,65150.555
2024-07-31 10:00:00,65992.0,65182.69
2024-07-31 11:00:00,66094.0,65175.562
2024-07-31 12:00:00,66153.8,65150.17
2024-07-31 13:00:00,66508.0,65123.67
2024-07-31 14:00:00,66440.0,65134.45
2024-07-31 15:00:00,66380.0,65162.824
2024-07-31 16:00:00,66362.0,65226.246
2024-07-31 17:00:00,66686.0,65275.867
2024-07-31 18:00:00,66528.0,65323.848
2024-07-31 19:00:00,65256.8,65344.31
2024-07-31 20:00:00,64595.8,65222.242
2024-07-31 21:00:00,64978.00000000001,65014.734
2024-07-31 22:00:00,64980.0,64757.574
2024-07-31 23:00:00,64628.00000000001,64539.69
2024-08-01 00:00:00,64645.9,64365.08
2024-08-01 01:00:00,64202.00000000001,64206.145
2024-08-01 02:00:00,64110.0,64053.777
2024-08-01 03:00:00,63936.00000000001,63881.777
2024-08-01 04:00:00,63740.40000000001,63718.082
2024-08-01 05:00:00,64304.0,63558.633
2024-08-01 06:00:00,64226.00000000001,63447.676
2024-08-01 07:00:00,64328.6,63427.004
2024-08-01 08:00:00,64507.200000000004,63456.55
2024-08-01 09:00:00,64466.00000000001,63503.125
2024-08-01 10:00:00,64584.600000000006,63558.36
2024-08-01 11:00:00,64674.2,63605.426
2024-08-01 12:00:00,64884.0,63652.656
2024-08-01 13:00:00,64754.00000000001,63713.14
2024-08-01 14:00:00,63935.8,63769.87
2024-08-01 15:00:00,62906.600000000006,63744.78
2024-08-01 16:00:00,62908.0,63501.21
2024-08-01 17:00:00,63220.0,63233.742
2024-08-01 18:00:00,62954.00000000001,62949.438
2024-08-01 19:00:00,63422.00000000001,62760.91
2024-08-01 20:00:00,64760.0,62689.074
2024-08-01 21:00:00,64889.0,62762.6
2024-08-01 22:00:00,65184.40000000001,63023.945
2024-08-01 23:00:00,65354.0,63362.742
2024-08-02 00:00:00,64898.0,63670.96
2024-08-02 01:00:00,64648.0,63887.19
2024-08-02 02:00:00,64359.90000000001,63963.695
2024-08-02 03:00:00,64609.2,63897.016
2024-08-02 04:00:00,64532.00000000001,63825.008
2024-08-02 05:00:00,64170.00000000001,63775.24
2024-08-02 06:00:00,64477.200000000004,63711.848
2024-08-02 07:00:00,64164.100000000006,63650.438
2024-08-02 08:00:00,64598.00000000001,63610.547
2024-08-02 09:00:00,64512.0,63595.96
2024-08-02 10:00:00,64764.9,63617.914
2024-08-02 11:00:00,64660.000000000015,63661.93
2024-08-02 12:00:00,64846.0,63720.73
2024-08-02 13:00:00,65230.0,63740.99
2024-08-02 14:00:00,63157.90000000001,63802.688
2024-08-02 15:00:00,63416.0,63723.223
2024-08-02 16:00:00,63307.40000000001,63502.277
2024-08-02 17:00:00,63098.0,63290.46
2024-08-02 18:00:00,62898.2,63101.6
2024-08-02 19:00:00,62633.600000000006,62909.07
2024-08-02 20:00:00,62622.00000000001,62703.37
2024-08-02 21:00:00,61987.0,62503.414
2024-08-02 22:00:00,61386.00000000001,62274.023
2024-08-02 23:00:00,61498.3,62035.594
2024-08-03 00:00:00,61132.0,61782.21
2024-08-03 01:00:00,61342.0,61511.676
2024-08-03 02:00:00,61450.0,61263.33
2024-08-03 03:00:00,61896.0,61132.96
2024-08-03 04:00:00,61566.200000000004,61106.97
2024-08-03 05:00:00,61694.00000000001,61137.008
2024-08-03 06:00:00,61827.90000000001,61171.477
2024-08-03 07:00:00,61662.00000000001,61202.195
2024-08-03 08:00:00,61629.700000000004,61219.883
2024-08-03 09:00:00,61736.00000000001,61216.703
2024-08-03 10:00:00,61822.0,61205.062
2024-08-03 11:00:00,61919.40000000001,61211.703
2024-08-03 12:00:00,62002.7,61243.527
2024-08-03 13:00:00,62008.00000000001,61293.867
2024-08-03 14:00:00,61990.0,61350.918
2024-08-03 15:00:00,60879.0,61399.49
2024-08-03 16:00:00,60912.0,61325.105
2024-08-03 17:00:00,60576.0,61116.656
2024-08-03 18:00:00,60244.0,60919.098
2024-08-03 19:00:00,60246.0,60692.73
2024-08-03 20:00:00,60396.0,60470.17
2024-08-03 21:00:00,60648.0,60326.297
2024-08-03 22:00:00,60629.80000000001,60226.934
2024-08-03 23:00:00,60698.00000000001,60210.734
2024-08-04 00:00:00,60747.00000000001,60218.855
2024-08-04 01:00:00,60743.6,60250.906
2024-08-04 02:00:00,60886.9,60270.887
2024-08-04 03:00:00,60735.0,60305.453
2024-08-04 04:00:00,60564.100000000006,60342.93
2024-08-04 05:00:00,60792.00000000001,60348.734
2024-08-04 06:00:00,60819.600000000006,60344.793
2024-08-04 07:00:00,60374.00000000001,60351.9
2024-08-04 08:00:00,60565.40000000001,60319.496
2024-08-04 09:00:00,60708.00000000001,60265.273
2024-08-04 10:00:00,60812.0,60244.19
2024-08-04 11:00:00,60896.0,60251.406
2024-08-04 12:00:00,61062.0,60296.324
2024-08-04 13:00:00,60822.00000000001,60365.043
2024-08-04 14:00:00,59586.700000000004,60424.58
2024-08-04 15:00:00,59086.00000000001,60291.18
2024-08-04 16:00:00,58663.9,60027.5
2024-08-04 17:00:00,57864.4,59685.992
2024-08-04 18:00:00,58770.6,59183.133
2024-08-04 19:00:00,59257.7,58841.055
2024-08-04 20:00:00,59158.00000000001,58702.83
2024-08-04 21:00:00,58460.0,58737.312
2024-08-04 22:00:00,58715.80000000001,58744.98
2024-08-04 23:00:00,58161.0,58711.4
2024-08-05 00:00:00,56174.0,58596.688
2024-08-05 01:00:00,54432.600000000006,58176.664
2024-08-05 02:00:00,54698.00000000001,57217.4
2024-08-05 03:00:00,53890.9,56444.977
2024-08-05 04:00:00,53528.0,55805.168
2024-08-05 05:00:00,52718.00000000001,55236.45
2024-08-05 06:00:00,51588.0,54582.348
2024-08-05 07:00:00,52674.200000000004,53632.688
2024-08-05 08:00:00,52752.0,53155.07
2024-08-05 09:00:00,52667.80000000001,52963.336
2024-08-05 10:00:00,51386.00000000001,52888.516
2024-08-05 11:00:00,51340.0,52668.457
2024-08-05 12:00:00,49804.0,52361.297
2024-08-05 13:00:00,51951.00000000001,51813.42
2024-08-05 14:00:00,54061.7,51414.57
2024-08-05 15:00:00,54321.100000000006,51546.562
2024-08-05 16:00:00,54039.1,52179.062
2024-08-05 17:00:00,54708.0,52897.375
2024-08-05 18:00:00,53096.8,53505.664
2024-08-05 19:00:00,53470.100000000006,53779.21
2024-08-05 20:00:00,54393.9,53747.47
2024-08-05 21:00:00,54372.0,53735.953
2024-08-05 22:00:00,54695.90000000001,53853.555
2024-08-05 23:00:00,54018.80000000001,54044.785
2024-08-06 00:00:00,56038.0,54187.863
2024-08-06 01:00:00,55724.00000000001,54365.36
2024-08-06 02:00:00,55845.4,54682.09
2024-08-06 03:00:00,55665.7,55025.805
2024-08-06 04:00:00,55494.0,55287.28
2024-08-06 05:00:00,55926.0,55416.555
2024-08-06 06:00:00,55782.00000000001,55488.344
2024-08-06 07:00:00,56000.00000000001,55539.344
2024-08-06 08:00:00,54992.00000000001,55603.887
2024-08-06 09:00:00,55212.00000000001,55562.484
2024-08-06 10:00:00,55062.00000000001,55464.23
2024-08-06 11:00:00,55210.00000000001,55371.684
2024-08-06 12:00:00,54772.0,55292.586
2024-08-06 13:00:00,55204.0,55201.863
2024-08-06 14:00:00,56132.0,55104.754
2024-08-06 15:00:00,56406.0,55126.32
2024-08-06 16:00:00,56775.50000000001,55369.215
2024-08-06 17:00:00,56494.0,55666.32
2024-08-06 18:00:00,56730.0,55959.438
2024-08-06 19:00:00,56765.5,56188.72
2024-08-06 20:00:00,56542.00000000001,56341.047
2024-08-06 21:00:00,56458.00000000001,56409.37
2024-08-06 22:00:00,56200.30000000001,56422.74
2024-08-06 23:00:00,56022.0,56381.75
2024-08-07 00:00:00,56270.0,56310.305
2024-08-07 01:00:00,56966.0,56216.395
2024-08-07 02:00:00,56762.00000000001,56209.953
2024-08-07 03:00:00,56862.00000000001,56299.06
2024-08-07 04:00:00,57048.0,56442.785
2024-08-07 05:00:00,56796.0,56566.434
2024-08-07 06:00:00,56838.600000000006,56662.594
2024-08-07 07:00:00,56920.9,56715.023
2024-08-07 08:00:00,57348.0,56730.66
2024-08-07 09:00:00,57350.0,56777.168
2024-08-07 10:00:00,57323.00000000001,56863.89
2024-08-07 11:00:00,56963.40000000001,56987.945
2024-08-07 12:00:00,57292.00000000001,57030.36
2024-08-07 13:00:00,56834.00000000001,57036.977
2024-08-07 14:00:00,56085.80000000001,57005.773
2024-08-07 15:00:00,56094.5,56836.31
2024-08-07 16:00:00,56125.5,56652.094
2024-08-07 17:00:00,55570.6,56460.918
2024-08-07 18:00:00,54805.00000000001,56258.902
2024-08-07 19:00:00,54759.200000000004,55969.746
2024-08-07 20:00:00,55141.30000000001,55681.203
2024-08-07 21:00:00,55416.00000000001,55431.887
2024-08-07 22:00:00,55284.0,55310.242
2024-08-07 23:00:00,55134.2,55242.027
2024-08-08 00:00:00,55300.0,55227.195
2024-08-08 01:00:00,56868.0,55203.414
2024-08-08 02:00:00,57364.0,55318.844
2024-08-08 03:00:00,57049.7,55695.508
2024-08-08 04:00:00,56765.30000000001,56129.492
2024-08-08 05:00:00,56955.600000000006,56435.766
2024-08-08 06:00:00,57216.00000000001,56604.418
2024-08-08 07:00:00,57193.5,56705.496
2024-08-08 08:00:00,57230.00000000001,56793.402
2024-08-08 09:00:00,57339.2,56876.973
2024-08-08 10:00:00,57377.1,56952.93
2024-08-08 11:00:00,57320.50000000001,57026.902
2024-08-08 12:00:00,57924.6,57100.81
2024-08-08 13:00:00,57266.7,57154.555
2024-08-08 14:00:00,58922.2,57219.715
2024-08-08 15:00:00,59428.0,57371.348
2024-08-08 16:00:00,59568.600000000006,57669.52
2024-08-08 17:00:00,59469.90000000001,58075.926
2024-08-08 18:00:00,59328.100000000006,58485.7
2024-08-08 19:00:00,59414.500000000015,58771.4
2024-08-08 20:00:00,59506.3,58928.316
2024-08-08 21:00:00,61173.700000000004,59025.344
2024-08-08 22:00:00,62332.00000000001,59194.53
2024-08-08 23:00:00,61686.0,59556.008
2024-08-09 00:00:00,61214.0,60058.516
2024-08-09 01:00:00,61400.00000000001,60457.277
2024-08-09 02:00:00,61235.50000000001,60664.688
2024-08-09 03:00:00,61358.40000000001,60764.613
2024-08-09 04:00:00,60720.00000000001,60807.652
2024-08-09 05:00:00,60989.0,60773.75
2024-08-09 06:00:00,60890.00000000001,60700.504
2024-08-09 07:00:00,60863.600000000006,60628.84
2024-08-09 08:00:00,61095.7,60578.867
2024-08-09 09:00:00,60760.0,60562.125
2024-08-09 10:00:00,60600.00000000001,60553.887
2024-08-09 11:00:00,60655.200000000004,60487.46
2024-08-09 12:00:00,60552.0,60429.83
2024-08-09 13:00:00,60450.0,60362.418
2024-08-09 14:00:00,60341.1,60248.133
2024-08-09 15:00:00,59810.2,60146.035
2024-08-09 16:00:00,60432.6,60079.25
2024-08-09 17:00:00,60197.5,60011.31
2024-08-09 18:00:00,60314.200000000004,59984.0
2024-08-09 19:00:00,60681.4,59962.723
2024-08-09 20:00:00,60746.0,59981.17
2024-08-09 21:00:00,60732.0,60050.625
2024-08-09 22:00:00,60763.600000000006,60093.594
2024-08-09 23:00:00,60838.0,60145.17
2024-08-10 00:00:00,60541.9,60210.633
2024-08-10 01:00:00,60464.0,60257.195
2024-08-10 02:00:00,60536.200000000004,60289.74
2024-08-10 03:00:00,60437.80000000001,60275.418
2024-08-10 04:00:00,60413.50000000001,60228.945
2024-08-10 05:00:00,60355.5,60174.055
2024-08-10 06:00:00,60458.00000000001,60128.633
2024-08-10 07:00:00,60842.0,60101.363
2024-08-10 08:00:00,60733.6,60121.004
2024-08-10 09:00:00,60896.5,60176.004
2024-08-10 10:00:00,60788.0,60254.312
2024-08-10 11:00:00,60920.90000000001,60322.27
2024-08-10 12:00:00,60722.80000000001,60376.832
2024-08-10 13:00:00,60431.600000000006,60404.047
2024-08-10 14:00:00,60585.4,60376.3
2024-08-10 15:00:00,60515.9,60328.992
2024-08-10 16:00:00,60672.6,60281.457
2024-08-10 17:00:00,60767.80000000001,60252.816
2024-08-10 18:00:00,60953.40000000001,60258.285
2024-08-10 19:00:00,61016.4,60301.184
2024-08-10 20:00:00,60986.2,60379.26
2024-08-10 21:00:00,61076.0,60449.773
2024-08-10 22:00:00,60930.3,60510.33
2024-08-10 23:00:00,60923.5,60545.926
2024-08-11 00:00:00,61095.100000000006,60548.527
2024-08-11 01:00:00,61112.1,60555.695
2024-08-11 02:00:00,61026.80000000001,60579.816
2024-08-11 03:00:00,61085.0,60603.02
2024-08-11 04:00:00,60896.0,60625.625
2024-08-11 05:00:00,61114.3,60633.094
2024-08-11 06:00:00,61120.0,60634.84
2024-08-11 07:00:00,61257.00000000001,60640.746
2024-08-11 08:00:00,61260.40000000001,60661.633
2024-08-11 09:00:00,61110.00000000001,60700.76
2024-08-11 10:00:00,61037.6,60730.348
2024-08-11 11:00:00,60669.100000000006,60751.258
2024-08-11 12:00:00,60492.100000000006,60685.688
2024-08-11 13:00:00,60457.50000000001,60571.88
2024-08-11 14:00:00,60350.00000000001,60435.258
2024-08-11 15:00:00,60127.30000000001,60312.203
2024-08-11 16:00:00,60182.200000000004,60192.535
2024-08-11 17:00:00,60265.100000000006,60096.414
2024-08-11 18:00:00,60263.100000000006,60021.92
2024-08-11 19:00:00,59621.1,59982.184
2024-08-11 20:00:00,58504.9,59893.324
2024-08-11 21:00:00,59009.80000000001,59640.316
2024-08-11 22:00:00,58996.0,59370.418
2024-08-11 23:00:00,58712.600000000006,59134.367
2024-08-12 00:00:00,58450.00000000001,58973.04
2024-08-12 01:00:00,58584.0,58803.992
2024-08-12 02:00:00,58717.200000000004,58670.504
2024-08-12 03:00:00,58509.5,58573.766
2024-08-12 04:00:00,58523.80000000001,58513.33
2024-08-12 05:00:00,58571.6,58465.188
2024-08-12 06:00:00,58403.80000000001,58425.043
2024-08-12 07:00:00,58674.6,58370.98
2024-08-12 08:00:00,58317.40000000001,58298.305
2024-08-12 09:00:00,58296.700000000004,58288.836
2024-08-12 10:00:00,58969.6,58275.28
2024-08-12 11:00:00,59851.7,58287.816
2024-08-12 12:00:00,59728.2,58408.01
2024-08-12 13:00:00,58157.6,58663.63
2024-08-12 14:00:00,60300.0,58755.07
2024-08-12 15:00:00,60207.4,58799.543
2024-08-12 16:00:00,59608.100000000006,58969.68
2024-08-12 17:00:00,59296.1,59175.152
2024-08-12 18:00:00,58526.8,59276.434
2024-08-12 19:00:00,59044.0,59202.18
2024-08-12 20:00:00,58842.00000000001,59061.19
2024-08-12 21:00:00,58969.40000000001,58927.047
2024-08-12 22:00:00,59051.700000000004,58834.72
2024-08-12 23:00:00,59346.600000000006,58798.902
2024-08-13 00:00:00,59798.2,58825.883
2024-08-13 01:00:00,59740.00000000001,58923.594
2024-08-13 02:00:00,59482.0,59058.695
2024-08-13 03:00:00,59040.0,59151.758
2024-08-13 04:00:00,59220.0,59138.56
2024-08-13 05:00:00,59212.00000000001,59090.25
2024-08-13 06:00:00,59368.00000000001,59041.617
2024-08-13 07:00:00,59238.1,59008.04
2024-08-13 08:00:00,59100.00000000001,58992.68
2024-08-13 09:00:00,58946.0,58974.918
2024-08-13 10:00:00,58672.1,58922.824
2024-08-13 11:00:00,58830.0,58832.0
2024-08-13 12:00:00,59124.0,58749.633
2024-08-13 13:00:00,59395.200000000004,58696.324
2024-08-13 14:00:00,59643.600000000006,58714.734
2024-08-13 15:00:00,59472.30000000001,58804.293
2024-08-13 16:00:00,61157.6,58940.215
2024-08-13 17:00:00,61167.600000000006,59141.24
2024-08-13 18:00:00,60795.40000000001,59490.895
2024-08-13 19:00:00,60820.1,59853.496
2024-08-13 20:00:00,60569.100000000006,60072.51
2024-08-13 21:00:00,61030.00000000001,60201.38
2024-08-13 22:00:00,60585.100000000006,60274.797
2024-08-13 23:00:00,60587.1,60302.246
2024-08-14 00:00:00,60786.9,60295.63
2024-08-14 01:00:00,60520.4,60281.895
2024-08-14 02:00:00,60805.50000000001,60273.19
2024-08-14 03:00:00,60952.80000000001,60279.277
2024-08-14 04:00:00,60943.50000000001,60322.23
2024-08-14 05:00:00,60834.6,60391.92
2024-08-14 06:00:00,60861.50000000001,60447.77
2024-08-14 07:00:00,60914.00000000001,60462.38
2024-08-14 08:00:00,60896.0,60467.67
2024-08-14 09:00:00,60857.2,60458.125
2024-08-14 10:00:00,61100.00000000001,60456.38
2024-08-14 11:00:00,61296.9,60478.68
2024-08-14 12:00:00,61064.5,60538.086
2024-08-14 13:00:00,59611.90000000001,60573.53
2024-08-14 14:00:00,59502.700000000004,60478.43
2024-08-14 15:00:00,59435.7,60194.42
2024-08-14 16:00:00,59132.00000000001,59893.12
2024-08-14 17:00:00,59168.40000000001,59611.36
2024-08-14 18:00:00,58990.1,59404.203
2024-08-14 19:00:00,58891.100000000006,59239.977
2024-08-14 20:00:00,59149.200000000004,59097.38
2024-08-14 21:00:00,58913.600000000006,58999.312
2024-08-14 22:00:00,58986.0,58927.965
2024-08-14 23:00:00,58683.4,58844.785
2024-08-15 00:00:00,58994.00000000001,58777.016
2024-08-15 01:00:00,58204.90000000001,58725.773
2024-08-15 02:00:00,58412.2,58630.184
2024-08-15 03:00:00,58443.00000000001,58488.246
2024-08-15 04:00:00,58388.7,58406.285
2024-08-15 05:00:00,58315.0,58333.434
2024-08-15 06:00:00,58101.4,58282.098
2024-08-15 07:00:00,58060.40000000001,58199.53
2024-08-15 08:00:00,58378.30000000001,58109.223
2024-08-15 09:00:00,58412.6,58057.234
2024-08-15 10:00:00,58361.90000000001,58065.758
2024-08-15 11:00:00,58745.40000000001,58104.465
2024-08-15 12:00:00,58800.3,58169.188
2024-08-15 13:00:00,59451.30000000001,58253.74
2024-08-15 14:00:00,59416.4,58391.992
2024-08-15 15:00:00,59682.80000000001,58570.938
2024-08-15 16:00:00,59538.0,58770.754
2024-08-15 17:00:00,58875.1,58944.42
2024-08-15 18:00:00,57872.8,59002.824
2024-08-15 19:00:00,57047.50000000001,58823.35
2024-08-15 20:00:00,56671.1,58452.344
2024-08-15 21:00:00,57622.2,57993.72
2024-08-15 22:00:00,57617.4,57645.96
2024-08-15 23:00:00,57541.1,57476.965
2024-08-16 00:00:00,57470.00000000001,57449.914
2024-08-16 01:00:00,57541.0,57446.96
2024-08-16 02:00:00,58200.00000000001,57436.832
2024-08-16 03:00:00,57890.0,57471.293
2024-08-16 04:00:00,58310.00000000001,57556.86
2024-08-16 05:00:00,58196.0,57658.41
2024-08-16 06:00:00,58527.6,57769.305
2024-08-16 07:00:00,58457.00000000001,57871.715
2024-08-16 08:00:00,58360.0,57976.484
2024-08-16 09:00:00,58672.5,58065.656
2024-08-16 10:00:00,58433.90000000001,58132.95
2024-08-16 11:00:00,58400.000000000015,58186.668
2024-08-16 12:00:00,57868.1,58210.746
2024-08-16 13:00:00,58343.7,58139.02
2024-08-16 14:00:00,58018.9,58069.566
2024-08-16 15:00:00,58071.1,58032.51
2024-08-16 16:00:00,58563.200000000004,57999.46
2024-08-16 17:00:00,59215.9,58010.312
2024-08-16 18:00:00,59467.00000000001,58121.324
2024-08-16 19:00:00,59683.4,58325.69
2024-08-16 20:00:00,59257.1,58585.633
2024-08-16 21:00:00,59024.0,58808.05
2024-08-16 22:00:00,58966.6,58913.715
2024-08-16 23:00:00,58874.600000000006,58921.273
2024-08-17 00:00:00,59187.200000000004,58860.508
2024-08-17 01:00:00,59248.5,58813.652
2024-08-17 02:00:00,59146.40000000001,58820.11
2024-08-17 03:00:00,59158.40000000001,58855.65
2024-08-17 04:00:00,59216.7,58879.215
2024-08-17 05:00:00,59163.200000000004,58897.223
2024-08-17 06:00:00,59158.2,58912.82
2024-08-17 07:00:00,59248.0,58921.625
2024-08-17 08:00:00,59279.100000000006,58923.96
2024-08-17 09:00:00,59326.3,58935.492
2024-08-17 10:00:00,59106.4,58960.81
2024-08-17 11:00:00,59137.1,58974.285
2024-08-17 12:00:00,59230.100000000006,58965.957
2024-08-17 13:00:00,59324.3,58954.965
2024-08-17 14:00:00,59535.40000000001,58959.574
2024-08-17 15:00:00,59388.100000000006,58998.36
2024-08-17 16:00:00,59610.1,59049.637
2024-08-17 17:00:00,59428.600000000006,59110.508
2024-08-17 18:00:00,59417.7,59156.47
2024-08-17 19:00:00,59473.2,59174.094
2024-08-17 20:00:00,59397.1,59179.477
2024-08-17 21:00:00,59303.80000000001,59174.625
2024-08-17 22:00:00,59314.2,59149.426
2024-08-17 23:00:00,59492.00000000001,59122.242
2024-08-18 00:00:00,59678.9,59112.51
2024-08-18 01:00:00,59435.9,59140.047
2024-08-18 02:00:00,60126.00000000001,59180.242
2024-08-18 03:00:00,59337.4,59243.965
2024-08-18 04:00:00,59456.0,59301.66
2024-08-18 05:00:00,59490.00000000001,59310.59
2024-08-18 06:00:00,59596.0,59291.414
2024-08-18 07:00:00,59573.4,59278.746
2024-08-18 08:00:00,59706.0,59273.95
2024-08-18 09:00:00,59880.00000000001,59283.43
2024-08-18 10:00:00,59870.7,59326.883
2024-08-18 11:00:00,60024.0,59389.656
2024-08-18 12:00:00,59969.6,59467.07
2024-08-18 13:00:00,59828.0,59533.47
2024-08-18 14:00:00,59806.00000000001,59583.49
2024-08-18 15:00:00,59864.00000000001,59587.273
2024-08-18 16:00:00,59840.4,59577.363
2024-08-18 17:00:00,59527.6,59564.664
2024-08-18 18:00:00,59602.2,59517.59
2024-08-18 19:00:00,59708.40000000001,59463.938
2024-08-18 20:00:00,59814.50000000001,59423.074
2024-08-18 21:00:00,59439.30000000001,59416.45
2024-08-18 22:00:00,59350.00000000001,59396.44
2024-08-18 23:00:00,58427.40000000001,59355.164
2024-08-19 00:00:00,58346.0,59188.742
2024-08-19 01:00:00,58564.00000000001,58950.0
2024-08-19 02:00:00,58670.5,58729.453
2024-08-19 03:00:00,58736.9,58599.89
2024-08-19 04:00:00,58582.0,58538.31
2024-08-19 05:00:00,58475.2,58505.234
2024-08-19 06:00:00,58570.0,58463.44
2024-08-19 07:00:00,58502.200000000004,58426.387
2024-08-19 08:00:00,58608.3,58399.246
2024-08-19 09:00:00,58006.600000000006,58380.23
2024-08-19 10:00:00,58046.0,58306.203
2024-08-19 11:00:00,58396.90000000001,58199.02
2024-08-19 12:00:00,58412.00000000001,58132.74
2024-08-19 13:00:00,58200.00000000001,58124.168
2024-08-19 14:00:00,58617.4,58116.06
2024-08-19 15:00:00,58539.200000000004,58142.523
2024-08-19 16:00:00,58706.0,58200.32
2024-08-19 17:00:00,59021.600000000006,58260.297
2024-08-19 18:00:00,59012.0,58339.215
2024-08-19 19:00:00,58967.5,58452.67
2024-08-19 20:00:00,59080.0,58553.844
2024-08-19 21:00:00,58967.5,58636.508
2024-08-19 22:00:00,59241.0,58696.184
2024-08-19 23:00:00,59438.50000000001,58746.957
2024-08-20 00:00:00,60482.80000000001,58803.9
2024-08-20 01:00:00,60446.00000000001,58943.945
2024-08-20 02:00:00,60528.80000000001,59229.29
2024-08-20 03:00:00,60619.2,59523.16
2024-08-20 04:00:00,60865.600000000006,59753.7
2024-08-20 05:00:00,61120.0,59921.965
2024-08-20 06:00:00,60960.8,60096.797
2024-08-20 07:00:00,60924.30000000001,60263.965
2024-08-20 08:00:00,60765.100000000006,60369.094
2024-08-20 09:00:00,60856.0,60410.598
2024-08-20 10:00:00,60716.0,60430.824
2024-08-20 11:00:00,60518.8,60427.918
2024-08-20 12:00:00,60693.7,60379.863
2024-08-20 13:00:00,60892.00000000001,60339.8
2024-08-20 14:00:00,59461.8,60310.043
2024-08-20 15:00:00,58825.50000000001,60166.887
2024-08-20 16:00:00,58801.1,59898.586
2024-08-20 17:00:00,59039.5,59591.785
2024-08-20 18:00:00,59191.40000000001,59319.176
2024-08-20 19:00:00,59512.0,59139.383
2024-08-20 20:00:00,59317.6,59084.066
2024-08-20 21:00:00,59296.90000000001,59090.15
2024-08-20 22:00:00,59368.00000000001,59077.88
2024-08-20 23:00:00,59013.8,59082.14
2024-08-21 00:00:00,58989.0,59059.844
2024-08-21 01:00:00,59281.600000000006,59005.59
2024-08-21 02:00:00,59363.30000000001,58950.125
2024-08-21 03:00:00,59320.0,58945.45
2024-08-21 04:00:00,59358.0,58971.137
2024-08-21 05:00:00,59380.00000000001,59002.49
2024-08-21 06:00:00,59627.30000000001,59029.496
2024-08-21 07:00:00,59712.00000000001,59070.33
2024-08-21 08:00:00,59443.00000000001,59141.145
2024-08-21 09:00:00,59290.5,59187.37
2024-08-21 10:00:00,59468.4,59186.668
2024-08-21 11:00:00,59361.100000000006,59173.38
2024-08-21 12:00:00,59506.90000000001,59155.73
2024-08-21 13:00:00,59928.0,59145.65
2024-08-21 14:00:00,59410.4,59138.754
2024-08-21 15:00:00,59511.80000000001,59153.32
2024-08-21 16:00:00,59885.6,59219.64
2024-08-21 17:00:00,59928.4,59276.426
2024-08-21 18:00:00,60771.3,59352.61
2024-08-21 19:00:00,61570.00000000001,59474.098
2024-08-21 20:00:00,61236.00000000001,59705.36
2024-08-21 21:00:00,61236.00000000001,60015.703
2024-08-21 22:00:00,61176.5,60307.816
2024-08-21 23:00:00,61156.00000000001,60514.01
2024-08-22 00:00:00,60818.1,60612.223
2024-08-22 01:00:00,60970.00000000001,60634.824
2024-08-22 02:00:00,60186.50000000001,60607.42
2024-08-22 03:00:00,60548.9,60479.047
2024-08-22 04:00:00,60834.50000000001,60359.715
2024-08-22 05:00:00,60724.00000000001,60295.465
2024-08-22 06:00:00,60762.9,60292.605
2024-08-22 07:00:00,60984.3,60319.16
2024-08-22 08:00:00,60926.80000000001,60363.15
2024-08-22 09:00:00,60888.00000000001,60415.883
2024-08-22 10:00:00,61350.0,60456.31
2024-08-22 11:00:00,61336.100000000006,60508.918
2024-08-22 12:00:00,60879.200000000004,60579.516
2024-08-22 13:00:00,60816.0,60610.64
2024-08-22 14:00:00,60510.5,60582.023
2024-08-22 15:00:00,60407.40000000001,60502.08
2024-08-22 16:00:00,60329.700000000004,60401.523
2024-08-22 17:00:00,60164.7,60310.535
2024-08-22 18:00:00,60331.2,60215.855
2024-08-22 19:00:00,60308.00000000001,60137.824
2024-08-22 20:00:00,60680.00000000001,60077.23
2024-08-22 21:00:00,60545.5,60063.902
2024-08-22 22:00:00,60435.1,60094.582
2024-08-22 23:00:00,60375.8,60122.93
2024-08-23 00:00:00,60726.2,60122.633
2024-08-23 01:00:00,60768.4,60131.1
2024-08-23 02:00:00,60625.7,60174.188
2024-08-23 03:00:00,60593.3,60218.184
2024-08-23 04:00:00,60707.50000000001,60244.816
2024-08-23 05:00:00,60856.30000000001,60256.465
2024-08-23 06:00:00,61189.6,60285.32
2024-08-23 07:00:00,61069.30000000001,60356.777
2024-08-23 08:00:00,61321.40000000001,60448.38
2024-08-23 09:00:00,61022.100000000006,60542.566
2024-08-23 10:00:00,61060.8,60610.25
2024-08-23 11:00:00,60741.700000000004,60648.0
2024-08-23 12:00:00,61146.600000000006,60623.574
2024-08-23 13:00:00,61120.0,60600.246
2024-08-23 14:00:00,60994.9,60588.363
2024-08-23 15:00:00,61533.1,60520.13
2024-08-23 16:00:00,61732.00000000001,60631.99
2024-08-23 17:00:00,62999.9,60785.97
2024-08-23 18:00:00,63152.600000000006,60990.125
2024-08-23 19:00:00,63628.80000000001,61292.03
2024-08-23 20:00:00,63627.7,61667.05
2024-08-23 21:00:00,64392.6,62062.23
2024-08-23 22:00:00,64085.00000000001,62405.836
2024-08-23 23:00:00,64037.200000000004,62721.316
2024-08-24 00:00:00,63961.8,62939.13
2024-08-24 01:00:00,63836.5,63070.055
2024-08-24 02:00:00,63950.00000000001,63118.28
2024-08-24 03:00:00,63832.0,63135.523
2024-08-24 04:00:00,63897.600000000006,63129.5
2024-08-24 05:00:00,63988.0,63137.66
2024-08-24 06:00:00,64048.00000000001,63148.902
2024-08-24 07:00:00,64315.00000000001,63174.363
2024-08-24 08:00:00,64416.0,63235.582
2024-08-24 09:00:00,64328.7,63315.957
2024-08-24 10:00:00,64117.80000000001,63393.805
2024-08-24 11:00:00,63905.00000000001,63436.574
2024-08-24 12:00:00,64087.0,63422.72
2024-08-24 13:00:00,64221.50000000001,63388.75
2024-08-24 14:00:00,64171.8,63367.824
2024-08-24 15:00:00,63976.00000000001,63368.07
2024-08-24 16:00:00,64298.00000000001,63359.176
2024-08-24 17:00:00,64051.00000000001,63357.406
2024-08-24 18:00:00,64223.100000000006,63365.83
2024-08-24 19:00:00,64210.600000000006,63375.332
2024-08-24 20:00:00,64131.0,63408.33
2024-08-24 21:00:00,63612.4,63426.84
2024-08-24 22:00:00,63834.0,63376.805
2024-08-24 23:00:00,64157.0,63303.45
2024-08-25 00:00:00,64176.0,63266.668
2024-08-25 01:00:00,64150.100000000006,63271.227
2024-08-25 02:00:00,64137.00000000001,63315.652
2024-08-25 03:00:00,64101.0,63357.67
2024-08-25 04:00:00,64151.00000000001,63371.336
2024-08-25 05:00:00,64137.50000000001,63375.26
2024-08-25 06:00:00,63994.00000000001,63376.844
2024-08-25 07:00:00,63868.3,63368.53
2024-08-25 08:00:00,63931.00000000001,63331.438
2024-08-25 09:00:00,63861.3,63295.3
2024-08-25 10:00:00,63881.0,63255.97
2024-08-25 11:00:00,63873.90000000001,63227.02
2024-08-25 12:00:00,63924.00000000001,63208.88
2024-08-25 13:00:00,64082.0,63201.57
2024-08-25 14:00:00,64148.0,63206.207
2024-08-25 15:00:00,64132.2,63239.977
2024-08-25 16:00:00,64034.00000000001,63288.086
2024-08-25 17:00:00,64141.0,63320.21
2024-08-25 18:00:00,64167.00000000001,63337.484
2024-08-25 19:00:00,64187.4,63351.4
2024-08-25 20:00:00,64207.00000000001,63370.402
2024-08-25 21:00:00,64383.700000000004,63387.723
2024-08-25 22:00:00,64482.0,63415.086
2024-08-25 23:00:00,64220.0,63469.164
2024-08-26 00:00:00,64111.00000000001,63504.1
2024-08-26 01:00:00,63940.0,63519.69
2024-08-26 02:00:00,64070.0,63487.777
2024-08-26 03:00:00,64115.0,63430.668
2024-08-26 04:00:00,64019.0,63388.47
2024-08-26 05:00:00,63950.00000000001,63363.684
2024-08-26 06:00:00,63728.40000000001,63337.188
2024-08-26 07:00:00,63627.00000000001,63269.23
2024-08-26 08:00:00,63738.0,63206.207
2024-08-26 09:00:00,63857.00000000001,63152.97
2024-08-26 10:00:00,63780.0,63095.14
2024-08-26 11:00:00,63859.00000000001,63082.3
2024-08-26 12:00:00,63633.0,63097.59
2024-08-26 13:00:00,63766.0,63092.05
2024-08-26 14:00:00,63500.600000000006,63070.414
2024-08-26 15:00:00,63532.5,63008.395
2024-08-26 16:00:00,63705.00000000001,62953.41
2024-08-26 17:00:00,63376.0,62931.09
2024-08-26 18:00:00,63643.90000000001,62911.09
2024-08-26 19:00:00,63343.0,62894.156
2024-08-26 20:00:00,63417.00000000001,62872.598
2024-08-26 21:00:00,63155.8,62845.125
2024-08-26 22:00:00,62973.00000000001,62773.977
2024-08-26 23:00:00,62834.0,62702.492
2024-08-27 00:00:00,62722.0,62611.59
2024-08-27 01:00:00,62994.80000000001,62502.246
2024-08-27 02:00:00,62900.100000000006,62424.24
2024-08-27 03:00:00,62970.00000000001,62396.938
2024-08-27 04:00:00,63039.0,62369.66
2024-08-27 05:00:00,63150.00000000001,62367.05
2024-08-27 06:00:00,62761.0,62388.844
2024-08-27 07:00:00,62902.30000000001,62380.47
2024-08-27 08:00:00,62813.4,62364.395
2024-08-27 09:00:00,62680.0,62337.547
2024-08-27 10:00:00,62332.100000000006,62284.277
2024-08-27 11:00:00,62417.00000000001,62195.78
2024-08-27 12:00:00,62419.6,62111.105
2024-08-27 13:00:00,62232.6,62018.336
2024-08-27 14:00:00,61851.00000000001,61933.676
2024-08-27 15:00:00,61709.1,61814.273
2024-08-27 16:00:00,61560.100000000006,61679.53
2024-08-27 17:00:00,61933.3,61568.293
2024-08-27 18:00:00,62096.00000000001,61486.71
2024-08-27 19:00:00,62102.0,61457.992
2024-08-27 20:00:00,61859.0,61474.37
2024-08-27 21:00:00,60420.00000000001,61487.94
2024-08-27 22:00:00,59506.90000000001,61294.883
2024-08-27 23:00:00,59415.00000000001,60826.54
2024-08-28 00:00:00,59088.90000000001,60411.363
2024-08-28 01:00:00,59383.600000000006,59992.516
2024-08-28 02:00:00,59336.00000000001,59667.52
2024-08-28 03:00:00,59629.0,59459.832
2024-08-28 04:00:00,59325.30000000001,59356.855
2024-08-28 05:00:00,59287.9,59294.266
2024-08-28 06:00:00,59186.90000000001,59253.69
2024-08-28 07:00:00,58601.0,59192.91
2024-08-28 08:00:00,59224.0,59058.035
2024-08-28 09:00:00,60200.100000000006,58941.42
2024-08-28 10:00:00,59757.0,58948.7
2024-08-28 11:00:00,59935.0,59090.43
2024-08-28 12:00:00,59946.200000000004,59255.965
2024-08-28 13:00:00,59334.0,59392.242
2024-08-28 14:00:00,59195.3,59411.69
2024-08-28 15:00:00,59000.0,59338.965
2024-08-28 16:00:00,59198.00000000001,59186.793
2024-08-28 17:00:00,58650.0,58989.26
2024-08-28 18:00:00,59487.00000000001,58888.613
2024-08-28 19:00:00,58898.90000000001,58851.34
2024-08-28 20:00:00,59312.00000000001,58858.895
2024-08-28 21:00:00,59113.90000000001,58873.848
2024-08-28 22:00:00,59195.4,58910.04
2024-08-28 23:00:00,59034.90000000001,58918.812
2024-08-29 00:00:00,59205.80000000001,58910.125
2024-08-29 01:00:00,58998.0,58890.87
2024-08-29 02:00:00,59137.00000000001,58871.254
2024-08-29 03:00:00,59141.100000000006,58855.99
2024-08-29 04:00:00,59198.00000000001,58855.906
2024-08-29 05:00:00,59436.2,58862.13
2024-08-29 06:00:00,59570.600000000006,58895.188
2024-08-29 07:00:00,59583.90000000001,58963.105
2024-08-29 08:00:00,59552.0,59059.453
2024-08-29 09:00:00,59586.00000000001,59131.902
2024-08-29 10:00:00,59673.0,59189.26
2024-08-29 11:00:00,60067.100000000006,59241.62
2024-08-29 12:00:00,60322.00000000001,59307.887
2024-08-29 13:00:00,60626.00000000001,59435.29
2024-08-29 14:00:00,60815.00000000001,59577.965
2024-08-29 15:00:00,60780.00000000001,59771.383
2024-08-29 16:00:00,60295.0,59971.24
2024-08-29 17:00:00,60533.00000000001,60086.145
2024-08-29 18:00:00,59161.0,60130.32
2024-08-29 19:00:00,59258.00000000001,59983.207
2024-08-29 20:00:00,59529.0,59772.016
2024-08-29 21:00:00,59496.0,59574.434
2024-08-29 22:00:00,59212.00000000001,59438.97
2024-08-29 23:00:00,59359.00000000001,59299.832
2024-08-30 00:00:00,59204.0,59219.85
2024-08-30 01:00:00,59217.0,59159.92
2024-08-30 02:00:00,59202.50000000001,59098.773
2024-08-30 03:00:00,59032.00000000001,59057.934
2024-08-30 04:00:00,59013.00000000001,58997.785
2024-08-30 05:00:00,58784.00000000001,58948.63
2024-08-30 06:00:00,59361.00000000001,58862.457
2024-08-30 07:00:00,59271.1,58825.348
2024-08-30 08:00:00,59445.00000000001,58847.7
2024-08-30 09:00:00,59580.600000000006,58922.066
2024-08-30 10:00:00,59581.1,59009.984
2024-08-30 11:00:00,59396.00000000001,59094.59
2024-08-30 12:00:00,59539.00000000001,59140.242
2024-08-30 13:00:00,59653.00000000001,59167.652
2024-08-30 14:00:00,58462.9,59170.71
2024-08-30 15:00:00,58095.0,59079.42
2024-08-30 16:00:00,58551.1,58859.332
2024-08-30 17:00:00,58630.90000000001,58641.51
2024-08-30 18:00:00,59371.00000000001,58520.832
2024-08-30 19:00:00,58700.00000000001,58516.67
2024-08-30 20:00:00,59048.00000000001,58582.35
2024-08-30 21:00:00,59056.0,58646.473
2024-08-30 22:00:00,59237.50000000001,58698.02
2024-08-30 23:00:00,59124.0,58752.47
2024-08-31 00:00:00,59246.0,58802.574
2024-08-31 01:00:00,59285.0,58838.64
2024-08-31 02:00:00,59196.5,58888.395
2024-08-31 03:00:00,59232.0,58919.926
2024-08-31 04:00:00,59350.00000000001,58936.957
2024-08-31 05:00:00,59212.00000000001,58955.78
2024-08-31 06:00:00,59154.0,58971.082
2024-08-31 07:00:00,59095.00000000001,58974.426
2024-08-31 08:00:00,58985.00000000001,58955.9
2024-08-31 09:00:00,58905.00000000001,58922.152
2024-08-31 10:00:00,59137.00000000001,58867.047
2024-08-31 11:00:00,59121.00000000001,58832.86
2024-08-31 12:00:00,59192.30000000001,58831.97
2024-08-31 13:00:00,58955.00000000001,58847.242
2024-08-31 14:00:00,59126.0,58854.043
2024-08-31 15:00:00,59006.50000000001,58848.465
2024-08-31 16:00:00,58971.6,58836.05
2024-08-31 17:00:00,59013.2,58816.754
2024-08-31 18:00:00,58920.5,58787.645
2024-08-31 19:00:00,58856.00000000001,58766.83
2024-08-31 20:00:00,58951.100000000006,58746.1
2024-08-31 21:00:00,59061.0,58724.41
2024-08-31 22:00:00,59024.0,58722.523
2024-08-31 23:00:00,58974.0,58742.066
2024-09-01 00:00:00,58930.0,58754.86
2024-09-01 01:00:00,58828.00000000001,58757.055
2024-09-01 02:00:00,58540.2,58738.74
2024-09-01 03:00:00,58524.2,58658.215
2024-09-01 04:00:00,58442.0,58579.438
2024-09-01 05:00:00,57986.0,58495.64
2024-09-01 06:00:00,58201.100000000006,58347.35
2024-09-01 07:00:00,58478.6,58243.14
2024-09-01 08:00:00,58234.0,58183.477
2024-09-01 09:00:00,58205.0,58162.5
2024-09-01 10:00:00,57931.00000000001,58144.12
2024-09-01 11:00:00,58240.5,58090.19
2024-09-01 12:00:00,58020.00000000001,58031.465
2024-09-01 13:00:00,58175.0,57991.754
2024-09-01 14:00:00,57880.0,57947.734
2024-09-01 15:00:00,58217.0,57856.156
2024-09-01 16:00:00,58132.1,57848.402
2024-09-01 17:00:00,58128.0,57885.44
2024-09-01 18:00:00,58541.1,57911.848
2024-09-01 19:00:00,58514.0,57967.22
2024-09-01 20:00:00,58431.1,58053.78
2024-09-01 21:00:00,58351.100000000006,58136.54
2024-09-01 22:00:00,57309.00000000001,58168.68
2024-09-01 23:00:00,57301.9,58059.414
2024-09-02 00:00:00,57467.2,57876.434
2024-09-02 01:00:00,57423.2,57681.2
2024-09-02 02:00:00,57509.0,57533.727
2024-09-02 03:00:00,57742.0,57444.656
2024-09-02 04:00:00,57459.5,57430.914
2024-09-02 05:00:00,57785.0,57442.0
2024-09-02 06:00:00,57688.00000000001,57468.55
2024-09-02 07:00:00,57548.0,57504.89
2024-09-02 08:00:00,58056.0,57508.32
2024-09-02 09:00:00,58402.4,57521.215
2024-09-02 10:00:00,58498.50000000001,57615.504
2024-09-02 11:00:00,58422.00000000001,57766.83
2024-09-02 12:00:00,58393.90000000001,57921.71
2024-09-02 13:00:00,58181.20000000001,58037.55
2024-09-02 14:00:00,58597.00000000001,58087.58
2024-09-02 15:00:00,58538.00000000001,58103.426
2024-09-02 16:00:00,58345.00000000001,58164.285
2024-09-02 17:00:00,58514.0,58209.008
2024-09-02 18:00:00,58486.0,58228.02
2024-09-02 19:00:00,58440.00000000001,58235.95
2024-09-02 20:00:00,58992.00000000001,58250.527
2024-09-02 21:00:00,59047.0,58298.77
2024-09-02 22:00:00,59350.00000000001,58399.496
2024-09-02 23:00:00,59132.100000000006,58549.254
2024-09-03 00:00:00,59258.00000000001,58685.703
2024-09-03 01:00:00,59388.0,58782.645
2024-09-03 02:00:00,59311.0,58858.547
2024-09-03 03:00:00,59111.00000000001,58917.75
2024-09-03 04:00:00,59099.00000000001,58960.754
2024-09-03 05:00:00,59186.00000000001,58954.902
2024-09-03 06:00:00,58891.00000000001,58933.367
2024-09-03 07:00:00,59112.0,58895.977
2024-09-03 08:00:00,58789.00000000001,58864.73
2024-09-03 09:00:00,58874.0,58816.254
2024-09-03 10:00:00,59078.90000000001,58771.547
2024-09-03 11:00:00,59072.00000000001,58751.92
2024-09-03 12:00:00,59135.00000000001,58758.777
2024-09-03 13:00:00,58399.0,58785.457
2024-09-03 14:00:00,57672.80000000001,58724.52
2024-09-03 15:00:00,57725.00000000001,58522.047
2024-09-03 16:00:00,57708.0,58312.65
2024-09-03 17:00:00,57698.0,58098.97
2024-09-03 18:00:00,57926.00000000001,57939.74
2024-09-03 19:00:00,58046.0,57835.97
2024-09-03 20:00:00,58228.00000000001,57804.133
2024-09-03 21:00:00,58134.6,57832.18
2024-09-03 22:00:00,57865.00000000001,57873.406
2024-09-03 23:00:00,57487.700000000004,57886.742
2024-09-04 00:00:00,57140.0,57819.49
2024-09-04 01:00:00,56784.0,57683.29
2024-09-04 02:00:00,56648.0,57345.63
2024-09-04 03:00:00,56654.00000000001,57143.863
2024-09-04 04:00:00,56694.00000000001,56978.348
2024-09-04 05:00:00,56252.00000000001,56858.54
2024-09-04 06:00:00,56277.0,56717.766
2024-09-04 07:00:00,56746.00000000001,56575.793
2024-09-04 08:00:00,56783.00000000001,56506.02
2024-09-04 09:00:00,56597.0,56521.844
2024-09-04 10:00:00,56456.40000000001,56550.246
2024-09-04 11:00:00,56573.00000000001,56550.71
2024-09-04 12:00:00,56600.0,56537.336
2024-09-04 13:00:00,56490.0,56518.473
2024-09-04 14:00:00,57511.100000000006,56482.94
2024-09-04 15:00:00,58134.00000000001,56491.484
2024-09-04 16:00:00,58406.1,56684.215
2024-09-04 17:00:00,57878.0,57040.56
2024-09-04 18:00:00,57684.0,57371.74
2024-09-04 19:00:00,58058.0,57562.766
2024-09-04 20:00:00,58048.00000000001,57651.344
2024-09-04 21:00:00,58100.0,57699.574
2024-09-04 22:00:00,58131.0,57744.34
2024-09-04 23:00:00,57970.90000000001,57796.715
2024-09-05 00:00:00,57997.80000000001,57833.34
2024-09-05 01:00:00,58022.00000000001,57849.17
2024-09-05 02:00:00,57693.0,57866.02
2024-09-05 03:00:00,57135.4,57836.973
2024-09-05 04:00:00,57206.40000000001,57688.22
2024-09-05 05:00:00,57195.0,57541.92
2024-09-05 06:00:00,56914.00000000001,57396.36
2024-09-05 07:00:00,57155.1,57235.87
2024-09-05 08:00:00,57004.0,57131.695
2024-09-05 09:00:00,56797.00000000001,57068.742
2024-09-05 10:00:00,56771.00000000001,56992.8
2024-09-05 11:00:00,56698.0,56916.625
2024-09-05 12:00:00,56662.00000000001,56840.246
2024-09-05 13:00:00,57028.6,56736.652
2024-09-05 14:00:00,56558.00000000001,56696.992
2024-09-05 15:00:00,55976.00000000001,56674.773
2024-09-05 16:00:00,56335.0,56570.78
2024-09-05 17:00:00,56603.00000000001,56482.17
2024-09-05 18:00:00,56549.00000000001,56423.19
2024-09-05 19:00:00,56060.0,56418.727
2024-09-05 20:00:00,56094.0,56364.25
2024-09-05 21:00:00,56150.600000000006,56302.113
2024-09-05 22:00:00,56104.600000000006,56213.105
2024-09-05 23:00:00,56180.00000000001,56143.867
2024-09-06 00:00:00,56182.00000000001,56106.227
2024-09-06 01:00:00,56559.00000000001,56090.426
2024-09-06 02:00:00,56738.00000000001,56115.316
2024-09-06 03:00:00,56588.0,56205.34
2024-09-06 04:00:00,56594.700000000004,56317.027
2024-09-06 05:00:00,56491.00000000001,56408.31
2024-09-06 06:00:00,56430.00000000001,56437.543
2024-09-06 07:00:00,55804.3,56431.37
2024-09-06 08:00:00,55783.00000000001,56274.23
2024-09-06 09:00:00,55889.9,56152.95
2024-09-06 10:00:00,56178.00000000001,56037.35
2024-09-06 11:00:00,55999.100000000006,55989.926
2024-09-06 12:00:00,56874.00000000001,55978.914
2024-09-06 13:00:00,55896.0,55973.64
2024-09-06 14:00:00,54733.2,56043.652
2024-09-06 15:00:00,54045.0,55874.566
2024-09-06 16:00:00,54074.00000000001,55560.35
2024-09-06 17:00:00,53935.0,55176.004
2024-09-06 18:00:00,53352.700000000004,54823.89
2024-09-06 19:00:00,53534.3,54485.46
2024-09-06 20:00:00,52888.0,54188.832
2024-09-06 21:00:00,53766.600000000006,53883.02
2024-09-06 22:00:00,53644.00000000001,53696.324
2024-09-06 23:00:00,53963.0,53657.75
2024-09-07 00:00:00,53914.0,53697.13
2024-09-07 01:00:00,53813.4,53769.938
2024-09-07 02:00:00,53802.0,53826.7
2024-09-07 03:00:00,53818.9,53855.496
2024-09-07 04:00:00,54060.6,53859.453
2024-09-07 05:00:00,54185.0,53873.633
2024-09-07 06:00:00,54320.200000000004,53917.637
2024-09-07 07:00:00,54286.00000000001,53994.42
2024-09-07 08:00:00,54371.00000000001,54074.266
2024-09-07 09:00:00,54251.100000000006,54163.562
2024-09-07 10:00:00,54346.0,54229.96
2024-09-07 11:00:00,54326.00000000001,54276.496
2024-09-07 12:00:00,54578.7,54308.598
2024-09-07 13:00:00,54547.0,54350.992
2024-09-07 14:00:00,54632.2,54400.348
2024-09-07 15:00:00,54780.00000000001,54459.516
2024-09-07 16:00:00,54466.00000000001,54525.86
2024-09-07 17:00:00,54134.00000000001,54570.434
2024-09-07 18:00:00,54291.1,54539.695
2024-09-07 19:00:00,54404.0,54471.848
2024-09-07 20:00:00,54166.0,54422.492
2024-09-07 21:00:00,53927.00000000001,54385.94
2024-09-07 22:00:00,53954.00000000001,54312.293
2024-09-07 23:00:00,54160.90000000001,54234.52
2024-09-08 00:00:00,54137.5,54169.18
2024-09-08 01:00:00,54275.00000000001,54140.29
2024-09-08 02:00:00,54337.4,54155.91
2024-09-08 03:00:00,54403.00000000001,54201.055
2024-09-08 04:00:00,54492.00000000001,54258.234
2024-09-08 05:00:00,54344.0,54321.14
2024-09-08 06:00:00,54292.0,54366.2
2024-09-08 07:00:00,54436.2,54378.867
2024-09-08 08:00:00,54480.00000000001,54383.34
2024-09-08 09:00:00,54456.0,54398.56
2024-09-08 10:00:00,54608.0,54422.055
2024-09-08 11:00:00,54556.1,54463.277
2024-09-08 12:00:00,54194.7,54504.906
2024-09-08 13:00:00,54399.00000000001,54491.273
2024-09-08 14:00:00,54149.5,54451.918
2024-09-08 15:00:00,53687.0,54398.348
2024-09-08 16:00:00,53907.2,54284.67
2024-09-08 17:00:00,54510.0,54172.375
2024-09-08 18:00:00,54412.0,54137.234
2024-09-08 19:00:00,54337.0,54186.92
2024-09-08 20:00:00,54379.0,54260.83
2024-09-08 21:00:00,54464.00000000001,54309.664
2024-09-08 22:00:00,54530.00000000001,54348.395
2024-09-08 23:00:00,54869.9,54382.445
2024-09-09 00:00:00,55045.0,54479.71
2024-09-09 01:00:00,55104.0,54594.42
2024-09-09 02:00:00,55113.0,54720.83
2024-09-09 03:00:00,55115.0,54846.13
2024-09-09 04:00:00,54849.600000000006,54921.71
2024-09-09 05:00:00,54668.00000000001,54954.816
2024-09-09 06:00:00,54898.0,54934.32
2024-09-09 07:00:00,54974.00000000001,54899.32
2024-09-09 08:00:00,55244.0,54878.09
2024-09-09 09:00:00,55152.0,54907.406
2024-09-09 10:00:00,55364.00000000001,54983.582
2024-09-09 11:00:00,55264.9,55072.258
2024-09-09 12:00:00,55341.1,55146.96
2024-09-09 13:00:00,55686.90000000001,55184.55
2024-09-09 14:00:00,54840.00000000001,55230.707
2024-09-09 15:00:00,55386.0,55235.914
2024-09-09 16:00:00,56430.1,55236.52
2024-09-09 17:00:00,56514.00000000001,55308.035
2024-09-09 18:00:00,56530.00000000001,55554.758
2024-09-09 19:00:00,57089.50000000001,55818.96
2024-09-09 20:00:00,57008.0,56086.785
2024-09-09 21:00:00,57454.3,56344.438
2024-09-09 22:00:00,57216.00000000001,56567.215
2024-09-09 23:00:00,57042.00000000001,56795.062
2024-09-10 00:00:00,56982.00000000001,56917.98
2024-09-10 01:00:00,56900.00000000001,56927.14
2024-09-10 02:00:00,56775.30000000001,56902.613
2024-09-10 03:00:00,56524.700000000004,56855.492
2024-09-10 04:00:00,56610.00000000001,56783.35
2024-09-10 05:00:00,56945.40000000001,56701.76
2024-09-10 06:00:00,56826.0,56670.035
2024-09-10 07:00:00,57218.6,56680.383
2024-09-10 08:00:00,57047.00000000001,56727.0
2024-09-10 09:00:00,57086.0,56798.867
2024-09-10 10:00:00,57170.0,56862.785
2024-09-10 11:00:00,57228.0,56915.875
2024-09-10 12:00:00,57203.2,56954.84
2024-09-10 13:00:00,56741.1,56996.375
2024-09-10 14:00:00,56941.100000000006,56964.36
2024-09-10 15:00:00,56596.00000000001,56909.742
2024-09-10 16:00:00,56819.600000000006,56856.336
2024-09-10 17:00:00,57176.00000000001,56810.008
2024-09-10 18:00:00,57582.00000000001,56805.996
2024-09-10 19:00:00,57952.00000000001,56889.324
2024-09-10 20:00:00,57567.9,57054.164
2024-09-10 21:00:00,57508.00000000001,57228.34
2024-09-10 22:00:00,57615.90000000001,57341.242
2024-09-10 23:00:00,57636.00000000001,57394.496
2024-09-11 00:00:00,57640.50000000001,57421.305
2024-09-11 01:00:00,56718.00000000001,57435.79
2024-09-11 02:00:00,56921.1,57346.33
2024-09-11 03:00:00,56819.600000000006,57223.797
2024-09-11 04:00:00,56530.50000000001,57087.79
2024-09-11 05:00:00,56244.0,56919.62
2024-09-11 06:00:00,56460.00000000001,56753.59
2024-09-11 07:00:00,56712.0,56612.48
2024-09-11 08:00:00,56398.0,56541.12
2024-09-11 09:00:00,56678.00000000001,56506.582
2024-09-11 10:00:00,56510.00000000001,56496.797
2024-09-11 11:00:00,56798.0,56474.293
2024-09-11 12:00:00,56748.00000000001,56493.18
2024-09-11 13:00:00,55740.00000000001,56493.36
2024-09-11 14:00:00,55974.00000000001,56430.656
2024-09-11 15:00:00,56701.2,56309.75
2024-09-11 16:00:00,57312.0,56248.66
2024-09-11 17:00:00,57694.0,56344.016
2024-09-11 18:00:00,57500.0,56569.973
2024-09-11 19:00:00,57585.5,56832.39
2024-09-11 20:00:00,57486.0,57062.234
2024-09-11 21:00:00,57352.0,57210.074
2024-09-11 22:00:00,57468.00000000001,57269.625
2024-09-11 23:00:00,57338.0,57274.555
2024-09-12 00:00:00,57626.0,57264.14
2024-09-12 01:00:00,58137.700000000004,57268.02
2024-09-12 02:00:00,57946.30000000001,57353.14
2024-09-12 03:00:00,58232.700000000004,57477.598
2024-09-12 04:00:00,58182.0,57632.99
2024-09-12 05:00:00,57968.00000000001,57765.953
2024-09-12 06:00:00,57948.0,57828.152
2024-09-12 07:00:00,58138.2,57842.05
2024-09-12 08:00:00,58171.100000000006,57847.824
2024-09-12 09:00:00,58022.00000000001,57864.406
2024-09-12 10:00:00,57930.4,57891.23
2024-09-12 11:00:00,58058.0,57888.668
2024-09-12 12:00:00,57691.600000000006,57875.445
2024-09-12 13:00:00,57628.0,57821.6
2024-09-12 14:00:00,57541.30000000001,57733.277
2024-09-12 15:00:00,57512.00000000001,57664.66
2024-09-12 16:00:00,58066.00000000001,57620.47
2024-09-12 17:00:00,58389.1,57624.34
2024-09-12 18:00:00,58182.0,57693.84
2024-09-12 19:00:00,58388.0,57779.004
2024-09-12 20:00:00,58200.00000000001,57853.707
2024-09-12 21:00:00,57921.100000000006,57925.254
2024-09-12 22:00:00,58143.3,57954.105
2024-09-12 23:00:00,58132.3,57965.125
2024-09-13 00:00:00,58031.100000000006,57959.33
2024-09-13 01:00:00,58130.00000000001,57946.105
2024-09-13 02:00:00,58050.80000000001,57928.387
2024-09-13 03:00:00,57846.00000000001,57921.22
2024-09-13 04:00:00,57844.00000000001,57889.93
2024-09-13 05:00:00,57946.0,57852.484
2024-09-13 06:00:00,57767.00000000001,57815.055
2024-09-13 07:00:00,58109.30000000001,57777.47
2024-09-13 08:00:00,57953.600000000006,57765.742
2024-09-13 09:00:00,58058.600000000006,57776.434
2024-09-13 10:00:00,58344.00000000001,57799.24
2024-09-13 11:00:00,57871.100000000006,57846.156
2024-09-13 12:00:00,57910.00000000001,57869.953
2024-09-13 13:00:00,58056.0,57840.83
2024-09-13 14:00:00,58456.90000000001,57812.54
2024-09-13 15:00:00,59667.4,57818.438
2024-09-13 16:00:00,59452.3,57950.836
2024-09-13 17:00:00,59584.0,58267.895
2024-09-13 18:00:00,59752.200000000004,58610.098
2024-09-13 19:00:00,59744.0,58889.086
2024-09-13 20:00:00,59838.50000000001,59085.625
2024-09-13 21:00:00,60283.9,59228.625
2024-09-13 22:00:00,60608.0,59335.07
2024-09-13 23:00:00,60498.0,59491.215
2024-09-14 00:00:00,60414.40000000001,59667.05
2024-09-14 01:00:00,60406.1,59823.61
2024-09-14 02:00:00,60288.0,59932.406
2024-09-14 03:00:00,60329.40000000001,59985.31
2024-09-14 04:00:00,60213.1,59999.504
2024-09-14 05:00:00,59926.0,59985.16
2024-09-14 06:00:00,60046.00000000001,59924.156
2024-09-14 07:00:00,60138.1,59865.8
2024-09-14 08:00:00,59974.00000000001,59823.79
2024-09-14 09:00:00,60070.200000000004,59792.84
2024-09-14 10:00:00,59851.100000000006,59763.625
2024-09-14 11:00:00,59706.4,59731.953
2024-09-14 12:00:00,59794.00000000001,59675.395
2024-09-14 13:00:00,59769.1,59616.773
2024-09-14 14:00:00,59914.0,59565.723
2024-09-14 15:00:00,59876.00000000001,59539.74
2024-09-14 16:00:00,59982.0,59544.984
2024-09-14 17:00:00,59885.3,59563.754
2024-09-14 18:00:00,59786.0,59582.88
2024-09-14 19:00:00,59810.00000000001,59548.395
2024-09-14 20:00:00,60024.0,59544.47
2024-09-14 21:00:00,60036.0,59550.938
2024-09-14 22:00:00,60007.00000000001,59584.23
2024-09-14 23:00:00,59993.00000000001,59621.24
