Date,Open,High,Low,Close,Adj Close,Volume
Jul 30 2015,27685.82,27854.46,27649.97,27705.35,27705.35,9400
Jul 29 2015,27540.46,27609.29,27470.09,27563.43,27563.43,8600
Jul 28 2015,27630.21,27676.65,27416.39,27459.23,27459.23,11800
Jul 27 2015,28117.65,28117.65,27529.57,27561.38,27561.38,9500
Jul 24 2015,28390.50,28402.64,28083.76,28112.31,28112.31,9300
Jul 23 2015,28540.97,28578.33,28315.37,28370.84,28370.84,8900
Jul 22 2015,28159.42,28546.42,28070.91,28504.93,28504.93,9500
Jul 21 2015,28381.82,28518.06,28138.30,28182.14,28182.14,11700
Jul 20 2015,28544.28,28549.13,28319.83,28420.12,28420.12,6600
Jul 17 2015,28480.92,28576.32,28417.46,28463.31,28463.31,7300
Jul 16 2015,28259.70,28478.43,28245.81,28446.12,28446.12,8500
Jul 15 2015,28022.14,28218.37,27986.48,28198.29,28198.29,6000
Jul 14 2015,27986.92,28018.59,27853.96,27932.90,27932.90,6900
Jul 13 2015,27739.32,28005.17,27635.06,27961.19,27961.19,7800
Jul 10 2015,27705.36,27729.46,27530.90,27661.40,27661.40,10800
Jul 9 2015,27681.49,27798.13,27540.60,27573.66,27573.66,8200
Jul 8 2015,28031.45,28031.45,27635.72,27687.72,27687.72,13700
Jul 7 2015,28220.11,28335.23,28084.36,28171.69,28171.69,8000
Jul 6 2015,27857.20,28235.31,27774.80,28208.76,28208.76,8300
Jul 3 2015,27973.12,28135.43,27897.45,28092.79,28092.79,6000
Jul 2 2015,28100.38,28115.96,27906.35,27945.80,27945.80,6800
Jul 1 2015,27823.65,28099.25,27799.91,28020.87,28020.87,18400
Jun 30 2015,27627.39,27814.53,27570.95,27780.83,27780.83,9500
Jun 29 2015,27451.07,27695.32,27209.19,27645.15,27645.15,10900
Jun 26 2015,27880.72,27921.86,27675.16,27811.84,27811.84,9600
Jun 25 2015,27660.22,27968.75,27635.76,27895.97,27895.97,10100
Jun 24 2015,27852.32,27948.24,27647.29,27729.67,27729.67,9400
Jun 23 2015,27760.11,27882.66,27666.59,27804.37,27804.37,8600
Jun 22 2015,27427.19,27782.31,27417.03,27730.21,27730.21,8100
Jun 19 2015,27207.76,27404.60,27202.38,27316.17,27316.17,8100
Jun 18 2015,26916.99,27175.39,26910.26,27115.83,27115.83,10500
Jun 17 2015,26815.41,26983.48,26728.89,26832.66,26832.66,23000
Jun 16 2015,26586.86,26731.35,26379.93,26686.51,26686.51,13100
Jun 15 2015,26498.67,26728.60,26307.84,26586.55,26586.55,11000
Jun 12 2015,26340.32,26489.58,26307.07,26425.30,26425.30,9600
Jun 11 2015,26959.98,27000.14,26348.93,26370.98,26370.98,11300
Jun 10 2015,26517.32,26934.74,26493.29,26840.50,26840.50,8400
Jun 9 2015,26510.29,26604.65,26438.32,26481.25,26481.25,11000
Jun 8 2015,26814.31,26827.06,26472.87,26523.09,26523.09,7900
Jun 5 2015,26819.82,27014.42,26718.44,26768.49,26768.49,11900
Jun 4 2015,26940.64,26948.84,26551.97,26813.42,26813.42,11600
Jun 3 2015,27230.68,27276.22,26698.26,26837.20,26837.20,14000
Jun 2 2015,27890.73,27902.53,27146.68,27188.38,27188.38,14500
Jun 1 2015,27770.79,27959.43,27737.58,27848.99,27848.99,9600
May 29 2015,27553.03,27888.32,27467.23,27828.44,27828.44,12500
May 28 2015,27619.31,27666.37,27354.35,27506.71,27506.71,9000
May 27 2015,27447.40,27595.80,27363.72,27564.66,27564.66,8600
May 26 2015,27633.66,27675.94,27473.54,27531.41,27531.41,7100
May 25 2015,27893.25,27903.29,27614.32,27643.88,27643.88,8300
May 22 2015,27849.54,28071.16,27828.61,27957.50,27957.50,17800
May 21 2015,27885.36,27911.44,27712.73,27809.35,27809.35,8400
May 20 2015,27749.30,27903.01,27743.99,27837.21,27837.21,16400
May 19 2015,27663.08,27872.23,27574.07,27645.53,27645.53,10600
May 18 2015,27416.97,27725.97,27370.28,27687.30,27687.30,7800
May 15 2015,27233.90,27379.57,27159.76,27324.00,27324.00,9300
May 14 2015,27290.17,27293.99,26948.62,27206.06,27206.06,8900
May 13 2015,27023.71,27299.80,26750.01,27251.10,27251.10,13600
May 12 2015,27502.91,27502.91,26837.39,26877.48,26877.48,12400
May 11 2015,27249.42,27544.24,27231.28,27507.30,27507.30,11300
May 8 2015,26814.38,27196.28,26814.38,27105.39,27105.39,8800
May 7 2015,26721.34,26850.37,26423.99,26599.11,26599.11,12500
May 6 2015,27473.36,27501.15,26677.64,26717.37,26717.37,14200
May 5 2015,27561.32,27603.71,27338.23,27440.14,27440.14,11300
May 4 2015,27204.63,27537.85,27159.45,27490.59,27490.59,8300
Apr 30 2015,27242.05,27242.05,26897.54,27011.31,27011.31,10900
Apr 29 2015,27395.71,27438.96,27176.54,27225.93,27225.93,9500
Apr 28 2015,27215.61,27482.14,27073.25,27396.38,27396.38,10300
Apr 27 2015,27565.49,27567.28,27141.55,27176.99,27176.99,12100
Apr 24 2015,27804.58,27829.11,27344.70,27437.94,27437.94,12000
Apr 23 2015,27977.27,28087.78,27621.18,27735.02,27735.02,11400
Apr 22 2015,27756.68,27947.26,27385.48,27890.13,27890.13,11700
Apr 21 2015,27860.51,27976.93,27598.21,27676.04,27676.04,20700
Apr 20 2015,28525.65,28539.46,27802.37,27886.21,27886.21,19000
Apr 17 2015,28682.97,28696.19,28403.76,28442.10,28442.10,13900
Apr 16 2015,28876.23,28876.23,28497.70,28666.04,28666.04,8400
Apr 15 2015,29087.25,29094.61,28721.63,28799.69,28799.69,10500
Apr 13 2015,28955.13,29072.51,28843.94,29044.44,29044.44,8500
Apr 10 2015,28889.27,28907.81,28756.75,28879.38,28879.38,8000
Apr 9 2015,28858.42,28906.71,28622.44,28885.21,28885.21,13100
Apr 8 2015,28601.49,28763.06,28566.61,28707.75,28707.75,9800
Apr 7 2015,28582.33,28641.08,28274.36,28516.59,28516.59,11900
Apr 6 2015,28351.94,28530.81,28221.99,28504.46,28504.46,8300
Apr 1 2015,27954.86,28298.34,27889.02,28260.14,28260.14,8100
Mar 31 2015,28069.85,28180.64,27868.21,27957.49,27957.49,11100
Mar 30 2015,27655.79,28017.97,27624.76,27975.86,27975.86,11100
Mar 27 2015,27649.78,27694.41,27248.45,27458.64,27458.64,11400
Mar 26 2015,27937.62,27997.14,27384.87,27457.58,27457.58,12700
Mar 25 2015,28216.09,28249.60,28031.42,28111.83,28111.83,17400
Mar 24 2015,28209.33,28455.32,28130.09,28161.72,28161.72,9700
Mar 23 2015,28317.29,28385.14,28163.90,28192.02,28192.02,10000
Mar 20 2015,28465.44,28484.36,28209.66,28261.08,28261.08,13900
Mar 19 2015,28805.22,28978.74,28411.70,28469.67,28469.67,11400
Mar 18 2015,28766.87,28806.97,28546.76,28622.12,28622.12,9700
Mar 17 2015,28595.00,28784.35,28435.45,28736.38,28736.38,11000
Mar 16 2015,28546.31,28581.82,28384.09,28437.71,28437.71,11100
Mar 13 2015,29134.93,29183.76,28448.48,28503.30,28503.30,11500
Mar 12 2015,28798.61,28971.01,28772.71,28930.41,28930.41,11100
Mar 11 2015,28725.75,28843.23,28608.18,28659.17,28659.17,12500
Mar 10 2015,28924.06,28949.11,28584.49,28709.87,28709.87,11200
Mar 9 2015,29316.54,29321.06,28799.76,28844.78,28844.78,11800
Mar 5 2015,29436.77,29518.32,29162.47,29448.95,29448.95,13400
Mar 4 2015,29937.27,30024.74,29289.05,29380.73,29380.73,17000
Mar 3 2015,29500.19,29636.86,29364.87,29593.73,29593.73,12200
Mar 2 2015,29533.42,29576.32,29259.77,29459.14,29459.14,15300
Feb 27 2015,28865.12,29254.02,28837.06,29220.12,29220.12,16500
Feb 26 2015,29051.90,29069.13,28693.82,28746.65,28746.65,10700
Feb 25 2015,29115.32,29269.83,28967.61,29007.99,29007.99,8000
Feb 24 2015,29016.55,29130.67,28875.94,29004.66,29004.66,10200
Feb 23 2015,29316.58,29362.96,28913.16,28975.11,28975.11,8800
Feb 20 2015,29446.21,29462.09,29178.26,29231.41,29231.41,11500
Feb 19 2015,29434.91,29522.86,29108.15,29462.27,29462.27,11900
Feb 18 2015,29136.07,29411.32,29126.91,29320.26,29320.26,11000
Feb 16 2015,29170.77,29325.35,29083.40,29135.88,29135.88,10500
Feb 13 2015,28888.99,29154.67,28835.70,29094.93,29094.93,17600
Feb 12 2015,28650.25,28838.52,28406.25,28805.10,28805.10,13800
Feb 11 2015,28450.26,28618.91,28424.39,28533.97,28533.97,13800
Feb 10 2015,28122.48,28633.72,28044.49,28355.62,28355.62,14600
Feb 9 2015,28566.50,28566.50,28183.32,28227.39,28227.39,11700
Feb 6 2015,28892.21,28922.85,28647.14,28717.91,28717.91,11400
Feb 5 2015,28912.38,29277.83,28753.29,28850.97,28850.97,12800
Feb 4 2015,29129.85,29133.62,28824.68,28883.11,28883.11,15800
Feb 3 2015,29217.40,29253.06,28900.41,29000.14,29000.14,16600
Feb 2 2015,29143.63,29268.13,28958.52,29122.27,29122.27,18000
Jan 30 2015,29801.60,29844.16,29070.48,29182.95,29182.95,15800
Jan 29 2015,29516.49,29740.63,29378.30,29681.77,29681.77,12700
Jan 28 2015,29565.72,29786.32,29417.67,29559.18,29559.18,11200
Jan 27 2015,29451.65,29618.59,29286.09,29571.04,29571.04,11300
Jan 23 2015,29189.45,29408.73,29165.56,29278.84,29278.84,11900
Jan 22 2015,28957.79,29060.41,28892.23,29006.02,29006.02,11100
Jan 21 2015,28843.09,28958.10,28792.57,28888.86,28888.86,15400
Jan 20 2015,28324.85,28829.29,28324.85,28784.67,28784.67,11100
Jan 19 2015,28249.84,28334.06,28197.36,28262.01,28262.01,10900
Jan 16 2015,28056.61,28176.10,27945.31,28121.89,28121.89,12100
Jan 15 2015,27831.16,28194.61,27703.70,28075.55,28075.55,16700
Jan 14 2015,27432.14,27512.80,27203.25,27346.82,27346.82,10200
Jan 13 2015,27611.56,27670.19,27324.58,27425.73,27425.73,7800
Jan 12 2015,27523.86,27620.66,27323.74,27585.27,27585.27,7500
Jan 9 2015,27404.19,27507.67,27119.63,27458.38,27458.38,11100
Jan 8 2015,27178.77,27316.41,27101.94,27274.71,27274.71,8200
Jan 7 2015,26983.43,27051.60,26776.12,26908.82,26908.82,12200
Jan 6 2015,27694.23,27698.93,26937.06,26987.46,26987.46,14100
Jan 5 2015,27978.43,28064.49,27786.85,27842.32,27842.32,9200
Jan 2 2015,27521.28,27937.47,27519.26,27887.90,27887.90,7400
Dec 31 2014,27358.30,27527.24,27346.00,27499.42,27499.42,6500
Dec 30 2014,27478.30,27478.30,27312.29,27403.54,27403.54,6100
Dec 24 2014,27530.26,27571.25,27146.52,27208.61,27208.61,10600
Dec 23 2014,27733.12,27851.10,27475.13,27506.46,27506.46,8600
Dec 22 2014,27479.87,27725.27,27382.32,27701.79,27701.79,7400
Dec 19 2014,27292.55,27497.12,27292.14,27371.84,27371.84,11800
Dec 18 2014,27053.86,27180.92,26900.57,27126.57,27126.57,11200
Dec 17 2014,26724.01,26871.91,26469.42,26710.13,26710.13,16600
Dec 16 2014,27181.18,27199.37,26736.23,26781.44,26781.44,14300
Dec 15 2014,27136.28,27392.18,27105.04,27319.56,27319.56,9100
Dec 12 2014,27598.96,27692.32,27320.05,27350.68,27350.68,10900
Dec 11 2014,27796.34,27796.34,27539.47,27602.01,27602.01,9800
Dec 10 2014,27711.96,27905.25,27710.03,27831.10,27831.10,9900
Dec 9 2014,28134.22,28157.53,27763.82,27797.01,27797.01,9600
Dec 8 2014,28433.00,28494.85,28097.12,28119.40,28119.40,9500
Dec 5 2014,28604.50,28651.75,28409.05,28458.10,28458.10,7700
Dec 4 2014,28616.93,28808.78,28448.95,28562.82,28562.82,10400
Dec 3 2014,28472.32,28504.65,28370.73,28442.71,28442.71,10100
Dec 2 2014,28522.46,28576.39,28386.46,28444.01,28444.01,11200
Dec 1 2014,28748.22,28809.64,28538.44,28559.62,28559.62,8300
Nov 28 2014,28490.71,28822.37,28483.99,28693.99,28693.99,14600
Nov 27 2014,28397.80,28498.30,28307.58,28438.91,28438.91,11900
Nov 26 2014,28321.58,28470.15,28261.31,28386.19,28386.19,8700
Nov 25 2014,28520.76,28541.22,28217.50,28338.05,28338.05,10800
Nov 24 2014,28413.01,28541.96,28394.48,28499.54,28499.54,9700
Nov 21 2014,28100.10,28360.66,28038.40,28334.63,28334.63,10100
Nov 20 2014,28100.84,28118.53,27915.23,28067.56,28067.56,8700
Nov 19 2014,28193.90,28294.01,27963.51,28032.85,28032.85,6800
Nov 18 2014,28209.03,28282.85,28119.95,28163.29,28163.29,7300
Nov 17 2014,28018.68,28205.71,27921.34,28177.88,28177.88,6700
Nov 14 2014,27949.54,28093.23,27912.90,28046.66,28046.66,9900
Nov 13 2014,28048.56,28098.74,27822.70,27940.64,27940.64,8700
Nov 12 2014,27958.64,28126.48,27958.64,28008.90,28008.90,7000
Nov 11 2014,27911.25,27996.92,27790.40,27910.06,27910.06,7000
Nov 10 2014,27919.45,28027.96,27764.75,27874.73,27874.73,7900
Nov 7 2014,27902.71,27980.93,27739.56,27868.63,27868.63,10500
Nov 5 2014,27907.19,28010.39,27857.65,27915.88,27915.88,8700
Nov 3 2014,27943.04,27969.82,27785.40,27860.38,27860.38,9500
Oct 31 2014,27439.06,27894.32,27438.28,27865.83,27865.83,11600
Oct 30 2014,27098.94,27390.60,27088.65,27346.33,27346.33,7000
Oct 29 2014,27017.44,27126.30,26971.16,27098.17,27098.17,8100
Oct 28 2014,26788.73,26907.14,26764.15,26880.82,26880.82,6800
Oct 27 2014,26959.57,26994.96,26726.84,26752.90,26752.90,6500
Oct 22 2014,26782.57,26818.33,26712.21,26787.23,26787.23,6000
Oct 21 2014,26552.45,26615.41,26407.00,26575.65,26575.65,8400
Oct 20 2014,26434.16,26517.90,26368.94,26429.85,26429.85,9300
Oct 17 2014,25950.00,26248.54,25910.77,26108.53,26108.53,9400
Oct 16 2014,26260.35,26462.08,25933.98,25999.34,25999.34,10700
Oct 14 2014,26537.42,26550.79,26212.01,26349.33,26349.33,11900
Oct 13 2014,26275.07,26443.16,26092.69,26384.07,26384.07,6400
Oct 10 2014,26551.74,26555.92,26261.61,26297.38,26297.38,9200
Oct 9 2014,26394.37,26688.70,26394.21,26637.28,26637.28,7500
Oct 8 2014,26229.67,26338.31,26150.09,26246.79,26246.79,8600
Oct 7 2014,26487.51,26570.38,26250.24,26271.97,26271.97,10200
Oct 1 2014,26681.47,26683.70,26548.22,26567.99,26567.99,7900
Sep 30 2014,26610.71,26851.33,26481.31,26630.51,26630.51,8200
Sep 29 2014,26694.41,26715.77,26518.01,26597.11,26597.11,6500
Sep 26 2014,26429.30,26721.03,26220.49,26626.32,26626.32,10000
Sep 25 2014,26808.66,26814.20,26349.55,26468.36,26468.36,11000
Sep 24 2014,26817.94,26844.70,26560.00,26744.69,26744.69,12300
Sep 23 2014,27244.98,27256.87,26744.07,26775.69,26775.69,7900
Sep 22 2014,27008.12,27254.80,26918.93,27206.74,27206.74,7100
Sep 19 2014,27139.39,27247.17,27047.68,27090.42,27090.42,7300
Sep 18 2014,26573.89,27132.20,26503.08,27112.21,27112.21,7000
Sep 17 2014,26627.21,26682.64,26511.71,26631.29,26631.29,7600
Sep 16 2014,26854.90,26861.29,26464.03,26492.51,26492.51,9400
Sep 15 2014,26998.07,26998.07,26790.91,26816.56,26816.56,6000
Sep 12 2014,27048.15,27096.87,26965.91,27061.04,27061.04,8000
Sep 11 2014,27143.22,27150.78,26904.50,26995.87,26995.87,7600
Sep 10 2014,27230.94,27251.44,27018.11,27057.41,27057.41,5900
Sep 9 2014,27316.43,27328.27,27177.09,27265.32,27265.32,7600
Sep 8 2014,27145.12,27354.99,27144.56,27319.85,27319.85,7300
Sep 5 2014,27127.26,27178.80,26920.56,27026.70,27026.70,7100
Sep 4 2014,27164.95,27169.12,26972.39,27085.93,27085.93,7400
Sep 3 2014,27128.06,27225.85,27067.02,27139.94,27139.94,9700
Sep 2 2014,26888.21,27082.85,26886.22,27019.39,27019.39,8000
Sep 1 2014,26733.18,26900.30,26732.39,26867.55,26867.55,9200
Aug 28 2014,26620.18,26674.38,26573.69,26638.11,26638.11,6700
Aug 27 2014,26553.24,26599.12,26492.50,26560.15,26560.15,6600
Aug 26 2014,26349.87,26481.97,26314.89,26442.81,26442.81,9500
Aug 25 2014,26490.31,26630.74,26401.64,26437.02,26437.02,10000
Aug 22 2014,26419.53,26508.27,26383.16,26419.55,26419.55,6700
Aug 21 2014,26322.66,26464.80,26262.52,26360.11,26360.11,6500
Aug 20 2014,26496.29,26504.52,26277.61,26314.29,26314.29,8900
Aug 19 2014,26482.56,26530.67,26387.84,26420.67,26420.67,10400
Aug 18 2014,26123.69,26413.11,26075.28,26390.96,26390.96,8200
Aug 14 2014,25948.30,26135.00,25945.35,26103.23,26103.23,10100
Aug 13 2014,25861.47,25972.62,25791.79,25918.95,25918.95,8800
Aug 12 2014,25703.78,25904.98,25645.79,25880.77,25880.77,8100
Aug 11 2014,25476.87,25553.44,25437.05,25519.24,25519.24,6000
Aug 8 2014,25406.87,25406.87,25232.82,25329.14,25329.14,7500
Aug 7 2014,25668.71,25778.05,25526.05,25589.01,25589.01,7100
Aug 6 2014,25892.55,25901.68,25621.85,25665.27,25665.27,6800
Aug 5 2014,25817.84,25928.32,25562.36,25908.01,25908.01,8800
Aug 4 2014,25631.68,25754.42,25531.38,25723.16,25723.16,7400
Aug 1 2014,25753.92,25862.68,25459.13,25480.84,25480.84,12700
Jul 31 2014,26105.89,26118.88,25853.69,25894.97,25894.97,9200
Jul 30 2014,26005.14,26113.48,25850.04,26087.42,26087.42,9200
Jul 28 2014,26173.47,26181.83,25900.25,25991.23,25991.23,7400
Jul 25 2014,26257.14,26300.17,26007.31,26126.75,26126.75,11100
Jul 24 2014,26188.50,26292.66,26077.70,26271.85,26271.85,7800
Jul 23 2014,26130.26,26188.64,26000.40,26147.33,26147.33,8200
Jul 22 2014,25784.48,26050.38,25780.39,26025.80,26025.80,8500
Jul 21 2014,25776.54,25861.15,25677.71,25715.17,25715.17,7600
Jul 18 2014,25558.48,25713.40,25441.24,25641.56,25641.56,8300
Jul 17 2014,25540.92,25613.03,25494.46,25561.16,25561.16,21900
Jul 16 2014,25322.17,25602.78,25246.75,25549.72,25549.72,9600
Jul 15 2014,25100.90,25254.48,25020.32,25228.65,25228.65,8100
Jul 14 2014,25093.16,25095.76,24892.00,25006.98,25006.98,11400
Jul 11 2014,25488.86,25548.33,24978.33,25024.35,25024.35,18600
Jul 10 2014,25513.74,25920.46,25239.89,25372.75,25372.75,16900
Jul 9 2014,25615.28,25683.97,25364.77,25444.81,25444.81,10500
Jul 8 2014,26166.92,26190.44,25495.04,25582.11,25582.11,12700
Jul 7 2014,26039.67,26123.55,25992.73,26100.08,26100.08,8900
Jul 4 2014,25844.80,25981.51,25659.33,25962.06,25962.06,9500
Jul 3 2014,25875.75,25999.08,25793.70,25823.75,25823.75,3700
Jul 2 2014,25660.57,25864.53,25660.16,25841.21,25841.21,12300
Jul 1 2014,25469.94,25571.90,25466.77,25516.35,25516.35,10600
Jun 30 2014,25179.55,25460.96,25179.55,25413.78,25413.78,9500
Jun 27 2014,25132.08,25209.61,25032.94,25099.92,25099.92,10100
Jun 26 2014,25217.69,25309.33,25021.23,25062.67,25062.67,10300
Jun 25 2014,25421.49,25427.80,25274.39,25313.74,25313.74,7700
Jun 24 2014,25115.83,25414.69,25115.83,25368.90,25368.90,9700
Jun 23 2014,25108.09,25197.50,24878.66,25031.32,25031.32,10200
Jun 20 2014,25237.54,25276.31,25056.18,25105.51,25105.51,8800
Jun 19 2014,25327.09,25425.85,25069.66,25201.80,25201.80,15200
Jun 18 2014,25565.19,25609.28,25114.30,25246.25,25246.25,13200
Jun 17 2014,25189.46,25545.88,25104.50,25521.19,25521.19,11300
Jun 16 2014,25239.50,25268.41,25063.93,25190.48,25190.48,12000
Jun 13 2014,25677.05,25688.31,25171.61,25228.17,25228.17,14700
Jun 12 2014,25597.21,25611.32,25409.69,25576.21,25576.21,10200
Jun 11 2014,25650.62,25735.87,25365.65,25473.89,25473.89,14000
Jun 10 2014,25706.35,25711.11,25347.33,25583.69,25583.69,13600
Jun 9 2014,25543.60,25644.77,25496.84,25580.21,25580.21,15300
Jun 6 2014,25204.95,25419.14,25129.76,25396.46,25396.46,18100
Jun 5 2014,24828.38,25044.06,24644.88,25019.51,25019.51,17500
Jun 4 2014,24909.03,24925.90,24773.93,24805.83,24805.83,14800
Jun 3 2014,24729.22,24892.06,24626.97,24858.59,24858.59,21100
Jun 2 2014,24368.96,24709.09,24270.20,24684.85,24684.85,14400
May 30 2014,24300.99,24353.59,24163.62,24217.34,24217.34,14900
May 29 2014,24523.13,24528.20,24206.50,24234.15,24234.15,16000
May 28 2014,24591.61,24643.33,24488.81,24556.09,24556.09,15100
May 27 2014,24748.10,24777.31,24422.33,24549.51,24549.51,12600
May 26 2014,24913.89,25175.22,24433.90,24716.88,24716.88,21900
May 23 2014,24535.14,24745.86,24470.78,24693.35,24693.35,21200
May 22 2014,24415.42,24524.76,24326.48,24374.40,24374.40,14500
May 21 2014,24404.48,24419.54,24156.47,24298.02,24298.02,18000
May 20 2014,24555.31,24587.16,24299.53,24376.88,24376.88,19000
May 19 2014,24340.32,24448.47,24107.99,24363.05,24363.05,23500
May 16 2014,24271.54,25375.63,23873.16,24121.74,24121.74,35700
May 15 2014,23809.42,23971.78,23742.75,23905.60,23905.60,14900
May 14 2014,23897.88,23964.67,23753.36,23815.12,23815.12,11500
May 13 2014,23729.78,24068.94,23729.25,23871.23,23871.23,18200
May 12 2014,23031.11,23572.88,23008.65,23551.00,23551.00,12400
May 9 2014,22374.98,23048.49,22317.18,22994.23,22994.23,11300
May 8 2014,22382.14,22443.13,22277.04,22344.04,22344.04,6000
May 7 2014,22488.96,22532.82,22286.26,22323.90,22323.90,10800
May 6 2014,22512.23,22602.71,22475.65,22508.42,22508.42,6200
May 5 2014,22412.80,22592.03,22354.45,22445.12,22445.12,11700
May 2 2014,22493.59,22575.62,22386.95,22403.89,22403.89,6300
Apr 30 2014,22517.63,22680.46,22284.96,22417.80,22417.80,9700
Apr 29 2014,22654.28,22681.89,22443.56,22466.19,22466.19,7700
Apr 28 2014,22717.59,22721.36,22597.19,22631.61,22631.61,6900
Apr 25 2014,22892.50,22939.31,22656.64,22688.07,22688.07,7500
Apr 23 2014,22783.65,22912.52,22780.13,22876.54,22876.54,7200
Apr 22 2014,22771.24,22853.03,22727.63,22758.37,22758.37,9000
Apr 21 2014,22644.75,22795.58,22636.75,22764.83,22764.83,9100
Apr 17 2014,22327.76,22648.69,22312.19,22628.84,22628.84,8500
Apr 16 2014,22486.73,22533.61,22247.39,22277.23,22277.23,6700
Apr 15 2014,22698.09,22737.31,22416.24,22484.93,22484.93,8600
Apr 11 2014,22642.05,22679.18,22526.89,22628.96,22628.96,9500
Apr 10 2014,22729.46,22792.49,22644.43,22715.33,22715.33,10900
Apr 9 2014,22389.21,22740.04,22379.95,22702.34,22702.34,8500
Apr 7 2014,22355.56,22481.62,22197.51,22343.45,22343.45,4700
Apr 4 2014,22522.46,22525.21,22339.40,22359.50,22359.50,7100
Apr 3 2014,22598.19,22620.65,22369.28,22509.07,22509.07,7400
Apr 2 2014,22550.58,22592.10,22473.46,22551.49,22551.49,15700
Apr 1 2014,22455.23,22485.77,22295.65,22446.44,22446.44,11000
Mar 31 2014,22423.14,22467.21,22253.78,22386.27,22386.27,11200
Mar 28 2014,22273.44,22363.97,22185.11,22339.97,22339.97,9200
Mar 27 2014,22116.23,22307.74,22094.29,22214.37,22214.37,10400
Mar 26 2014,22134.71,22172.20,22020.58,22095.30,22095.30,10600
Mar 25 2014,21948.31,22079.96,21916.87,22055.21,22055.21,7800
Mar 24 2014,21827.50,22074.34,21827.50,22055.48,22055.48,9000
Mar 21 2014,21823.52,21870.11,21729.90,21753.75,21753.75,60600
Mar 20 2014,21797.61,21853.25,21704.66,21740.09,21740.09,7600
Mar 19 2014,21872.68,21895.83,21782.01,21832.86,21832.86,11000
Mar 18 2014,21849.65,22040.72,21785.38,21832.61,21832.61,8600
Mar 14 2014,21648.05,21853.32,21573.48,21809.80,21809.80,8800
Mar 13 2014,21736.61,21991.36,21720.13,21774.61,21774.61,9500
Mar 12 2014,21793.32,21965.95,21768.14,21856.22,21856.22,10400
Mar 11 2014,21918.83,22018.52,21772.11,21826.42,21826.42,12000
Mar 10 2014,21819.19,22023.98,21805.22,21934.83,21934.83,15500
Mar 7 2014,21539.44,21960.89,21539.44,21919.79,21919.79,15200
Mar 6 2014,21336.32,21525.14,21329.88,21513.87,21513.87,9700
Mar 5 2014,21280.36,21333.20,21176.16,21276.86,21276.86,7500
Mar 4 2014,20947.00,21224.64,20940.39,21209.73,21209.73,9700
Mar 3 2014,21079.27,21140.00,20920.98,20946.65,20946.65,121600
Feb 28 2014,20995.39,21140.51,20989.66,21120.12,21120.12,11400
Feb 26 2014,20869.61,21005.04,20860.02,20986.99,20986.99,8500
Feb 25 2014,20877.72,20912.54,20777.73,20852.47,20852.47,9500
Feb 24 2014,20695.48,20828.63,20637.30,20811.44,20811.44,12500
Feb 21 2014,20600.58,20725.04,20599.91,20700.75,20700.75,6300
Feb 20 2014,20661.07,20662.66,20522.04,20536.64,20536.64,6000
Feb 19 2014,20643.85,20750.52,20629.56,20722.97,20722.97,4700
Feb 18 2014,20457.56,20685.02,20436.48,20634.21,20634.21,9400
Feb 17 2014,20438.87,20492.43,20338.95,20464.06,20464.06,6100
Feb 14 2014,20265.13,20391.95,20149.01,20366.82,20366.82,8300
Feb 13 2014,20478.67,20503.86,20164.67,20193.35,20193.35,7900
Feb 12 2014,20449.83,20516.60,20427.23,20448.49,20448.49,10100
Feb 11 2014,20400.94,20443.35,20349.51,20363.37,20363.37,9400
Feb 10 2014,20429.16,20434.50,20312.21,20334.27,20334.27,7900
Feb 7 2014,20441.04,20450.51,20282.30,20376.56,20376.56,11100
Feb 6 2014,20286.09,20358.19,20079.82,20310.74,20310.74,12400
Feb 5 2014,20241.12,20289.33,20076.10,20261.03,20261.03,9300
Feb 4 2014,20050.99,20255.52,19963.12,20211.93,20211.93,9800
Feb 3 2014,20479.03,20480.35,20182.20,20209.26,20209.26,5700
Jan 31 2014,20544.64,20572.32,20448.43,20513.85,20513.85,6100
Jan 30 2014,20491.74,20528.41,20343.78,20498.25,20498.25,12600
Jan 29 2014,20784.04,20828.68,20613.62,20647.30,20647.30,7800
Jan 28 2014,20721.17,20795.35,20554.28,20683.51,20683.51,8200
Jan 27 2014,20899.03,20899.03,20688.03,20707.45,20707.45,10100
Jan 24 2014,21289.15,21333.66,21123.99,21133.56,21133.56,10800
Jan 23 2014,21319.69,21409.66,21264.71,21373.66,21373.66,6500
Jan 22 2014,21251.65,21377.91,21168.43,21337.67,21337.67,13400
Jan 21 2014,21237.96,21302.52,21189.20,21251.12,21251.12,9400
Jan 20 2014,21083.53,21221.37,21001.13,21205.05,21205.05,6000
Jan 17 2014,21236.65,21270.11,21015.61,21063.62,21063.62,12000
Jan 16 2014,21366.91,21379.29,21199.65,21265.18,21265.18,13400
Jan 15 2014,21091.46,21302.73,21091.46,21289.49,21289.49,9400
Jan 14 2014,21115.00,21154.76,21009.05,21032.88,21032.88,5600
Jan 13 2014,20850.54,21169.08,20850.54,21134.21,21134.21,7900
Jan 10 2014,20760.72,20971.23,20625.17,20758.49,20758.49,10400
Jan 9 2014,20755.73,20778.13,20652.69,20713.37,20713.37,9000
Jan 8 2014,20767.42,20786.41,20688.18,20729.38,20729.38,8000
Jan 7 2014,20845.77,20890.48,20637.18,20693.24,20693.24,8100
Jan 6 2014,20913.79,20913.79,20721.98,20787.30,20787.30,7600
Jan 3 2014,20819.58,20885.18,20731.33,20851.33,20851.33,9300
Jan 2 2014,21179.91,21331.32,20846.67,20888.33,20888.33,9300
Jan 1 2014,21222.19,21244.35,21133.82,21140.48,21140.48,4000
Dec 31 2013,21177.77,21230.88,21122.68,21170.68,21170.68,5000
Dec 30 2013,21260.15,21304.70,21089.21,21143.01,21143.01,6100
Dec 27 2013,21114.49,21235.14,21113.25,21193.58,21193.58,5500
Dec 26 2013,21051.00,21135.85,21013.14,21074.59,21074.59,7300
Dec 24 2013,21127.66,21156.92,21010.65,21032.71,21032.71,5800
Dec 23 2013,21080.54,21207.89,21059.12,21101.03,21101.03,6700
Dec 20 2013,20792.37,21117.99,20745.94,21079.72,21079.72,9100
Dec 19 2013,20959.80,21017.45,20646.03,20708.62,20708.62,10300
Dec 18 2013,20568.70,20917.57,20568.70,20859.86,20859.86,8400
Dec 17 2013,20732.44,20784.03,20594.99,20612.14,20612.14,8300
Dec 16 2013,20714.26,20764.52,20637.77,20659.52,20659.52,10300
Dec 13 2013,20867.17,20867.17,20692.67,20715.58,20715.58,9500
Dec 12 2013,21101.05,21103.80,20901.47,20925.61,20925.61,9100
Dec 11 2013,21191.27,21215.94,21069.45,21171.41,21171.41,10600
Dec 10 2013,21293.58,21327.75,21175.08,21255.26,21255.26,17300
Dec 9 2013,21416.67,21483.74,21282.64,21326.42,21326.42,13400
Dec 6 2013,20955.74,21049.84,20922.45,20996.53,20996.53,10100
Dec 5 2013,20992.25,21165.60,20929.20,20957.81,20957.81,11900
Dec 4 2013,20839.45,20863.37,20673.62,20708.71,20708.71,12200
Dec 3 2013,20857.85,20927.05,20817.75,20854.92,20854.92,12000
Dec 2 2013,20771.27,20941.00,20770.51,20898.01,20898.01,9600
Nov 29 2013,20558.93,20819.77,20558.93,20791.93,20791.93,11200
Nov 28 2013,20522.36,20606.38,20461.51,20534.91,20534.91,9000
Nov 27 2013,20449.00,20482.67,20348.06,20420.26,20420.26,7000
Nov 26 2013,20604.27,20604.27,20390.62,20425.02,20425.02,10500
Nov 25 2013,20326.66,20626.15,20326.66,20605.08,20605.08,8200
Nov 22 2013,20316.58,20388.12,20137.67,20217.39,20217.39,10600
Nov 21 2013,20579.26,20579.26,20189.23,20229.05,20229.05,8100
Nov 20 2013,20857.01,20895.30,20579.94,20635.13,20635.13,8900
Nov 19 2013,20870.16,20934.40,20828.69,20890.82,20890.82,11400
Nov 18 2013,20570.59,20868.76,20570.59,20850.74,20850.74,10900
Nov 14 2013,20351.39,20568.99,20348.27,20399.42,20399.42,12600
Nov 13 2013,20248.52,20365.59,20161.64,20194.40,20194.40,9000
Nov 12 2013,20510.31,20584.22,20262.22,20281.91,20281.91,10200
Nov 11 2013,20596.40,20672.53,20453.15,20490.96,20490.96,10300
Nov 8 2013,20785.20,20821.01,20600.90,20666.15,20666.15,10700
Nov 7 2013,20896.13,21142.85,20797.06,20822.77,20822.77,11900
Nov 6 2013,21004.54,21045.38,20861.42,20894.94,20894.94,10900
Nov 5 2013,21134.10,21158.56,20951.71,20974.79,20974.79,11900
Nov 1 2013,21158.81,21293.88,21141.32,21196.81,21196.81,10000
Oct 31 2013,21000.60,21205.44,20991.98,21164.52,21164.52,11900
Oct 30 2013,20944.14,21086.59,20937.12,21033.97,21033.97,10400
Oct 29 2013,20593.49,20952.55,20493.66,20929.01,20929.01,11300
Oct 28 2013,20696.51,20771.36,20550.64,20570.28,20570.28,8100
Oct 25 2013,20725.52,20782.16,20622.55,20683.52,20683.52,9600
Oct 24 2013,20766.05,21039.42,20656.70,20725.43,20725.43,8200
Oct 23 2013,20875.31,20922.32,20589.72,20767.88,20767.88,11200
Oct 22 2013,20863.15,20948.91,20810.25,20864.97,20864.97,10700
Oct 21 2013,20915.76,20970.92,20768.99,20893.89,20893.89,12200
Oct 18 2013,20486.78,20932.23,20486.78,20882.89,20882.89,15700
Oct 17 2013,20579.56,20629.80,20375.42,20415.51,20415.51,10300
Oct 15 2013,20722.90,20759.58,20446.73,20547.62,20547.62,13600
Oct 14 2013,20534.61,20645.94,20497.88,20607.54,20607.54,8900
Oct 11 2013,20535.90,20559.69,20368.06,20528.59,20528.59,11700
Oct 10 2013,20228.76,20323.77,20135.91,20272.91,20272.91,10400
Oct 9 2013,19918.20,20277.74,19826.96,20249.26,20249.26,10200
Oct 8 2013,20094.21,20150.27,19936.72,19983.61,19983.61,10900
Oct 7 2013,19880.94,19921.38,19647.88,19895.10,19895.10,12300
Oct 4 2013,19870.00,20052.00,19833.17,19915.95,19915.95,12900
Oct 3 2013,19585.79,19929.24,19583.97,19902.07,19902.07,15700
Oct 1 2013,19452.05,19532.91,19264.72,19517.15,19517.15,9200
Sep 30 2013,19643.89,19651.31,19320.73,19379.77,19379.77,10000
Sep 27 2013,19951.73,19981.57,19674.38,19727.27,19727.27,11800
Sep 26 2013,19853.66,19997.28,19826.99,19893.85,19893.85,14900
Sep 25 2013,19947.43,19978.49,19658.74,19856.24,19856.24,13900
Sep 24 2013,19820.03,20050.42,19782.78,19920.21,19920.21,10700
Sep 23 2013,20060.82,20199.81,19826.30,19900.96,19900.96,11100
Sep 20 2013,20616.35,20677.99,20051.43,20263.71,20263.71,13500
Sep 19 2013,20354.73,20739.69,20347.30,20646.64,20646.64,18300
Sep 18 2013,19865.99,20013.33,19775.29,19962.16,19962.16,9300
Sep 17 2013,19721.90,19819.10,19635.44,19804.03,19804.03,9900
Sep 16 2013,19977.38,20086.43,19596.15,19742.47,19742.47,11200
Sep 13 2013,19744.54,19899.37,19675.68,19732.76,19732.76,10600
Sep 12 2013,20046.05,20052.05,19676.49,19781.88,19781.88,11900
Sep 11 2013,19999.77,20055.53,19777.63,19997.45,19997.45,15700
Sep 10 2013,19448.39,20012.69,19444.66,19997.10,19997.10,17800
Sep 6 2013,19072.02,19293.96,18929.38,19270.06,19270.06,15600
Sep 5 2013,18857.60,19117.52,18847.02,18979.76,18979.76,13800
Sep 4 2013,18314.68,18612.60,18188.43,18567.55,18567.55,14400
Sep 3 2013,19002.77,19007.31,18166.17,18234.66,18234.66,19400
Sep 2 2013,18691.83,18942.06,18678.93,18886.13,18886.13,10800
Aug 30 2013,18424.72,18679.26,18272.76,18619.72,18619.72,18600
Aug 29 2013,18073.66,18455.66,18071.22,18401.04,18401.04,18600
Aug 28 2013,17851.44,18101.84,17448.71,17996.15,17996.15,21400
Aug 27 2013,18460.72,18460.72,17921.82,17968.08,17968.08,17800
Aug 26 2013,18602.56,18728.19,18488.93,18558.13,18558.13,17200
Aug 23 2013,18386.53,18546.60,18210.75,18519.44,18519.44,19200
Aug 22 2013,17896.84,18349.82,17759.59,18312.94,18312.94,19800
Aug 21 2013,18545.44,18567.70,17807.19,17905.91,17905.91,17400
Aug 20 2013,18142.83,18306.46,17970.98,18246.04,18246.04,18200
Aug 19 2013,18587.38,18587.38,18139.15,18307.52,18307.52,14300
Aug 16 2013,19297.11,19310.95,18559.65,18598.18,18598.18,14300
Aug 14 2013,19299.42,19392.56,19203.63,19367.59,19367.59,14700
Aug 13 2013,18895.26,19248.11,18864.81,19229.84,19229.84,11900
Aug 12 2013,18898.94,19066.97,18796.01,18946.98,18946.98,11700
Aug 8 2013,18687.30,18829.26,18621.67,18789.34,18789.34,11900
Aug 7 2013,18758.53,18811.46,18551.35,18664.88,18664.88,12800
Aug 6 2013,19127.10,19131.92,18667.30,18733.04,18733.04,13800
Aug 5 2013,19178.06,19306.51,19141.68,19182.26,19182.26,12000
Aug 2 2013,19399.55,19451.70,19078.72,19164.02,19164.02,8600
Aug 1 2013,19443.29,19569.20,19170.46,19317.19,19317.19,10600
Jul 31 2013,19304.07,19387.50,19126.82,19345.70,19345.70,13900
Jul 30 2013,19577.75,19672.72,19328.54,19348.34,19348.34,9500
Jul 29 2013,19714.42,19751.03,19570.87,19593.28,19593.28,9900
Jul 26 2013,19892.47,19907.45,19699.76,19748.19,19748.19,11000
Jul 25 2013,20062.00,20110.81,19763.90,19804.76,19804.76,12800
Jul 24 2013,20200.20,20252.70,19994.25,20090.68,20090.68,8000
Jul 23 2013,20249.98,20351.06,20249.98,20302.13,20302.13,7800
Jul 22 2013,20096.71,20264.90,20065.69,20159.12,20159.12,9400
Jul 19 2013,20213.45,20256.60,20111.13,20149.85,20149.85,11600
Jul 18 2013,19999.51,20176.90,19956.20,20128.41,20128.41,9800
Jul 17 2013,19928.95,19983.22,19778.54,19948.73,19948.73,10400
Jul 16 2013,19788.09,19890.63,19649.58,19851.23,19851.23,8000
Jul 15 2013,19926.10,20072.44,19883.19,20034.48,20034.48,7000
Jul 12 2013,19898.69,19991.94,19785.59,19958.47,19958.47,7600
Jul 11 2013,19468.46,19723.51,19468.46,19676.06,19676.06,8400
Jul 10 2013,19482.66,19505.93,19237.91,19294.12,19294.12,7800
Jul 9 2013,19399.37,19486.00,19380.25,19439.48,19439.48,6600
Jul 8 2013,19418.98,19422.69,19185.92,19324.77,19324.77,8400
Jul 5 2013,19568.79,19640.27,19477.74,19495.82,19495.82,10000
Jul 4 2013,19256.12,19445.02,19245.01,19410.84,19410.84,9600
Jul 3 2013,19347.11,19347.11,19147.31,19177.76,19177.76,9600
Jul 2 2013,19573.93,19589.14,19442.75,19463.82,19463.82,9200
Jul 1 2013,19352.48,19598.43,19347.57,19577.39,19577.39,8600
Jun 28 2013,19093.18,19432.94,19093.18,19395.81,19395.81,14000
Jun 27 2013,18716.11,18925.75,18688.28,18875.95,18875.95,10000
Jun 26 2013,18662.37,18690.50,18514.35,18552.12,18552.12,9200
Jun 25 2013,18602.25,18802.31,18487.30,18629.15,18629.15,10800
Jun 24 2013,18714.06,18714.06,18467.16,18540.89,18540.89,11200
Jun 21 2013,18695.80,18820.81,18615.14,18774.24,18774.24,14600
Jun 20 2013,19069.20,19069.20,18687.19,18719.29,18719.29,14200
Jun 19 2013,19224.09,19274.26,19100.13,19245.70,19245.70,10400
Jun 18 2013,19329.17,19383.61,19191.37,19223.28,19223.28,8600
Jun 17 2013,19249.90,19344.28,19084.68,19325.87,19325.87,7000
Jun 14 2013,18959.83,19213.10,18952.09,19177.93,19177.93,10400
Jun 13 2013,18897.49,18914.13,18765.53,18827.16,18827.16,13200
Jun 12 2013,19103.96,19143.24,18969.08,19041.13,19041.13,10800
Jun 11 2013,19382.22,19418.74,19121.18,19143.00,19143.00,14200
Jun 10 2013,19530.35,19585.75,19366.82,19441.07,19441.07,6400
Jun 7 2013,19522.31,19711.55,19397.51,19429.23,19429.23,7000
Jun 6 2013,19503.68,19635.37,19395.32,19519.49,19519.49,6600
Jun 5 2013,19532.42,19604.43,19441.35,19568.22,19568.22,5600
Jun 4 2013,19605.68,19742.70,19522.47,19545.78,19545.78,6000
Jun 3 2013,19859.22,19860.19,19541.97,19610.48,19610.48,7400
May 31 2013,20186.67,20191.29,19730.55,19760.30,19760.30,9400
May 30 2013,20066.94,20254.03,20066.14,20215.40,20215.40,9600
May 29 2013,20202.51,20216.49,20044.74,20147.64,20147.64,8000
May 28 2013,20056.28,20209.82,19963.23,20160.82,20160.82,8600
May 27 2013,19750.67,20083.47,19678.31,20030.77,20030.77,8200
May 24 2013,19765.32,19833.14,19568.49,19704.33,19704.33,11000
May 23 2013,19971.37,20027.56,19634.79,19674.33,19674.33,15600
May 22 2013,20150.69,20220.35,20000.86,20062.24,20062.24,7600
May 21 2013,20227.17,20308.04,20072.68,20111.61,20111.61,15600
May 20 2013,20277.76,20443.62,20186.66,20223.98,20223.98,6800
May 17 2013,20267.60,20328.19,20155.01,20286.12,20286.12,8000
May 16 2013,20167.93,20326.48,20162.12,20247.33,20247.33,9600
May 15 2013,19798.18,20241.96,19798.18,20212.96,20212.96,9200
May 14 2013,19715.80,19831.79,19652.69,19722.29,19722.29,7200
May 13 2013,20073.41,20109.08,19667.39,19691.67,19691.67,6600
May 10 2013,19911.08,20119.14,19908.80,20082.62,20082.62,8000
May 9 2013,20015.86,20058.48,19903.83,19939.04,19939.04,5800
May 8 2013,19950.22,20037.27,19851.22,19990.18,19990.18,6200
May 7 2013,19697.33,19917.88,19697.33,19888.95,19888.95,8200
May 6 2013,19571.66,19694.29,19554.31,19673.64,19673.64,7800
May 3 2013,19707.95,19744.85,19542.63,19575.64,19575.64,11600
May 2 2013,19459.33,19792.00,19451.26,19735.77,19735.77,9400
Apr 30 2013,19492.83,19622.68,19317.38,19504.18,19504.18,13400
Apr 29 2013,19306.67,19428.94,19284.40,19387.50,19387.50,9200
Apr 26 2013,19376.00,19384.95,19249.75,19286.72,19286.72,9600
Apr 25 2013,19192.11,19434.85,19192.11,19406.85,19406.85,10200
Apr 23 2013,19210.26,19210.26,19042.08,19179.36,19179.36,8400
Apr 22 2013,18989.78,19204.90,18989.78,19169.83,19169.83,8600
Apr 18 2013,18695.34,19058.80,18691.61,19016.46,19016.46,10000
Apr 17 2013,18773.45,18869.88,18673.44,18731.16,18731.16,11000
Apr 16 2013,18356.32,18771.33,18325.73,18744.93,18744.93,9400
Apr 15 2013,18196.09,18424.40,18144.22,18357.80,18357.80,9200
Apr 12 2013,18275.66,18337.91,18186.10,18242.56,18242.56,9400
Apr 11 2013,18577.52,18599.14,18397.94,18542.20,18542.20,8400
Apr 10 2013,18355.14,18461.44,18173.31,18414.45,18414.45,8000
Apr 9 2013,18481.47,18565.56,18206.61,18226.48,18226.48,10600
Apr 8 2013,18455.80,18504.48,18402.93,18437.78,18437.78,7600
Apr 5 2013,18493.67,18525.45,18389.29,18450.23,18450.23,8000
Apr 4 2013,18731.38,18733.62,18473.85,18509.70,18509.70,8400
Apr 3 2013,19034.00,19035.20,18721.72,18801.64,18801.64,7800
Apr 2 2013,18863.82,19060.51,18826.53,19040.95,19040.95,8200
Apr 1 2013,18890.81,18959.48,18796.60,18864.75,18864.75,8400
Mar 28 2013,18702.46,18882.54,18568.43,18835.77,18835.77,14600
Mar 26 2013,18645.09,18758.88,18612.37,18704.53,18704.53,12000
Mar 25 2013,18894.13,18950.22,18654.61,18681.42,18681.42,12200
Mar 22 2013,18784.93,18859.82,18669.20,18735.60,18735.60,13600
Mar 21 2013,18926.21,19082.29,18756.65,18792.87,18792.87,12400
Mar 20 2013,19026.46,19028.09,18836.77,18884.19,18884.19,11000
Mar 19 2013,19345.91,19378.61,18939.47,19008.10,19008.10,12600
Mar 18 2013,19282.63,19345.42,19232.23,19293.20,19293.20,7400
Mar 15 2013,19570.01,19673.16,19383.13,19427.56,19427.56,10200
Mar 14 2013,19367.26,19604.70,19179.33,19570.44,19570.44,11200
Mar 13 2013,19511.97,19511.97,19338.52,19362.55,19362.55,8200
Mar 12 2013,19675.81,19697.84,19505.75,19564.92,19564.92,7600
Mar 11 2013,19679.88,19754.66,19602.71,19646.21,19646.21,7400
Mar 8 2013,19478.67,19706.03,19477.61,19683.23,19683.23,10000
Mar 7 2013,19222.05,19465.52,19212.92,19413.54,19413.54,8800
Mar 6 2013,19254.20,19293.39,19195.47,19252.61,19252.61,9400
Mar 5 2013,18943.62,19164.04,18943.62,19143.17,19143.17,9400
Mar 4 2013,18920.90,18930.86,18760.41,18877.96,18877.96,7600
Mar 1 2013,18876.68,18988.97,18820.90,18918.52,18918.52,8400
Feb 28 2013,19264.80,19322.28,18793.97,18861.54,18861.54,14800
Feb 27 2013,19090.32,19213.02,18997.82,19152.41,19152.41,8400
Feb 26 2013,19290.66,19293.49,18976.94,19015.14,19015.14,9200
Feb 25 2013,19365.33,19411.18,19237.98,19331.69,19331.69,7800
Feb 22 2013,19341.90,19401.75,19289.83,19317.01,19317.01,7600
Feb 21 2013,19549.05,19554.65,19289.70,19325.36,19325.36,12400
Feb 20 2013,19717.94,19742.42,19619.89,19642.75,19642.75,6800
Feb 19 2013,19523.70,19671.17,19457.21,19635.72,19635.72,5800
Feb 18 2013,19496.25,19554.48,19462.92,19501.08,19501.08,6000
Feb 15 2013,19449.83,19512.89,19381.82,19468.15,19468.15,7600
Feb 14 2013,19626.81,19639.83,19444.33,19497.18,19497.18,10000
Feb 13 2013,19601.69,19723.01,19574.15,19608.08,19608.08,8000
Feb 12 2013,19489.87,19583.53,19438.53,19561.04,19561.04,6800
Feb 11 2013,19517.59,19543.44,19416.94,19460.57,19460.57,7200
Feb 8 2013,19577.19,19648.07,19414.80,19484.77,19484.77,14200
Feb 7 2013,19589.44,19702.56,19540.08,19580.32,19580.32,9000
Feb 6 2013,19737.77,19767.25,19611.27,19639.72,19639.72,7200
Feb 5 2013,19665.54,19717.26,19631.97,19659.82,19659.82,7800
Feb 4 2013,19860.97,19902.60,19728.21,19751.19,19751.19,6800
Feb 1 2013,19907.21,19966.69,19736.45,19781.19,19781.19,16400
Jan 31 2013,19987.28,20008.83,19865.72,19894.98,19894.98,8400
Jan 30 2013,20014.80,20073.46,19964.64,20005.00,20005.00,9200
Jan 29 2013,20080.31,20203.66,19970.05,19990.90,19990.90,9000
Jan 28 2013,20129.00,20172.45,20062.79,20103.35,20103.35,6800
Jan 25 2013,19945.69,20129.01,19928.11,20103.53,20103.53,12000
Jan 24 2013,20017.20,20072.28,19884.20,19923.78,19923.78,12000
Jan 23 2013,19997.04,20058.07,19920.91,20026.61,20026.61,10200
Jan 22 2013,20102.43,20156.86,19952.91,19981.57,19981.57,8600
Jan 21 2013,20132.83,20163.38,20056.46,20101.82,20101.82,11400
Jan 18 2013,20038.67,20126.55,19990.62,20039.04,20039.04,14600
Jan 17 2013,19846.42,20005.98,19783.41,19964.03,19964.03,11800
Jan 16 2013,19978.19,20009.36,19783.02,19817.63,19817.63,8600
Jan 15 2013,19999.82,20036.82,19881.78,19986.82,19986.82,9600
Jan 14 2013,19689.09,19948.63,19689.09,19906.41,19906.41,8800
Jan 11 2013,19813.64,19839.80,19619.83,19663.64,19663.64,10000
Jan 10 2013,19728.02,19783.75,19596.38,19663.55,19663.55,9200
Jan 9 2013,19770.21,19824.06,19627.16,19666.59,19666.59,9600
Jan 8 2013,19681.38,19761.78,19632.59,19742.52,19742.52,7400
Jan 7 2013,19820.56,19856.43,19654.46,19691.42,19691.42,7400
Jan 4 2013,19782.59,19797.44,19679.99,19784.08,19784.08,7000
Jan 3 2013,19771.03,19786.30,19693.29,19764.78,19764.78,6600
Jan 2 2013,19693.30,19756.68,19686.50,19714.24,19714.24,7400
Dec 31 2012,19422.59,19491.58,19406.17,19426.71,19426.71,4800
Dec 28 2012,19364.08,19465.74,19346.07,19444.84,19444.84,6600
Dec 27 2012,19479.84,19504.40,19302.21,19323.80,19323.80,7600
Dec 26 2012,19302.47,19468.40,19274.07,19417.46,19417.46,5800
Dec 24 2012,19278.00,19347.64,19237.26,19255.09,19255.09,7400
Dec 21 2012,19394.55,19394.55,19221.12,19242.00,19242.00,9200
Dec 20 2012,19511.41,19520.51,19335.72,19453.92,19453.92,10400
Dec 19 2012,19429.91,19516.02,19419.76,19476.00,19476.00,9800
Dec 18 2012,19293.01,19396.28,19149.03,19364.75,19364.75,14000
Dec 17 2012,19290.92,19346.78,19221.87,19244.42,19244.42,12800
Dec 14 2012,19217.96,19348.85,19193.11,19317.25,19317.25,11400
Dec 13 2012,19403.66,19421.72,19196.75,19229.26,19229.26,9400
Dec 12 2012,19432.54,19478.79,19317.23,19355.26,19355.26,7600
Dec 11 2012,19466.29,19612.18,19285.29,19387.14,19387.14,7600
Dec 10 2012,19442.19,19478.01,19362.32,19409.69,19409.69,6800
Dec 7 2012,19514.88,19561.87,19363.13,19424.10,19424.10,9000
Dec 6 2012,19475.09,19523.25,19186.24,19486.80,19486.80,10000
Dec 5 2012,19397.98,19463.25,19371.01,19391.86,19391.86,9600
Dec 4 2012,19277.58,19373.94,19263.71,19348.12,19348.12,8200
Dec 3 2012,19342.83,19416.45,19257.30,19305.32,19305.32,7200
Nov 30 2012,19229.70,19372.70,19186.30,19339.90,19339.90,11200
Nov 29 2012,18873.63,19205.33,18873.63,19170.91,19170.91,11400
Nov 27 2012,18616.55,18862.70,18616.55,18842.08,18842.08,7600
Nov 26 2012,18574.36,18590.33,18508.79,18537.01,18537.01,5800
Nov 23 2012,18543.95,18556.50,18402.38,18506.57,18506.57,6000
Nov 22 2012,18510.94,18567.68,18456.20,18517.34,18517.34,6200
Nov 21 2012,18379.90,18478.50,18309.81,18460.38,18460.38,6800
Nov 20 2012,18422.69,18467.91,18255.69,18329.32,18329.32,6600
Nov 19 2012,18349.53,18386.78,18256.07,18339.00,18339.00,7200
Nov 16 2012,18491.49,18563.32,18266.76,18309.37,18309.37,7000
Nov 15 2012,18590.07,18593.54,18408.69,18471.37,18471.37,6200
Nov 12 2012,18691.02,18750.92,18607.66,18670.34,18670.34,19400
Nov 9 2012,18832.75,18894.42,18656.41,18683.68,18683.68,9600
Nov 8 2012,18779.74,18865.21,18736.45,18846.26,18846.26,9800
Nov 7 2012,18802.82,18973.43,18786.14,18902.41,18902.41,8800
Nov 6 2012,18739.97,18829.07,18726.94,18817.38,18817.38,7600
Nov 5 2012,18749.37,18794.63,18683.25,18762.87,18762.87,5600
Nov 2 2012,18692.15,18793.75,18687.93,18755.45,18755.45,9200
Nov 1 2012,18487.90,18589.13,18445.18,18561.70,18561.70,9000
Oct 31 2012,18436.79,18521.62,18398.48,18505.38,18505.38,7000
Oct 30 2012,18642.01,18718.28,18393.42,18430.85,18430.85,9000
Oct 29 2012,18656.00,18743.41,18572.02,18635.82,18635.82,7600
Oct 25 2012,18712.41,18789.92,18699.07,18758.63,18758.63,8600
Oct 23 2012,18803.62,18812.93,18689.38,18710.02,18710.02,6000
Oct 22 2012,18655.93,18809.28,18600.88,18793.44,18793.44,7000
Oct 19 2012,18768.00,18769.59,18611.76,18682.31,18682.31,8000
Oct 18 2012,18653.60,18806.56,18576.41,18791.93,18791.93,8200
Oct 17 2012,18667.72,18705.19,18535.37,18610.77,18610.77,7000
Oct 16 2012,18784.75,18801.10,18549.28,18577.70,18577.70,7600
Oct 15 2012,18690.99,18726.38,18596.65,18713.55,18713.55,6000
Oct 12 2012,18727.10,18844.35,18638.34,18675.18,18675.18,9000
Oct 11 2012,18627.37,18847.81,18581.49,18804.75,18804.75,9400
Oct 10 2012,18699.19,18740.63,18614.37,18631.10,18631.10,7200
Oct 9 2012,18796.25,18885.84,18722.05,18793.36,18793.36,8200
Oct 8 2012,18969.19,18969.19,18684.40,18708.98,18708.98,9400
Oct 5 2012,19115.89,19137.29,18757.34,18938.46,18938.46,39400
Oct 4 2012,18939.75,19107.04,18939.75,19058.15,19058.15,11600
Oct 3 2012,18841.49,18905.62,18816.57,18869.69,18869.69,8400
Oct 1 2012,18784.64,18838.54,18745.28,18823.91,18823.91,8200
Sep 28 2012,18704.98,18869.94,18698.51,18762.74,18762.74,11400
Sep 27 2012,18659.75,18735.95,18552.68,18579.50,18579.50,10400
Sep 26 2012,18644.54,18670.48,18573.18,18632.17,18632.17,10400
Sep 25 2012,18708.01,18790.01,18636.16,18694.41,18694.41,10600
Sep 24 2012,18756.31,18811.13,18650.43,18673.34,18673.34,15000
Sep 21 2012,18411.20,18866.87,18411.20,18752.83,18752.83,15000
Sep 20 2012,18292.22,18443.92,18291.93,18349.25,18349.25,8800
Sep 18 2012,18514.72,18580.48,18469.51,18496.01,18496.01,9600
Sep 17 2012,18619.90,18715.03,18480.54,18542.31,18542.31,20200
Sep 14 2012,18284.75,18498.54,18284.75,18464.27,18464.27,16800
Sep 13 2012,18023.95,18062.68,17976.28,18021.16,18021.16,8000
Sep 12 2012,17916.13,18012.89,17884.96,18000.03,18000.03,11400
Sep 11 2012,17711.80,17867.85,17677.38,17852.95,17852.95,8200
Sep 10 2012,17780.93,17810.90,17728.12,17766.78,17766.78,8200
Sep 7 2012,17575.79,17701.20,17575.79,17683.73,17683.73,9600
Sep 6 2012,17320.73,17418.40,17294.74,17346.27,17346.27,10000
Sep 5 2012,17359.96,17411.67,17250.80,17313.34,17313.34,11400
Sep 4 2012,17378.68,17452.70,17308.27,17440.87,17440.87,6600
Sep 3 2012,17465.60,17509.99,17349.57,17384.40,17384.40,12600
Aug 31 2012,17557.62,17557.62,17337.61,17380.75,17380.75,10600
Aug 30 2012,17433.50,17605.51,17367.55,17541.64,17541.64,10000
Aug 29 2012,17651.14,17653.90,17471.13,17490.81,17490.81,9600
Aug 28 2012,17676.13,17712.35,17570.71,17631.71,17631.71,9600
Aug 27 2012,17769.44,17820.07,17662.21,17678.81,17678.81,7400
Aug 24 2012,17790.25,17822.50,17725.42,17783.21,17783.21,8200
Aug 23 2012,17856.29,17972.54,17792.87,17850.22,17850.22,9200
Aug 22 2012,17827.25,17912.08,17800.29,17846.86,17846.86,8800
Aug 21 2012,17705.14,17898.35,17705.14,17885.26,17885.26,9200
Aug 17 2012,17701.20,17801.39,17622.62,17691.08,17691.08,9800
Aug 16 2012,17752.22,17763.59,17640.62,17657.21,17657.21,8800
Aug 14 2012,17631.64,17753.43,17572.34,17728.20,17728.20,10000
Aug 13 2012,17551.69,17642.38,17522.10,17633.45,17633.45,9000
Aug 10 2012,17515.42,17590.61,17471.37,17557.74,17557.74,13600
Aug 9 2012,17612.08,17702.98,17516.99,17560.87,17560.87,14600
Aug 8 2012,17638.53,17726.64,17582.66,17600.56,17600.56,14400
Aug 7 2012,17456.37,17641.55,17417.92,17601.78,17601.78,12000
Aug 6 2012,17313.05,17451.53,17313.05,17412.96,17412.96,6600
Aug 3 2012,17164.48,17208.36,17026.97,17197.93,17197.93,7600
Aug 2 2012,17245.68,17246.01,17157.28,17224.36,17224.36,15200
Aug 1 2012,17244.44,17291.99,17189.16,17257.38,17257.38,9200
Jul 31 2012,17186.61,17253.67,17004.09,17236.18,17236.18,10400
Jul 30 2012,16919.14,17163.95,16919.14,17143.68,17143.68,8000
Jul 27 2012,16860.16,16975.03,16760.72,16839.19,16839.19,11400
Jul 26 2012,16887.84,16899.77,16598.48,16639.82,16639.82,12800
Jul 25 2012,16899.01,16899.01,16736.60,16846.05,16846.05,10800
Jul 24 2012,16907.74,16962.74,16839.70,16918.08,16918.08,12400
Jul 23 2012,17047.73,17047.73,16849.28,16877.35,16877.35,8000
Jul 20 2012,17275.20,17275.20,17129.69,17158.44,17158.44,6400
Jul 19 2012,17288.34,17318.93,17244.76,17278.85,17278.85,8000
Jul 18 2012,17113.37,17205.26,17038.59,17185.01,17185.01,17600
Jul 17 2012,17176.93,17236.08,17074.63,17105.30,17105.30,9200
Jul 16 2012,17241.98,17282.30,17079.63,17103.31,17103.31,7600
Jul 13 2012,17269.20,17342.88,17182.29,17213.70,17213.70,7600
Jul 12 2012,17297.06,17329.46,17181.17,17232.55,17232.55,11800
Jul 11 2012,17553.97,17582.99,17466.99,17489.14,17489.14,7800
Jul 10 2012,17431.68,17631.19,17424.29,17618.35,17618.35,8800
Jul 9 2012,17449.93,17485.79,17343.55,17391.98,17391.98,7200
Jul 6 2012,17546.04,17554.55,17425.47,17521.12,17521.12,8000
Jul 5 2012,17478.16,17562.89,17423.45,17538.67,17538.67,8200
Jul 4 2012,17473.26,17523.77,17372.45,17462.81,17462.81,10200
Jul 3 2012,17457.95,17526.82,17351.50,17425.71,17425.71,9400
Jul 2 2012,17438.68,17486.57,17363.04,17398.98,17398.98,8600
Jun 29 2012,17134.61,17448.48,17134.61,17429.98,17429.98,13000
Jun 28 2012,16985.58,17033.85,16918.87,16990.76,16990.76,8800
Jun 27 2012,16975.76,17029.27,16930.80,16967.76,16967.76,6800
Jun 26 2012,16873.09,16946.66,16815.87,16906.58,16906.58,7400
Jun 25 2012,17038.77,17131.15,16853.05,16882.16,16882.16,10600
Jun 22 2012,16882.74,17016.06,16807.80,16972.51,16972.51,11800
Jun 21 2012,16855.60,17050.44,16799.63,17032.56,17032.56,10800
Jun 20 2012,16903.96,16962.49,16840.10,16896.63,16896.63,9200
Jun 19 2012,16681.89,16890.00,16681.89,16859.80,16859.80,9800
Jun 18 2012,17039.54,17109.95,16636.09,16705.83,16705.83,11400
Jun 15 2012,16701.28,16967.76,16701.28,16949.83,16949.83,10400
Jun 14 2012,16857.23,16921.49,16658.98,16677.88,16677.88,9200
Jun 13 2012,16865.72,16944.11,16792.87,16880.51,16880.51,9800
Jun 12 2012,16570.51,16897.42,16553.47,16862.80,16862.80,9800
Jun 11 2012,16804.89,16893.81,16627.48,16668.01,16668.01,8800
Jun 8 2012,16611.52,16767.77,16485.02,16718.87,16718.87,11800
Jun 7 2012,16578.01,16680.59,16519.89,16649.05,16649.05,11400
Jun 6 2012,16100.36,16494.50,16100.36,16454.30,16454.30,13600
Jun 5 2012,16065.37,16138.29,15979.77,16020.64,16020.64,10800
Jun 4 2012,15808.88,16012.84,15748.98,15988.40,15988.40,12200
Jun 1 2012,16217.48,16226.19,15933.48,15965.16,15965.16,12200
May 31 2012,16224.86,16312.15,16086.06,16218.53,16218.53,16000
May 30 2012,16391.90,16438.58,16295.31,16312.15,16312.15,13800
May 29 2012,16500.04,16544.38,16410.21,16438.58,16438.58,8600
May 28 2012,16289.82,16439.97,16217.82,16416.84,16416.84,8000
May 25 2012,16213.24,16273.48,16118.35,16217.82,16217.82,9400
May 24 2012,16033.90,16252.37,15934.77,16222.30,16222.30,11000
May 23 2012,15995.14,16026.41,15847.03,15948.10,15948.10,11400
May 22 2012,16344.34,16366.72,16000.84,16026.41,16026.41,11600
May 21 2012,16187.66,16298.39,16149.61,16183.26,16183.26,10400
May 18 2012,15868.07,16206.35,15809.71,16152.75,16152.75,14000
May 17 2012,16119.08,16240.18,16007.92,16070.48,16070.48,12800
May 16 2012,16132.68,16328.25,15974.60,16030.09,16030.09,12800
May 15 2012,16146.90,16370.12,16123.04,16328.25,16328.25,11400
May 14 2012,16318.36,16390.33,16124.82,16215.84,16215.84,11000
May 11 2012,16355.59,16447.24,16233.76,16292.98,16292.98,11200
May 10 2012,16515.62,16671.81,16377.02,16420.05,16420.05,10800
May 9 2012,16436.41,16615.74,16422.93,16479.58,16479.58,12400
May 8 2012,16915.71,16918.31,16502.91,16546.18,16546.18,12800
May 7 2012,16620.44,16944.13,16513.77,16912.71,16912.71,11400
May 4 2012,17066.84,17151.19,16776.72,16831.08,16831.08,11000
May 3 2012,17271.77,17301.91,17120.86,17151.19,17151.19,8600
May 2 2012,17370.93,17432.33,17265.48,17301.91,17301.91,9400
Apr 30 2012,17195.51,17359.18,17187.34,17318.81,17318.81,8400
Apr 27 2012,17145.39,17242.15,17022.09,17134.25,17134.25,11000
Apr 26 2012,17191.02,17193.25,17084.05,17130.67,17130.67,10800
Apr 25 2012,17225.54,17249.61,17019.24,17151.29,17151.29,11400
Apr 24 2012,17154.75,17247.53,17046.72,17207.29,17207.29,12400
Apr 23 2012,17347.76,17444.18,17056.77,17096.68,17096.68,13000
Apr 20 2012,17459.72,17519.88,17231.34,17373.84,17373.84,11200
Apr 19 2012,17432.89,17530.30,17361.71,17503.71,17503.71,11800
Apr 18 2012,17447.26,17522.80,17357.94,17392.39,17392.39,9800
Apr 17 2012,17200.97,17381.92,17103.36,17357.94,17357.94,12400
Apr 16 2012,17047.87,17173.06,17010.16,17150.95,17150.95,9800
Apr 13 2012,17232.56,17398.22,17027.30,17094.51,17094.51,18400
Apr 12 2012,17276.87,17395.15,17199.40,17332.62,17332.62,10200
Apr 11 2012,17125.96,17319.15,17075.89,17199.40,17199.40,11800
Apr 10 2012,17259.26,17274.69,17135.76,17243.84,17243.84,10000
Apr 9 2012,17407.66,17486.02,17199.63,17222.14,17222.14,9800
Apr 4 2012,17553.26,17597.42,17436.60,17486.02,17486.02,9800
Apr 3 2012,17576.21,17664.10,17478.15,17597.42,17597.42,10800
Apr 2 2012,17429.96,17529.98,17382.38,17478.15,17478.15,10000
Mar 30 2012,17117.41,17439.51,17105.22,17404.20,17404.20,25000
Mar 29 2012,17039.85,17109.35,16920.61,17058.61,17058.61,11200
Mar 28 2012,17234.48,17245.82,17040.12,17121.62,17121.62,13200
Mar 27 2012,17209.13,17366.84,17061.16,17257.36,17257.36,19000
Mar 26 2012,17377.59,17377.59,17021.85,17052.78,17052.78,17000
Mar 23 2012,17257.72,17458.35,17179.33,17361.74,17361.74,12600
Mar 22 2012,17586.06,17687.01,17136.50,17196.47,17196.47,17600
Mar 21 2012,17301.16,17622.87,17275.88,17601.71,17601.71,14200
Mar 20 2012,17308.89,17410.13,17211.73,17316.18,17316.18,14200
Mar 19 2012,17531.47,17561.46,17226.43,17273.37,17273.37,13800
Mar 16 2012,17656.81,17871.00,17426.58,17466.20,17466.20,24800
Mar 15 2012,17916.85,17918.25,17622.13,17675.85,17675.85,13800
Mar 14 2012,18003.15,18040.69,17837.22,17919.30,17919.30,14200
Mar 13 2012,17680.23,17842.92,17680.23,17813.62,17813.62,12800
Mar 12 2012,17772.10,17772.10,17494.65,17587.67,17587.67,12200
Mar 9 2012,17325.82,17531.62,17325.82,17503.24,17503.24,12800
Mar 7 2012,17127.18,17239.35,17008.77,17145.52,17145.52,20400
Mar 6 2012,17336.64,17691.96,17128.28,17173.29,17173.29,18600
Mar 5 2012,17598.42,17598.42,17312.30,17362.87,17362.87,12000
Mar 2 2012,17661.39,17731.88,17504.38,17636.80,17636.80,17000
Mar 1 2012,17714.62,17717.53,17463.27,17583.97,17583.97,18800
Feb 29 2012,17919.93,18001.35,17677.97,17752.68,17752.68,18400
Feb 28 2012,17545.11,17776.82,17530.44,17731.12,17731.12,16000
Feb 27 2012,17975.19,17975.19,17381.64,17445.75,17445.75,20800
Feb 24 2012,18079.01,18198.15,17848.93,17923.57,17923.57,19600
Feb 23 2012,18127.35,18249.53,18005.28,18078.50,18078.50,19600
Feb 22 2012,18490.87,18523.78,18095.81,18145.25,18145.25,21600
Feb 21 2012,18303.73,18470.86,18293.80,18428.61,18428.61,20600
Feb 17 2012,18331.20,18423.06,18234.56,18289.35,18289.35,27800
Feb 16 2012,18163.05,18182.78,18043.32,18153.99,18153.99,20000
Feb 15 2012,18000.30,18231.35,18000.30,18202.41,18202.41,25600
Feb 14 2012,17767.46,17890.33,17742.58,17848.57,17848.57,17400
Feb 13 2012,17761.70,17849.64,17665.89,17772.84,17772.84,16800
Feb 10 2012,17817.59,17890.11,17627.14,17748.69,17748.69,19600
Feb 9 2012,17647.80,17879.46,17609.43,17830.75,17830.75,21400
Feb 8 2012,17631.69,17809.21,17579.59,17707.32,17707.32,20800
Feb 7 2012,17813.74,17832.04,17582.49,17622.45,17622.45,16800
Feb 6 2012,17741.91,17829.72,17595.10,17707.31,17707.31,17600
Feb 3 2012,17444.25,17630.53,17382.70,17604.96,17604.96,16600
Feb 2 2012,17438.07,17504.25,17308.28,17431.85,17431.85,27000
Feb 1 2012,17179.64,17327.21,17061.55,17300.58,17300.58,47400
Jan 31 2012,16965.58,17238.99,16965.58,17193.55,17193.55,18600
Jan 30 2012,17138.04,17138.04,16828.33,16863.30,16863.30,14400
Jan 27 2012,17201.33,17258.97,17106.57,17233.98,17233.98,17200
Jan 25 2012,17068.85,17130.24,17016.69,17077.18,17077.18,14000
Jan 24 2012,16806.72,17050.32,16770.01,16995.77,16995.77,18200
Jan 23 2012,16667.02,16784.00,16659.32,16751.73,16751.73,15000
Jan 20 2012,16745.01,16788.48,16611.71,16739.01,16739.01,18000
Jan 19 2012,16573.87,16662.06,16572.10,16643.74,16643.74,16800
Jan 18 2012,16502.42,16517.96,16384.48,16451.47,16451.47,16200
Jan 17 2012,16270.87,16501.38,16270.87,16466.05,16466.05,18800
Jan 16 2012,16086.74,16214.36,16037.60,16189.36,16189.36,13400
Jan 13 2012,16144.57,16257.34,16049.78,16154.62,16154.62,19600
Jan 12 2012,16117.19,16178.58,15962.59,16037.51,16037.51,14400
Jan 11 2012,16222.37,16244.70,16127.77,16175.86,16175.86,18600
Jan 10 2012,15898.32,16180.97,15898.32,16165.09,16165.09,19600
Jan 9 2012,15840.22,15871.51,15678.30,15814.72,15814.72,11200
Jan 6 2012,15789.08,16001.31,15664.91,15867.73,15867.73,17200
Jan 5 2012,15893.07,15980.17,15809.31,15857.08,15857.08,21200
Jan 4 2012,15967.49,16004.69,15822.32,15882.64,15882.64,17800
Jan 3 2012,15640.56,15970.31,15640.56,15939.36,15939.36,16200
Dec 30 2011,15583.55,15694.05,15406.93,15454.92,15454.92,12800
Dec 29 2011,15658.94,15724.60,15515.44,15543.93,15543.93,12800
Dec 28 2011,15854.36,15887.80,15666.46,15727.85,15727.85,11800
Dec 27 2011,15983.98,16049.12,15799.63,15873.95,15873.95,10800
Dec 26 2011,15782.17,15998.44,15761.18,15970.75,15970.75,11800
Dec 23 2011,15863.43,15911.23,15671.28,15738.70,15738.70,17000
Dec 22 2011,15546.66,15834.63,15472.70,15813.36,15813.36,18800
Dec 21 2011,15487.75,15727.31,15377.04,15685.21,15685.21,22000
Dec 20 2011,15436.12,15448.13,15135.86,15175.08,15175.08,20800
Dec 19 2011,15440.10,15440.10,15190.74,15379.34,15379.34,18000
Dec 16 2011,15868.78,16068.90,15425.20,15491.35,15491.35,20400
Dec 15 2011,15739.05,15908.02,15596.22,15836.47,15836.47,19800
Dec 14 2011,15963.75,16133.41,15855.12,15881.14,15881.14,19000
Dec 13 2011,15778.62,16079.38,15771.59,16002.51,16002.51,23600
Dec 12 2011,16354.96,16360.32,15839.96,15870.35,15870.35,21200
Dec 9 2011,16258.44,16382.57,16142.32,16213.46,16213.46,18400
Dec 8 2011,16819.74,16847.82,16421.55,16488.24,16488.24,16000
Dec 7 2011,16830.04,17003.71,16781.62,16877.06,16877.06,14000
Dec 5 2011,16812.30,16863.10,16691.21,16805.33,16805.33,13400
Dec 2 2011,16493.98,16888.84,16428.66,16846.83,16846.83,28600
Dec 1 2011,16555.93,16718.11,16430.61,16483.45,16483.45,19800
Nov 30 2011,15868.96,16179.56,15849.57,16123.46,16123.46,16800
Nov 29 2011,16210.37,16210.37,15952.54,16008.34,16008.34,14800
Nov 28 2011,15890.80,16186.68,15888.28,16167.13,16167.13,20200
Nov 25 2011,15781.25,15891.05,15645.78,15695.43,15695.43,19200
Nov 24 2011,15715.81,15901.30,15479.97,15858.49,15858.49,18600
Nov 23 2011,15969.60,15969.60,15478.69,15699.97,15699.97,17400
Nov 22 2011,15995.69,16212.95,15970.11,16065.42,16065.42,19400
Nov 21 2011,16297.03,16297.03,15900.30,15946.10,15946.10,21400
Nov 18 2011,16387.70,16396.69,16164.99,16371.51,16371.51,21600
Nov 17 2011,16754.68,16807.15,16408.50,16461.71,16461.71,17000
Nov 16 2011,16872.30,16878.30,16641.65,16775.87,16775.87,19600
Nov 15 2011,17081.62,17172.09,16837.56,16882.67,16882.67,18000
Nov 14 2011,17348.52,17391.99,17094.43,17118.74,17118.74,15000
Nov 11 2011,17187.89,17279.23,17096.84,17192.82,17192.82,18200
Nov 9 2011,17641.98,17658.34,17331.23,17362.10,17362.10,15000
Nov 8 2011,17593.67,17632.23,17455.22,17569.53,17569.53,11000
Nov 4 2011,17674.70,17702.26,17474.39,17562.61,17562.61,18400
Nov 3 2011,17430.69,17527.10,17278.03,17481.93,17481.93,17000
Nov 2 2011,17347.70,17615.92,17337.65,17464.85,17464.85,15400
Nov 1 2011,17540.55,17661.78,17422.47,17480.83,17480.83,17600
Oct 31 2011,17806.21,17813.11,17668.27,17705.01,17705.01,15800
Oct 28 2011,17671.86,17908.13,17671.86,17804.80,17804.80,23800
Oct 25 2011,17012.79,17322.13,16900.26,17254.86,17254.86,17600
Oct 24 2011,17011.06,17104.88,16898.60,16939.28,16939.28,12600
Oct 21 2011,16975.79,17032.32,16752.21,16785.64,16785.64,13800
Oct 20 2011,16911.85,16962.06,16744.99,16936.89,16936.89,12000
Oct 19 2011,16883.36,17106.99,16874.34,17085.34,17085.34,11400
Oct 18 2011,16817.38,16824.76,16669.04,16748.29,16748.29,14000
Oct 17 2011,17176.05,17188.55,16928.38,17025.09,17025.09,18400
Oct 14 2011,16836.83,17112.45,16828.45,17082.69,17082.69,15400
Oct 13 2011,17048.00,17084.07,16854.03,16883.92,16883.92,18000
Oct 12 2011,16660.43,16987.06,16608.57,16958.39,16958.39,21200
Oct 11 2011,16668.15,16774.12,16510.71,16536.47,16536.47,20000
Oct 10 2011,16270.07,16595.93,16230.77,16557.23,16557.23,17200
Oct 7 2011,16222.49,16347.48,16148.97,16232.54,16232.54,16800
Oct 5 2011,15967.72,16044.91,15760.53,15792.41,15792.41,18800
Oct 4 2011,16081.77,16202.38,15745.43,15864.86,15864.86,19600
Oct 3 2011,16255.97,16255.97,16056.33,16151.45,16151.45,17000
Sep 30 2011,16599.74,16745.16,16404.78,16453.76,16453.76,20000
Sep 29 2011,16387.91,16756.08,16316.66,16698.07,16698.07,19200
Sep 28 2011,16663.26,16663.26,16363.63,16446.02,16446.02,19600
Sep 27 2011,16289.32,16551.65,16282.74,16524.03,16524.03,16200
Sep 26 2011,16209.19,16209.19,15801.01,16051.10,16051.10,18800
Sep 23 2011,16222.37,16368.41,16052.47,16162.06,16162.06,22000
Sep 22 2011,16827.85,16833.61,16316.03,16361.15,16361.15,18400
Sep 21 2011,17128.83,17191.12,17000.61,17065.15,17065.15,13400
Sep 20 2011,16768.63,17135.44,16758.69,17099.28,17099.28,14200
Sep 19 2011,16865.93,16865.93,16709.41,16745.35,16745.35,11600
Sep 16 2011,17047.73,17122.54,16889.58,16933.83,16933.83,20400
Sep 15 2011,16837.76,16922.40,16545.47,16876.54,16876.54,15400
Sep 14 2011,16522.71,16754.22,16387.38,16709.60,16709.60,16000
Sep 13 2011,16618.17,16766.19,16374.68,16467.44,16467.44,14600
Sep 12 2011,16668.25,16668.25,16393.04,16501.74,16501.74,13400
Sep 9 2011,17189.75,17211.80,16830.95,16866.97,16866.97,11800
Sep 8 2011,17118.08,17209.66,16987.37,17165.54,17165.54,12200
Sep 7 2011,16922.31,17157.21,16922.31,17065.00,17065.00,17400
Sep 6 2011,16663.73,16894.73,16488.30,16862.81,16862.81,14600
Sep 5 2011,16678.34,16760.07,16561.46,16713.33,16713.33,12200
Sep 2 2011,16963.67,16989.86,16688.06,16821.46,16821.46,12800
Aug 30 2011,16585.10,16714.70,16443.35,16676.75,16676.75,15200
Aug 29 2011,16080.74,16462.03,16068.73,16416.33,16416.33,11200
Aug 26 2011,16155.55,16256.38,15765.53,15848.83,15848.83,14200
Aug 25 2011,16338.14,16373.84,16104.34,16146.33,16146.33,12200
Aug 24 2011,16490.78,16533.22,16253.78,16284.98,16284.98,13600
Aug 23 2011,16446.85,16549.21,16213.18,16498.47,16498.47,11400
Aug 22 2011,16155.99,16370.46,16046.48,16341.70,16341.70,11600
Aug 19 2011,16237.78,16287.72,15987.77,16141.67,16141.67,16400
Aug 18 2011,16910.27,16916.81,16433.31,16469.79,16469.79,14600
Aug 17 2011,16782.24,17000.38,16708.98,16840.80,16840.80,15000
Aug 16 2011,17015.99,17035.49,16673.52,16730.94,16730.94,12600
Aug 12 2011,17246.88,17246.88,16784.56,16839.63,16839.63,13400
Aug 11 2011,17056.61,17207.82,17012.95,17059.40,17059.40,9400
Aug 10 2011,17244.71,17256.46,17022.25,17130.51,17130.51,15600
Aug 9 2011,16517.87,17135.04,16432.00,16857.91,16857.91,23800
Aug 8 2011,16907.57,17247.87,16759.45,16990.18,16990.18,20000
Aug 5 2011,17350.37,17358.18,16990.91,17305.87,17305.87,20400
Aug 4 2011,17983.86,18032.55,17664.73,17693.18,17693.18,11000
Aug 3 2011,17970.19,18005.76,17859.50,17940.55,17940.55,13400
Aug 2 2011,18283.55,18283.55,18037.87,18109.89,18109.89,11000
Aug 1 2011,18352.23,18440.07,18219.25,18314.33,18314.33,9600
Jul 29 2011,18194.15,18334.27,18131.86,18197.20,18197.20,16200
Jul 28 2011,18300.55,18327.85,18188.88,18209.52,18209.52,12200
Jul 27 2011,18571.15,18578.55,18358.76,18432.25,18432.25,14200
Jul 26 2011,18898.19,18944.60,18481.63,18518.22,18518.22,15600
Jul 25 2011,18753.35,18932.27,18670.84,18871.29,18871.29,22800
Jul 22 2011,18565.04,18747.06,18533.43,18722.30,18722.30,14800
Jul 21 2011,18514.65,18566.99,18415.36,18436.19,18436.19,8000
Jul 20 2011,18756.31,18765.60,18473.90,18502.38,18502.38,9800
Jul 19 2011,18521.38,18690.42,18481.83,18653.87,18653.87,8400
Jul 18 2011,18592.19,18622.56,18469.53,18507.04,18507.04,9000
Jul 15 2011,18694.19,18936.43,18513.22,18561.92,18561.92,6800
Jul 14 2011,18563.69,18803.05,18449.23,18618.20,18618.20,11800
Jul 13 2011,18468.82,18626.41,18465.40,18596.02,18596.02,9800
Jul 12 2011,18534.11,18589.19,18326.42,18411.62,18411.62,10600
Jul 11 2011,18823.19,18843.97,18679.49,18721.39,18721.39,9200
Jul 8 2011,19084.06,19131.70,18817.71,18858.04,18858.04,12200
Jul 7 2011,18776.62,19097.78,18767.25,19078.30,19078.30,11400
Jul 6 2011,18730.29,18823.45,18682.60,18726.97,18726.97,8400
Jul 5 2011,18837.88,18837.88,18694.05,18744.56,18744.56,12200
Jul 4 2011,18896.24,18942.42,18781.88,18814.48,18814.48,12200
Jul 1 2011,18974.96,19031.38,18713.07,18762.80,18762.80,14000
Jun 30 2011,18741.10,18873.39,18723.14,18845.87,18845.87,11400
Jun 29 2011,18552.19,18715.39,18552.19,18693.86,18693.86,13800
Jun 28 2011,18493.59,18527.45,18323.44,18492.45,18492.45,11400
Jun 27 2011,18132.70,18494.11,18132.70,18412.41,18412.41,13400
Jun 24 2011,17804.94,18268.95,17804.94,18240.68,18240.68,14800
Jun 23 2011,17526.92,17754.55,17482.21,17727.49,17727.49,11400
Jun 22 2011,17659.37,17678.86,17492.19,17550.63,17550.63,9600
Jun 21 2011,17574.37,17714.88,17504.27,17560.30,17560.30,11400
Jun 20 2011,17925.17,17925.17,17314.38,17506.63,17506.63,12800
Jun 17 2011,18060.17,18064.76,17844.09,17870.53,17870.53,10800
Jun 16 2011,18060.11,18155.10,17958.94,17985.88,17985.88,10600
Jun 15 2011,18298.59,18308.69,18111.21,18132.24,18132.24,9600
Jun 14 2011,18276.78,18380.19,18261.11,18308.66,18308.66,26800
Jun 13 2011,18242.25,18313.21,18120.76,18266.03,18266.03,10400
Jun 10 2011,18390.41,18399.02,18182.90,18268.54,18268.54,9600
Jun 9 2011,18394.57,18449.64,18327.01,18384.90,18384.90,10000
Jun 8 2011,18448.40,18505.10,18365.94,18394.29,18394.29,10800
Jun 7 2011,18355.30,18545.95,18351.24,18495.62,18495.62,10000
Jun 6 2011,18344.27,18458.63,18258.42,18420.11,18420.11,8800
Jun 3 2011,18554.40,18672.65,18345.85,18376.48,18376.48,14400
Jun 2 2011,18425.85,18540.67,18390.57,18494.18,18494.18,15400
Jun 1 2011,18527.12,18636.12,18514.66,18608.81,18608.81,12600
May 31 2011,18266.61,18526.80,18266.61,18503.28,18503.28,14600
May 30 2011,18319.74,18380.17,18199.52,18232.06,18232.06,11600
May 27 2011,18105.61,18298.64,18087.16,18266.10,18266.10,12800
May 26 2011,17917.11,18072.61,17862.88,18044.64,18044.64,12600
May 25 2011,17976.36,17976.36,17786.13,17847.24,17847.24,10200
May 24 2011,18016.43,18110.39,17933.94,18011.97,18011.97,12600
May 23 2011,18269.06,18269.06,17971.02,17993.33,17993.33,10400
May 20 2011,18199.96,18429.47,18161.38,18326.09,18326.09,17000
May 19 2011,18166.64,18198.45,18057.82,18141.40,18141.40,13400
May 18 2011,18177.32,18218.20,18020.79,18086.20,18086.20,12400
May 17 2011,18374.45,18435.80,18084.67,18137.35,18137.35,14200
May 16 2011,18492.68,18492.68,18319.88,18345.03,18345.03,9400
May 13 2011,18362.45,18724.54,18280.70,18531.28,18531.28,12600
May 12 2011,18525.32,18610.02,18314.34,18335.79,18335.79,10200
May 11 2011,18572.61,18622.44,18454.93,18584.96,18584.96,10000
May 10 2011,18564.95,18689.37,18429.06,18512.77,18512.77,13200
May 9 2011,18628.63,18643.58,18367.21,18528.96,18528.96,9200
May 6 2011,18289.78,18568.48,18271.68,18518.81,18518.81,30200
May 5 2011,18484.71,18569.21,18160.65,18210.58,18210.58,14800
May 4 2011,18558.33,18604.36,18339.53,18469.36,18469.36,13000
May 3 2011,18979.31,19024.95,18502.42,18534.69,18534.69,13400
May 2 2011,19224.05,19253.87,18954.76,18998.02,18998.02,9400
Apr 29 2011,19292.57,19356.50,19015.05,19135.96,19135.96,10600
Apr 28 2011,19532.85,19542.05,19265.92,19292.02,19292.02,14000
Apr 27 2011,19610.71,19633.63,19412.79,19448.69,19448.69,13400
Apr 26 2011,19596.32,19626.13,19306.92,19545.35,19545.35,11600
Apr 25 2011,19538.52,19697.49,19531.34,19584.31,19584.31,11400
Apr 21 2011,19582.50,19695.98,19530.50,19602.23,19602.23,15200
Apr 20 2011,19274.21,19484.77,19171.03,19470.98,19470.98,15400
Apr 19 2011,19091.78,19201.92,18976.19,19121.83,19121.83,11400
Apr 18 2011,19389.74,19649.22,19071.47,19091.17,19091.17,13800
Apr 15 2011,19670.07,19700.96,19337.12,19386.82,19386.82,17000
Apr 13 2011,19187.01,19737.33,19101.63,19696.86,19696.86,17800
Apr 11 2011,19382.91,19426.30,19242.59,19262.54,19262.54,9400
Apr 8 2011,19602.81,19697.21,19388.42,19451.45,19451.45,10400
Apr 7 2011,19620.88,19665.09,19537.02,19591.18,19591.18,9600
Apr 6 2011,19698.61,19811.14,19550.55,19612.20,19612.20,14400
Apr 5 2011,19731.38,19770.21,19523.54,19686.82,19686.82,12600
Apr 4 2011,19473.93,19729.60,19449.36,19701.73,19701.73,10600
Apr 1 2011,19463.11,19562.55,19382.35,19420.39,19420.39,12400
Mar 31 2011,19339.75,19575.16,19284.35,19445.22,19445.22,16200
Mar 30 2011,19178.77,19357.10,19178.77,19290.18,19290.18,12200
Mar 29 2011,18949.57,19226.21,18944.82,19120.80,19120.80,17200
Mar 28 2011,18799.71,19024.18,18799.57,18943.14,18943.14,12800
Mar 25 2011,18480.69,18858.30,18480.69,18815.64,18815.64,15200
Mar 24 2011,18286.42,18373.97,18269.32,18350.74,18350.74,11200
Mar 23 2011,17972.04,18218.28,17950.17,18206.16,18206.16,13400
Mar 22 2011,17929.09,18041.38,17878.80,17988.30,17988.30,11800
Mar 21 2011,17984.72,18007.73,17792.17,17839.05,17839.05,12400
Mar 18 2011,18251.18,18259.61,17849.53,17878.81,17878.81,16400
Mar 17 2011,18227.16,18354.27,18104.02,18149.87,18149.87,18200
Mar 16 2011,18263.68,18444.47,18263.68,18358.69,18358.69,16200
Mar 15 2011,18113.79,18326.33,17920.55,18167.64,18167.64,22400
Mar 14 2011,18167.10,18463.84,18155.43,18439.48,18439.48,15400
Mar 11 2011,18248.11,18368.43,18063.29,18174.09,18174.09,20600
Mar 10 2011,18430.84,18430.84,18261.26,18327.98,18327.98,18600
Mar 9 2011,18522.80,18583.30,18303.80,18469.95,18469.95,22600
Mar 8 2011,18277.34,18466.81,18266.62,18439.65,18439.65,13800
Mar 7 2011,18361.65,18363.45,18058.71,18222.67,18222.67,15200
Mar 4 2011,18622.70,18736.97,18448.69,18486.45,18486.45,19800
Mar 3 2011,18318.32,18603.57,18253.62,18489.76,18489.76,28600
Mar 1 2011,17982.28,18478.68,17964.39,18446.50,18446.50,24800
Feb 28 2011,17811.08,18296.53,17718.88,17823.40,17823.40,30000
Feb 25 2011,17775.08,17812.44,17469.97,17700.91,17700.91,21800
Feb 24 2011,18135.12,18135.12,17559.70,17632.41,17632.41,23000
Feb 23 2011,18233.77,18377.48,18150.01,18178.33,18178.33,22200
Feb 22 2011,18390.72,18457.90,18187.33,18296.16,18296.16,19800
Feb 21 2011,18238.54,18457.49,18082.66,18438.31,18438.31,19200
Feb 18 2011,18564.08,18690.97,18159.82,18211.52,18211.52,22000
Feb 17 2011,18345.12,18532.61,18233.79,18506.82,18506.82,16600
Feb 16 2011,18273.06,18358.84,18216.12,18300.90,18300.90,18800
Feb 15 2011,18260.08,18361.66,18050.48,18273.80,18273.80,23600
Feb 14 2011,17940.16,18227.62,17857.12,18202.20,18202.20,21800
Feb 11 2011,17519.13,17752.56,17295.62,17728.61,17728.61,25400
Feb 10 2011,17603.29,17636.88,17362.59,17463.04,17463.04,25200
Feb 9 2011,17723.99,17864.32,17508.35,17592.77,17592.77,30200
Feb 8 2011,18141.51,18141.51,17742.18,17775.70,17775.70,14200
Feb 7 2011,18135.02,18180.94,17977.01,18037.19,18037.19,13000
Feb 4 2011,18450.07,18542.20,17926.98,18008.15,18008.15,23000
Feb 3 2011,18113.73,18466.21,18064.61,18449.31,18449.31,21600
Feb 2 2011,18216.91,18306.00,18042.61,18090.62,18090.62,22800
Feb 1 2011,18425.18,18452.06,17982.17,18022.22,18022.22,20200
Jan 31 2011,18226.21,18395.09,18038.48,18327.76,18327.76,19800
Jan 28 2011,18708.62,18723.12,18235.45,18395.97,18395.97,18600
Jan 27 2011,19086.69,19086.69,18656.05,18684.43,18684.43,13800
Jan 25 2011,19227.42,19340.99,18949.44,18969.45,18969.45,13400
Jan 24 2011,19095.69,19194.46,18998.38,19151.28,19151.28,11600
Jan 21 2011,19007.08,19065.34,18932.40,19007.53,19007.53,11000
Jan 20 2011,18892.43,19100.26,18794.73,19046.54,19046.54,12800
Jan 19 2011,19153.31,19167.06,18898.56,18978.32,18978.32,16200
Jan 18 2011,18983.20,19120.62,18933.47,19092.05,19092.05,14400
Jan 17 2011,18911.43,19018.94,18779.38,18882.25,18882.25,17800
Jan 14 2011,19198.04,19447.82,18811.96,18860.44,18860.44,15800
Jan 13 2011,19492.30,19522.38,19136.27,19182.82,19182.82,16800
Jan 12 2011,19353.34,19574.63,19048.56,19534.10,19534.10,19400
Jan 11 2011,19279.77,19431.56,19003.60,19196.34,19196.34,20000
Jan 10 2011,19714.42,19720.43,19158.43,19224.12,19224.12,17200
Jan 7 2011,20163.85,20210.62,19629.22,19691.81,19691.81,15800
Jan 6 2011,20395.50,20425.85,20107.17,20184.74,20184.74,16600
Jan 5 2011,20509.95,20509.95,20243.95,20301.10,20301.10,14400
Jan 4 2011,20617.38,20651.21,20449.01,20498.72,20498.72,15200
Jan 3 2011,20621.61,20664.80,20531.00,20561.05,20561.05,12000
Dec 31 2010,20412.76,20552.03,20412.76,20509.09,20509.09,12600
Dec 30 2010,20274.12,20410.91,20274.12,20389.07,20389.07,10600
Dec 29 2010,20060.88,20274.20,20054.64,20256.03,20256.03,10000
Dec 28 2010,20056.47,20090.41,19981.76,20025.42,20025.42,10600
Dec 27 2010,20062.60,20190.13,20010.33,20028.93,20028.93,9800
Dec 24 2010,19911.46,20086.42,19880.36,20073.66,20073.66,16400
Dec 23 2010,20038.83,20076.08,19939.30,19982.88,19982.88,7600
Dec 22 2010,20118.82,20151.25,19931.31,20015.80,20015.80,12000
Dec 21 2010,19925.76,20090.84,19925.76,20060.32,20060.32,14200
Dec 20 2010,19770.02,20006.16,19711.12,19888.88,19888.88,11200
Dec 16 2010,19698.58,19897.22,19554.35,19864.85,19864.85,15400
Dec 15 2010,19791.22,19817.61,19571.43,19647.77,19647.77,14000
Dec 14 2010,19746.75,19836.82,19621.41,19799.19,19799.19,13400
Dec 13 2010,19600.28,19710.57,19321.41,19691.78,19691.78,15400
Dec 10 2010,19201.89,19537.40,19074.57,19508.89,19508.89,16000
Dec 9 2010,19746.15,19771.09,19160.87,19242.36,19242.36,17200
Dec 8 2010,19874.30,19875.51,19611.35,19696.48,19696.48,12600
Dec 7 2010,19982.90,20008.36,19824.44,19934.64,19934.64,13400
Dec 6 2010,20038.25,20217.86,19944.71,19981.31,19981.31,14000
Dec 3 2010,20007.89,20067.81,19877.12,19966.93,19966.93,13800
Dec 2 2010,20038.66,20084.25,19917.77,19992.70,19992.70,16600
Dec 1 2010,19529.99,19887.26,19525.15,19850.00,19850.00,15000
Nov 30 2010,19373.23,19610.46,19218.02,19521.25,19521.25,18800
Nov 29 2010,19230.34,19450.09,19167.19,19405.10,19405.10,12400
Nov 26 2010,19391.96,19417.61,18954.82,19136.61,19136.61,25200
Nov 25 2010,19560.25,19628.27,19257.37,19318.16,19318.16,13800
Nov 24 2010,19735.28,19835.57,19375.92,19459.85,19459.85,12200
Nov 23 2010,19841.42,19841.42,19342.69,19691.84,19691.84,14200
Nov 22 2010,19713.84,19989.02,19641.42,19957.59,19957.59,11000
Nov 19 2010,19982.75,19983.89,19504.87,19585.44,19585.44,16400
Nov 18 2010,19997.83,20056.44,19615.51,19930.64,19930.64,21800
Nov 16 2010,20371.73,20380.10,19832.22,19865.14,19865.14,15200
Nov 15 2010,20167.62,20335.51,20046.60,20309.69,20309.69,14200
Nov 12 2010,20529.74,20593.91,20108.40,20156.89,20156.89,14600
Nov 11 2010,20930.45,20937.38,20544.22,20589.09,20589.09,12600
Nov 10 2010,20917.54,20970.91,20849.92,20875.71,20875.71,15200
Nov 9 2010,20851.91,20984.08,20762.81,20932.48,20932.48,11800
Nov 8 2010,21041.97,21075.71,20822.37,20852.38,20852.38,13800
Nov 4 2010,20605.63,20917.03,20605.63,20893.57,20893.57,12800
Nov 3 2010,20472.86,20538.80,20426.18,20465.74,20465.74,10000
Nov 2 2010,20407.18,20418.35,20281.73,20345.69,20345.69,13200
Nov 1 2010,20272.49,20609.65,20267.10,20355.63,20355.63,5400
Oct 29 2010,19986.32,20080.33,19768.96,20032.34,20032.34,14400
Oct 28 2010,20116.49,20185.46,19869.32,19941.04,19941.04,11600
Oct 27 2010,20220.58,20220.58,19923.71,20005.37,20005.37,12000
Oct 26 2010,20325.44,20344.68,20189.30,20221.39,20221.39,10200
Oct 25 2010,20199.73,20452.30,20199.73,20303.12,20303.12,12200
Oct 22 2010,20334.14,20351.74,20088.67,20165.86,20165.86,13200
Oct 21 2010,19951.34,20293.10,19886.12,20260.58,20260.58,12800
Oct 20 2010,19924.02,20043.82,19822.66,19872.15,19872.15,10600
Oct 19 2010,20298.55,20332.02,19923.96,19983.13,19983.13,12000
Oct 18 2010,20160.55,20229.39,19870.51,20168.89,20168.89,12600
Oct 15 2010,20518.50,20578.45,20090.18,20125.05,20125.05,9400
Oct 14 2010,20700.42,20854.55,20442.82,20497.64,20497.64,15200
Oct 13 2010,20223.45,20703.97,20211.66,20687.88,20687.88,14400
Oct 12 2010,20357.79,20368.40,20107.25,20203.34,20203.34,13400
Oct 11 2010,20250.26,20461.27,20250.26,20339.89,20339.89,11600
Oct 8 2010,20297.58,20409.19,20145.74,20250.26,20250.26,15400
Oct 7 2010,20544.30,20581.29,20272.77,20315.32,20315.32,19200
Oct 6 2010,20448.69,20669.95,20447.05,20543.08,20543.08,16200
Oct 5 2010,20461.98,20560.54,20383.16,20407.71,20407.71,17800
Oct 4 2010,20501.21,20706.74,20437.36,20475.73,20475.73,15000
Oct 1 2010,20094.10,20475.47,20094.10,20445.04,20445.04,19200
Sep 30 2010,19931.49,20114.73,19864.46,20069.12,20069.12,15800
Sep 29 2010,20086.89,20234.05,19923.11,19956.34,19956.34,18800
Sep 28 2010,20114.37,20157.51,19981.96,20104.86,20104.86,13400
Sep 27 2010,20082.26,20267.98,20082.26,20117.38,20117.38,17400
Sep 24 2010,19836.43,20071.75,19833.52,20045.18,20045.18,17400
Sep 23 2010,19944.30,19998.32,19771.63,19861.01,19861.01,11800
Sep 22 2010,20039.43,20105.54,19804.02,19941.72,19941.72,14400
Sep 21 2010,19925.79,20088.96,19860.88,20001.55,20001.55,15800
Sep 20 2010,19445.42,19927.30,19445.42,19906.10,19906.10,19600
Sep 17 2010,19436.71,19639.18,19436.71,19594.75,19594.75,16600
Sep 16 2010,19476.93,19636.66,19383.46,19417.49,19417.49,16200
Sep 15 2010,19343.74,19554.50,19340.99,19502.11,19502.11,17400
Sep 14 2010,19218.13,19487.02,19218.13,19346.96,19346.96,21000
Sep 13 2010,18845.31,19243.44,18845.31,19208.33,19208.33,15800
Sep 9 2010,18669.12,18823.17,18669.12,18799.66,18799.66,13200
Sep 8 2010,18627.67,18721.21,18540.65,18666.71,18666.71,20200
Sep 7 2010,18571.73,18711.20,18571.43,18645.06,18645.06,14600
Sep 6 2010,18124.29,18600.30,18124.29,18560.05,18560.05,18200
Sep 3 2010,18238.08,18316.32,18206.50,18221.43,18221.43,9400
Sep 2 2010,18215.28,18355.84,18215.28,18238.31,18238.31,13400
Sep 1 2010,18027.12,18227.14,18027.12,18205.87,18205.87,14400
Aug 31 2010,18015.66,18015.66,17819.99,17971.12,17971.12,16400
Aug 30 2010,18063.48,18216.50,17960.23,18032.11,18032.11,11600
Aug 27 2010,18205.90,18248.36,17944.16,17998.41,17998.41,13600
Aug 26 2010,18194.78,18261.06,18159.13,18226.35,18226.35,12800
Aug 25 2010,18308.51,18312.43,18156.00,18179.64,18179.64,15800
Aug 24 2010,18407.01,18451.73,18260.71,18311.59,18311.59,14400
Aug 23 2010,18400.33,18454.38,18371.02,18409.35,18409.35,11400
Aug 20 2010,18444.24,18464.14,18360.90,18401.82,18401.82,14200
Aug 19 2010,18276.50,18475.27,18276.50,18454.94,18454.94,14600
Aug 18 2010,18067.67,18286.00,18067.67,18257.12,18257.12,14800
Aug 17 2010,18049.19,18140.15,18026.00,18048.85,18048.85,12800
Aug 16 2010,18169.80,18203.92,17997.46,18050.78,18050.78,16000
Aug 13 2010,18080.29,18260.39,18050.42,18167.03,18167.03,18600
Aug 12 2010,17972.65,18113.62,17914.78,18073.90,18073.90,19600
Aug 11 2010,18177.35,18263.88,18042.89,18070.19,18070.19,20200
Aug 10 2010,18272.28,18293.40,18170.77,18219.99,18219.99,17800
Aug 9 2010,18141.11,18309.25,18139.90,18287.50,18287.50,11000
Aug 6 2010,18165.49,18244.56,18118.19,18143.99,18143.99,9800
Aug 5 2010,18234.85,18295.43,18156.45,18172.83,18172.83,10200
Aug 4 2010,18115.56,18249.46,18093.03,18217.44,18217.44,11200
Aug 3 2010,18149.90,18167.45,18072.38,18114.83,18114.83,13800
Aug 2 2010,17911.31,18104.24,17911.31,18081.21,18081.21,11000
Jul 30 2010,17981.06,18000.35,17838.92,17868.29,17868.29,14000
Jul 29 2010,17961.58,18013.10,17902.84,17992.00,17992.00,11600
Jul 28 2010,18077.85,18137.14,17925.40,17957.37,17957.37,15400
Jul 27 2010,17998.74,18149.56,17998.74,18077.61,18077.61,15800
Jul 26 2010,18056.24,18194.09,17993.88,18020.05,18020.05,16800
Jul 23 2010,18132.29,18237.56,18093.93,18130.98,18130.98,17400
Jul 22 2010,17978.37,18127.90,17879.88,18113.15,18113.15,16000
Jul 21 2010,17873.92,18012.20,17873.92,17977.23,17977.23,13000
Jul 20 2010,17918.43,18040.17,17848.07,17878.14,17878.14,11600
Jul 19 2010,17914.12,18005.07,17856.40,17928.42,17928.42,11800
Jul 16 2010,17911.13,17980.27,17892.16,17955.82,17955.82,13200
Jul 15 2010,17874.71,17978.56,17858.73,17909.46,17909.46,11800
Jul 14 2010,18024.95,18167.22,17897.26,17938.16,17938.16,16800
Jul 13 2010,17908.30,17998.04,17855.85,17985.90,17985.90,17000
Jul 12 2010,17875.97,18010.07,17874.95,17937.20,17937.20,16200
Jul 9 2010,17667.85,17857.58,17667.85,17833.54,17833.54,26000
Jul 8 2010,17536.48,17728.37,17536.48,17651.73,17651.73,14200
Jul 7 2010,17623.66,17623.66,17447.15,17471.03,17471.03,15200
Jul 6 2010,17402.68,17643.14,17395.58,17614.48,17614.48,15600
Jul 5 2010,17473.83,17505.73,17423.74,17441.44,17441.44,7800
Jul 2 2010,17523.47,17598.94,17426.78,17460.95,17460.95,17200
Jul 1 2010,17679.34,17679.34,17455.41,17509.33,17509.33,16200
Jun 30 2010,17476.85,17725.04,17373.78,17700.90,17700.90,18200
Jun 29 2010,17777.95,17777.95,17465.73,17534.09,17534.09,19200
Jun 28 2010,17577.66,17794.80,17571.85,17774.26,17774.26,19200
Jun 25 2010,17705.11,17714.73,17546.73,17574.53,17574.53,19200
Jun 24 2010,17750.51,17845.65,17632.80,17730.24,17730.24,15600
Jun 23 2010,17694.87,17782.41,17629.19,17755.94,17755.94,17600
Jun 22 2010,17868.12,17868.12,17725.63,17749.69,17749.69,15200
Jun 21 2010,17654.81,17919.62,17654.81,17876.55,17876.55,26200
Jun 18 2010,17628.02,17721.99,17525.29,17570.82,17570.82,24000
Jun 17 2010,17490.52,17647.42,17394.90,17616.69,17616.69,25400
Jun 16 2010,17500.30,17530.38,17407.30,17462.87,17462.87,27400
Jun 15 2010,17355.49,17442.50,17249.46,17412.83,17412.83,22400
Jun 14 2010,17118.74,17351.18,17118.74,17338.17,17338.17,17400
Jun 11 2010,16994.07,17131.56,16994.07,17064.95,17064.95,24600
Jun 10 2010,16668.91,16942.60,16668.91,16922.08,16922.08,24800
Jun 9 2010,16621.12,16817.69,16591.26,16657.89,16657.89,36600
Jun 8 2010,16760.60,16895.73,16560.64,16617.10,16617.10,27400
Jun 7 2010,17069.77,17069.77,16686.73,16781.07,16781.07,26000
Jun 4 2010,17036.55,17150.42,16963.92,17117.69,17117.69,22400
Jun 3 2010,16786.28,17072.63,16786.28,17022.33,17022.33,21800
Jun 2 2010,16574.79,16774.15,16571.45,16741.84,16741.84,29000
Jun 1 2010,16942.82,16942.82,16318.39,16572.03,16572.03,20600
May 31 2010,16872.17,16971.15,16806.50,16944.63,16944.63,15600
May 28 2010,16692.66,16891.17,16692.66,16863.06,16863.06,19000
May 27 2010,16410.88,16694.55,16331.10,16666.40,16666.40,18800
May 26 2010,16069.78,16410.35,16069.78,16387.84,16387.84,18400
May 25 2010,16444.57,16444.57,15960.15,16022.48,16022.48,21600
May 24 2010,16494.61,16757.73,16413.03,16469.55,16469.55,22200
May 21 2010,16317.94,16486.74,16187.03,16445.61,16445.61,24200
May 20 2010,16419.10,16617.80,16419.10,16519.68,16519.68,21600
May 19 2010,16802.39,16802.39,16373.32,16408.49,16408.49,22200
May 18 2010,16840.59,17000.34,16744.13,16875.76,16875.76,16800
May 17 2010,16961.92,16961.92,16551.00,16835.56,16835.56,20400
May 14 2010,17267.25,17329.32,16923.65,16994.60,16994.60,15200
May 13 2010,17323.63,17389.15,17240.35,17265.87,17265.87,18000
May 12 2010,17141.53,17252.52,17028.08,17195.81,17195.81,18400
May 11 2010,17336.13,17379.15,17104.45,17141.53,17141.53,20400
May 10 2010,16799.49,17356.54,16799.49,17330.55,17330.55,19800
May 7 2010,16939.58,16939.58,16684.13,16769.11,16769.11,19400
May 6 2010,17080.47,17080.47,16823.00,16987.53,16987.53,16400
May 5 2010,17103.95,17121.66,16858.23,17087.96,17087.96,20000
May 4 2010,17371.75,17464.82,17101.96,17137.14,17137.14,19800
May 3 2010,17536.86,17536.86,17345.92,17386.08,17386.08,10400
Apr 30 2010,17503.47,17646.61,17503.47,17558.71,17558.71,12200
Apr 29 2010,17382.09,17532.86,17382.09,17503.47,17503.47,10800
Apr 28 2010,17643.59,17643.59,17344.58,17380.08,17380.08,17000
Apr 27 2010,17744.93,17769.25,17678.56,17690.62,17690.62,12200
Apr 26 2010,17692.26,17826.48,17692.26,17745.28,17745.28,14800
Apr 23 2010,17533.88,17725.88,17533.88,17694.20,17694.20,17200
Apr 22 2010,17476.48,17778.34,17408.02,17573.99,17573.99,17600
Apr 21 2010,17458.76,17565.55,17446.51,17472.56,17472.56,10000
Apr 20 2010,17394.68,17560.09,17394.68,17460.58,17460.58,14000
Apr 19 2010,17584.86,17584.86,17276.80,17400.68,17400.68,11800
Apr 16 2010,17645.91,17663.99,17529.55,17591.18,17591.18,11600
Apr 15 2010,17804.55,17975.57,17619.02,17639.26,17639.26,12600
Apr 13 2010,17831.38,17892.78,17736.09,17821.96,17821.96,12800
Apr 12 2010,17874.16,17995.25,17816.19,17853.00,17853.00,9800
Apr 9 2010,17715.16,17971.47,17715.16,17933.14,17933.14,12200
Apr 8 2010,17950.56,17960.91,17679.34,17714.40,17714.40,11800
Apr 7 2010,17915.60,18047.86,17878.31,17970.02,17970.02,13200
Apr 6 2010,17940.32,17991.41,17898.00,17941.37,17941.37,12400
Apr 5 2010,17693.66,17948.54,17693.66,17935.68,17935.68,12800
Apr 1 2010,17555.04,17706.56,17555.04,17692.62,17692.62,13000
Mar 31 2010,17602.39,17699.50,17488.55,17527.77,17527.77,13600
Mar 30 2010,17703.67,17783.35,17558.22,17590.17,17590.17,12600
Mar 29 2010,17639.18,17793.01,17639.18,17711.35,17711.35,14800
Mar 26 2010,17558.85,17682.94,17558.85,17644.76,17644.76,13000
Mar 25 2010,17458.51,17575.23,17383.21,17558.85,17558.85,13800
Mar 23 2010,17422.51,17530.79,17356.64,17451.02,17451.02,12600
Mar 22 2010,17481.96,17559.18,17337.38,17410.57,17410.57,12200
Mar 19 2010,17531.47,17600.87,17502.14,17578.23,17578.23,13800
Mar 18 2010,17492.81,17548.13,17417.61,17519.26,17519.26,13600
Mar 17 2010,17389.47,17576.78,17389.47,17490.08,17490.08,16800
Mar 16 2010,17169.84,17416.55,17150.06,17383.18,17383.18,12400
Mar 15 2010,17166.97,17195.49,17061.14,17164.99,17164.99,14200
Mar 12 2010,17176.02,17244.54,17126.93,17166.62,17166.62,24000
Mar 11 2010,17087.63,17215.07,17054.28,17167.96,17167.96,11400
Mar 10 2010,17072.94,17183.51,17027.92,17098.33,17098.33,16800
Mar 9 2010,17089.22,17130.83,17031.21,17052.54,17052.54,56600
Mar 8 2010,17034.92,17187.55,17034.92,17102.60,17102.60,15200
Mar 5 2010,16988.29,17097.71,16936.12,16994.49,16994.49,19600
Mar 4 2010,17013.68,17024.96,16888.05,16971.70,16971.70,19000
Mar 3 2010,16778.29,17012.61,16778.29,17000.01,17000.01,20000
Mar 2 2010,16438.45,16808.49,16438.45,16772.56,16772.56,22400
Feb 26 2010,16255.33,16669.25,16249.67,16429.55,16429.55,31000
Feb 25 2010,16264.10,16329.33,16167.13,16254.20,16254.20,12200
Feb 24 2010,16218.68,16328.44,16187.44,16255.97,16255.97,12400
Feb 23 2010,16213.14,16324.93,16178.91,16286.32,16286.32,13400
Feb 22 2010,16191.32,16423.23,16191.32,16237.05,16237.05,14000
Feb 19 2010,16256.53,16301.94,16074.58,16191.63,16191.63,19400
Feb 18 2010,16421.20,16452.51,16287.17,16327.84,16327.84,14000
Feb 17 2010,16228.91,16480.89,16228.91,16428.91,16428.91,19600
Feb 16 2010,16042.18,16310.39,16021.29,16226.68,16226.68,20600
Feb 15 2010,16186.90,16227.04,16011.82,16038.35,16038.35,17000
Feb 11 2010,15928.28,16202.87,15928.28,16152.59,16152.59,14400
Feb 10 2010,16042.18,16141.13,15892.01,15922.17,15922.17,19800
Feb 9 2010,15940.73,16094.13,15862.90,16042.18,16042.18,21200
Feb 8 2010,15931.34,16061.41,15651.99,15935.61,15935.61,26600
Feb 5 2010,16222.56,16222.56,15725.43,15790.93,15790.93,23000
Feb 4 2010,16500.29,16508.22,16188.80,16224.95,16224.95,15800
Feb 3 2010,16210.25,16552.99,16210.25,16496.05,16496.05,16400
Feb 2 2010,16368.44,16525.98,16129.11,16163.44,16163.44,20600
Feb 1 2010,16339.32,16422.40,16160.80,16356.03,16356.03,20000
Jan 29 2010,16253.82,16390.31,15982.08,16357.96,16357.96,25400
Jan 28 2010,16317.16,16524.69,16182.14,16306.87,16306.87,21600
Jan 27 2010,16708.60,16708.60,16230.85,16289.82,16289.82,25600
Jan 25 2010,16847.70,16877.77,16705.56,16780.46,16780.46,16400
Jan 22 2010,16978.36,17000.33,16608.09,16859.68,16859.68,23200
Jan 21 2010,17474.49,17474.49,17025.26,17051.14,17051.14,17200
Jan 20 2010,17486.69,17590.59,17425.05,17474.49,17474.49,17000
Jan 19 2010,17650.82,17664.86,17463.78,17486.06,17486.06,13400
Jan 18 2010,17538.72,17712.60,17505.50,17641.08,17641.08,15400
Jan 15 2010,17604.31,17639.85,17529.11,17554.30,17554.30,17600
Jan 14 2010,17525.71,17628.04,17525.71,17584.87,17584.87,23400
Jan 13 2010,17368.03,17528.31,17276.46,17509.80,17509.80,26200
Jan 12 2010,17534.10,17612.00,17392.55,17422.51,17422.51,18600
Jan 11 2010,17724.59,17776.57,17500.79,17526.71,17526.71,18400
Jan 8 2010,17603.87,17658.12,17508.96,17540.29,17540.29,17200
Jan 7 2010,17701.97,17733.34,17566.54,17615.72,17615.72,18000
Jan 6 2010,17719.47,17790.33,17636.71,17701.13,17701.13,21400
Jan 5 2010,17555.77,17729.78,17555.77,17686.24,17686.24,27000
Jan 4 2010,17473.45,17582.84,17378.38,17558.73,17558.73,28200
Dec 31 2009,17365.37,17530.94,17365.37,17464.81,17464.81,16600
Dec 30 2009,17402.24,17440.05,17322.80,17343.82,17343.82,13800
Dec 29 2009,17388.67,17486.05,17372.63,17401.56,17401.56,14400
Dec 24 2009,17265.47,17413.69,17198.09,17360.61,17360.61,22400
Dec 23 2009,16723.96,17252.09,16723.96,17231.11,17231.11,26600
Dec 22 2009,16633.81,16738.12,16633.81,16692.00,16692.00,14400
Dec 21 2009,16724.84,16750.99,16577.78,16601.20,16601.20,17200
Dec 18 2009,16855.91,16899.19,16693.06,16719.83,16719.83,18600
Dec 17 2009,16912.25,16979.52,16826.00,16894.25,16894.25,22000
Dec 16 2009,16866.95,16996.12,16777.94,16912.77,16912.77,19400
Dec 15 2009,17150.59,17200.47,16835.78,16877.16,16877.16,18600
Dec 14 2009,17118.14,17275.19,17048.17,17097.55,17097.55,17200
Dec 11 2009,17199.74,17351.71,17056.12,17119.03,17119.03,19200
Dec 10 2009,17107.00,17231.05,17032.30,17189.31,17189.31,19200
Dec 9 2009,17204.32,17227.96,17057.37,17125.22,17125.22,21800
Dec 8 2009,16984.54,17237.79,16964.11,17227.68,17227.68,18600
Dec 7 2009,17106.74,17176.62,16943.01,16983.14,16983.14,21000
Dec 4 2009,17182.23,17291.83,17032.81,17101.54,17101.54,18200
Dec 3 2009,17199.64,17361.27,17128.21,17185.68,17185.68,18200
Dec 2 2009,17226.49,17329.68,17142.36,17169.91,17169.91,22200
Dec 1 2009,16947.46,17218.46,16947.46,17198.27,17198.27,20000
Nov 30 2009,16655.75,17026.91,16655.75,16926.22,16926.22,23200
Nov 27 2009,16718.80,16718.80,16210.44,16632.01,16632.01,28400
Nov 26 2009,17199.05,17202.51,16808.87,16854.93,16854.93,24000
Nov 25 2009,17149.08,17290.48,17124.15,17198.95,17198.95,17000
Nov 24 2009,17230.86,17230.86,17027.52,17131.08,17131.08,18200
Nov 23 2009,17067.14,17214.58,17045.02,17180.18,17180.18,22000
Nov 20 2009,16772.75,17041.79,16635.75,17021.85,17021.85,22400
Nov 19 2009,17004.98,17004.98,16712.33,16785.65,16785.65,18200
Nov 18 2009,17032.01,17098.79,16958.41,16998.78,16998.78,18200
Nov 17 2009,17036.23,17080.17,16882.98,17050.65,17050.65,20400
Nov 16 2009,16893.11,17083.20,16893.11,17032.51,17032.51,19000
Nov 13 2009,16693.15,16909.74,16666.70,16848.83,16848.83,21400
Nov 12 2009,16822.18,16896.62,16605.01,16696.03,16696.03,27200
Nov 11 2009,16444.44,16887.80,16405.19,16849.60,16849.60,26600
Nov 10 2009,16552.43,16677.53,16371.66,16440.56,16440.56,26600
Nov 9 2009,16190.79,16517.42,16147.21,16498.72,16498.72,20400
Nov 6 2009,16137.42,16283.86,16075.19,16158.28,16158.28,28200
Nov 5 2009,15926.13,16092.38,15564.89,16063.90,16063.90,33800
Nov 4 2009,15487.97,15929.09,15487.97,15912.13,15912.13,30400
Nov 3 2009,15838.63,15957.06,15330.56,15404.94,15404.94,32400
Oct 30 2009,16135.87,16360.88,15805.20,15896.28,15896.28,38600
Oct 29 2009,16191.39,16264.09,15993.83,16052.72,16052.72,26200
Oct 28 2009,16335.78,16411.14,16144.17,16283.49,16283.49,29600
Oct 27 2009,16699.09,16699.09,16311.50,16353.40,16353.40,30800
Oct 26 2009,16808.05,16938.88,16706.08,16740.50,16740.50,22000
Oct 23 2009,16795.66,17006.77,16765.20,16810.81,16810.81,24400
Oct 22 2009,17031.54,17031.54,16721.26,16789.74,16789.74,25600
Oct 21 2009,17229.72,17248.69,16997.86,17009.17,17009.17,25600
Oct 20 2009,17414.80,17457.26,17185.04,17223.01,17223.01,24600
Oct 16 2009,17196.80,17347.85,17126.55,17322.82,17322.82,28200
Oct 15 2009,17274.07,17350.39,17092.83,17195.20,17195.20,30200
Oct 14 2009,17117.90,17274.59,17117.90,17231.11,17231.11,31800
Oct 12 2009,16687.32,17068.78,16687.32,17026.67,17026.67,24200
Oct 9 2009,16915.96,16963.08,16606.95,16642.66,16642.66,27000
Oct 8 2009,16908.02,16998.52,16775.36,16843.54,16843.54,37000
Oct 7 2009,17069.42,17120.56,16764.07,16806.66,16806.66,32800
Oct 6 2009,16879.38,16988.56,16622.05,16958.54,16958.54,50200
Oct 5 2009,17062.01,17062.01,16835.80,16866.41,16866.41,24800
Oct 1 2009,17186.20,17195.61,17059.36,17134.55,17134.55,28000
Sep 30 2009,16868.46,17142.52,16868.46,17126.84,17126.84,20600
Sep 29 2009,16829.11,16907.84,16802.80,16852.91,16852.91,16000
Sep 25 2009,16679.99,16812.02,16613.22,16693.00,16693.00,20400
Sep 24 2009,16634.08,16834.10,16494.92,16781.43,16781.43,24600
Sep 23 2009,16905.50,16905.58,16683.78,16719.50,16719.50,48400
Sep 22 2009,16805.22,16943.49,16763.78,16886.43,16886.43,22800
Sep 18 2009,16650.05,16765.03,16610.05,16741.30,16741.30,28000
Sep 17 2009,16686.38,16820.02,16636.55,16711.11,16711.11,44200
Sep 16 2009,16498.59,16700.56,16498.59,16677.04,16677.04,30200
Sep 15 2009,16255.42,16477.23,16255.42,16454.45,16454.45,19600
Sep 14 2009,16185.26,16252.18,16119.95,16214.19,16214.19,23600
Sep 11 2009,16254.57,16337.98,16130.32,16264.30,16264.30,28200
Sep 10 2009,16295.92,16434.77,16166.42,16216.86,16216.86,30000
Sep 9 2009,16111.09,16215.74,16044.77,16183.55,16183.55,30600
Sep 8 2009,16030.56,16232.16,16030.56,16123.67,16123.67,35000
Sep 7 2009,15793.27,16035.50,15793.27,16016.32,16016.32,25000
Sep 4 2009,15425.86,15740.83,15358.94,15689.12,15689.12,30800
Sep 3 2009,15539.34,15598.18,15356.72,15398.33,15398.33,22000
Sep 2 2009,15482.05,15628.10,15392.68,15467.46,15467.46,23600
Sep 1 2009,15691.27,15923.09,15475.28,15551.19,15551.19,26800
Aug 31 2009,15812.15,15821.35,15589.80,15666.64,15666.64,25600
Aug 28 2009,15770.19,15957.67,15663.35,15922.34,15922.34,30400
Aug 27 2009,15711.80,15853.71,15685.49,15781.07,15781.07,18600
Aug 26 2009,15763.09,15831.49,15695.94,15769.85,15769.85,20000
Aug 25 2009,15573.91,15735.32,15423.39,15688.47,15688.47,29200
Aug 24 2009,15362.93,15676.35,15362.93,15628.75,15628.75,19800
Aug 21 2009,14951.49,15275.17,14835.08,15240.83,15240.83,21400
Aug 20 2009,14930.05,15145.00,14928.18,15012.32,15012.32,16800
Aug 19 2009,15079.04,15096.94,14684.45,14809.64,14809.64,26600
Aug 18 2009,14745.80,15134.51,14740.26,15035.26,15035.26,29200
Aug 17 2009,15284.23,15411.63,14740.63,14784.92,14784.92,25600
Aug 14 2009,15530.38,15535.47,15367.61,15411.63,15411.63,28600
Aug 13 2009,15207.96,15545.13,15207.96,15518.49,15518.49,28800
Aug 12 2009,14953.44,15043.62,14701.05,15020.16,15020.16,34000
Aug 11 2009,15000.38,15218.65,14864.23,15074.59,15074.59,31000
Aug 10 2009,15287.14,15417.34,14902.02,15009.77,15009.77,37200
Aug 7 2009,15440.95,15501.94,15104.00,15160.24,15160.24,33200
Aug 6 2009,15881.47,15969.81,15443.22,15514.03,15514.03,37800
Aug 5 2009,15882.39,15973.10,15695.11,15903.83,15903.83,29600
Aug 4 2009,15940.10,16002.46,15699.13,15830.98,15830.98,43400
Aug 3 2009,15694.78,15963.36,15608.40,15924.23,15924.23,32400
Jul 31 2009,15449.47,15732.81,15449.47,15670.31,15670.31,34000
Jul 30 2009,15169.23,15409.91,15065.48,15387.96,15387.96,30400
Jul 29 2009,15293.19,15379.43,14888.41,15173.46,15173.46,39000
Jul 28 2009,15428.50,15463.46,15240.53,15331.94,15331.94,40800
Jul 27 2009,15350.89,15463.09,15228.46,15375.04,15375.04,36600
Jul 24 2009,15272.01,15418.61,15168.52,15378.96,15378.96,43200
Jul 23 2009,15008.78,15264.84,14843.12,15231.04,15231.04,55200
Jul 22 2009,15124.92,15369.42,14786.58,14843.12,14843.12,41800
Jul 21 2009,15218.83,15234.21,14955.88,15062.49,15062.49,35000
Jul 20 2009,14854.17,15209.36,14854.17,15191.01,15191.01,34800
Jul 17 2009,14325.58,14800.70,14250.25,14744.92,14744.92,37600
Jul 16 2009,14351.97,14493.10,14169.58,14250.25,14250.25,35000
Jul 15 2009,13917.27,14299.54,13891.04,14253.24,14253.24,27200
Jul 14 2009,13549.42,13903.48,13549.42,13853.70,13853.70,23800
Jul 13 2009,13405.95,13461.68,13219.99,13400.32,13400.32,24600
Jul 10 2009,13803.12,13897.19,13418.39,13504.22,13504.22,27800
Jul 9 2009,13796.19,13879.18,13643.97,13757.46,13757.46,28400
Jul 8 2009,14039.58,14039.58,13701.76,13769.15,13769.15,37600
Jul 7 2009,14103.65,14251.88,14000.68,14170.45,14170.45,35800
Jul 6 2009,14962.12,15097.87,13959.44,14043.40,14043.40,43400
Jul 3 2009,14552.72,14945.85,14499.74,14913.05,14913.05,29000
Jul 2 2009,14694.31,14764.35,14469.69,14658.49,14658.49,31200
Jul 1 2009,14493.84,14727.49,14355.52,14645.47,14645.47,28800
Jun 30 2009,14785.74,14907.48,14420.41,14493.84,14493.84,35200
Jun 29 2009,14764.64,14955.55,14685.45,14785.74,14785.74,26600
Jun 26 2009,14373.57,14781.94,14373.57,14764.64,14764.64,32400
Jun 25 2009,14476.15,14578.46,14261.14,14345.62,14345.62,29600
Jun 24 2009,14388.21,14479.82,14207.02,14422.73,14422.73,30600
Jun 23 2009,14147.87,14394.19,14016.95,14324.01,14324.01,35600
Jun 22 2009,14591.28,14668.40,14269.77,14326.22,14326.22,31600
Jun 19 2009,14321.98,14559.08,14179.77,14521.89,14521.89,37400
Jun 18 2009,14503.05,14630.73,14188.25,14265.53,14265.53,75800
Jun 17 2009,14978.50,14995.66,14447.93,14522.84,14522.84,35400
Jun 16 2009,14788.27,15022.19,14621.97,14957.91,14957.91,32000
Jun 15 2009,15195.83,15261.03,14808.09,14875.52,14875.52,34600
Jun 12 2009,15446.82,15600.30,15174.28,15237.94,15237.94,40600
Jun 11 2009,15517.36,15568.74,15242.19,15411.47,15411.47,42000
Jun 10 2009,15168.18,15580.81,15168.18,15466.81,15466.81,42400
Jun 9 2009,14618.98,15159.27,14526.69,15127.00,15127.00,51600
Jun 8 2009,15153.21,15184.87,14604.23,14665.92,14665.92,31400
Jun 5 2009,15040.24,15257.30,14994.05,15103.55,15103.55,36800
Jun 4 2009,14755.08,15026.03,14601.91,15008.68,15008.68,39200
Jun 3 2009,14902.62,15045.88,14734.90,14870.90,14870.90,43000
Jun 2 2009,14942.21,14994.22,14608.23,14874.91,14874.91,43800
Jun 1 2009,14790.89,14906.81,14658.01,14840.63,14840.63,44200
May 29 2009,14384.76,14726.60,14384.76,14625.25,14625.25,45200
May 28 2009,14139.14,14376.34,14080.98,14296.01,14296.01,42600
May 27 2009,13851.85,14122.78,13848.15,14109.64,14109.64,47000
May 26 2009,13983.26,13991.46,13524.93,13589.23,13589.23,37800
May 25 2009,13999.44,14027.60,13819.78,13913.22,13913.22,37400
May 22 2009,13663.54,13936.93,13611.30,13887.15,13887.15,39400
May 21 2009,14043.38,14089.51,13704.43,13736.54,13736.54,44800
May 20 2009,14230.73,14405.51,13976.49,14060.66,14060.66,51000
May 19 2009,14757.82,14930.54,13840.83,14302.03,14302.03,89400
May 18 2009,13479.39,14284.21,13479.39,14284.21,14284.21,800
May 15 2009,11948.70,12218.98,11948.70,12173.42,12173.42,35000
May 14 2009,11774.04,11935.86,11695.52,11872.91,11872.91,39000
May 13 2009,12201.93,12256.43,11934.44,12019.65,12019.65,217600
May 12 2009,11629.97,12194.63,11625.39,12158.03,12158.03,40000
May 11 2009,11997.37,12026.60,11621.30,11682.99,11682.99,36000
May 8 2009,12092.97,12180.07,11765.06,11876.43,11876.43,55200
May 7 2009,12064.51,12143.95,11981.13,12116.94,12116.94,47800
May 6 2009,12100.69,12272.04,11899.41,11952.75,11952.75,49200
May 5 2009,12159.74,12197.88,11985.88,12131.08,12131.08,48400
May 4 2009,11635.24,12160.32,11635.24,12134.75,12134.75,46400
Apr 29 2009,11091.56,11430.25,11091.56,11403.25,11403.25,40400
Apr 28 2009,11371.34,11371.34,10961.76,11001.75,11001.75,47600
Apr 27 2009,11237.42,11492.10,11176.55,11371.85,11371.85,52400
Apr 24 2009,11149.47,11362.88,11070.33,11329.05,11329.05,44600
Apr 23 2009,10841.57,11200.86,10758.97,11134.99,11134.99,41800
Apr 22 2009,10968.60,11036.24,10715.66,10817.54,10817.54,39000
Apr 21 2009,10765.39,11068.82,10764.08,10898.11,10898.11,45000
Apr 20 2009,11065.10,11209.66,10863.28,10979.50,10979.50,43200
Apr 17 2009,11067.71,11339.47,10946.25,11023.09,11023.09,53600
Apr 16 2009,11358.06,11362.31,10900.47,10947.40,10947.40,60200
Apr 15 2009,10805.14,11337.75,10719.18,11284.73,11284.73,70200
Apr 13 2009,10916.43,11069.54,10800.84,10967.22,10967.22,43000
Apr 9 2009,10876.15,10929.33,10655.96,10803.86,10803.86,58400
Apr 8 2009,10283.58,10778.11,10173.00,10742.34,10742.34,56400
Apr 6 2009,10521.78,10654.89,10410.44,10534.87,10534.87,53800
Apr 2 2009,10107.25,10431.98,10107.25,10348.83,10348.83,64600
Apr 1 2009,9745.77,9921.96,9546.29,9901.99,9901.99,45800
Mar 31 2009,9633.21,9826.22,9547.21,9708.50,9708.50,53000
Mar 30 2009,9902.35,9902.35,9521.76,9568.14,9568.14,41400
Mar 27 2009,10036.80,10127.09,9913.40,10048.49,10048.49,52800
Mar 26 2009,9739.93,10061.36,9739.93,10003.10,10003.10,45200
Mar 25 2009,9442.30,9704.69,9430.45,9667.90,9667.90,49400
Mar 24 2009,9549.52,9699.00,9402.64,9471.04,9471.04,50000
Mar 23 2009,9040.30,9454.69,9040.30,9424.02,9424.02,43200
Mar 20 2009,8951.34,8999.98,8867.13,8966.68,8966.68,32800
Mar 19 2009,9023.04,9086.77,8900.39,9001.75,9001.75,36000
Mar 18 2009,8956.30,9120.40,8951.32,8976.68,8976.68,45600
Mar 17 2009,8942.01,9024.12,8801.79,8863.82,8863.82,47200
Mar 16 2009,8793.89,8955.73,8697.46,8943.54,8943.54,49400
Mar 13 2009,8480.74,8793.21,8480.74,8756.61,8756.61,49400
Mar 12 2009,8274.78,8439.26,8274.78,8343.75,8343.75,36200
Mar 9 2009,8259.22,8259.22,8110.10,8160.40,8160.40,26400
Mar 6 2009,8103.75,8347.10,8047.17,8325.82,8325.82,52200
Mar 5 2009,8535.03,8535.03,8167.75,8197.92,8197.92,51400
Mar 4 2009,8473.25,8501.46,8373.24,8446.49,8446.49,40600
Mar 3 2009,8583.06,8635.20,8393.05,8427.29,8427.29,35200
Mar 2 2009,8762.88,8762.88,8563.52,8607.08,8607.08,30200
Feb 27 2009,8944.11,8944.11,8728.66,8891.61,8891.61,42200
Feb 26 2009,8905.56,8998.31,8788.94,8954.86,8954.86,37200
Feb 25 2009,8913.44,8995.04,8880.15,8902.56,8902.56,32200
Feb 24 2009,8707.35,8856.52,8619.22,8822.06,8822.06,32400
Feb 20 2009,8943.78,8943.78,8762.58,8843.21,8843.21,28000
Feb 19 2009,9034.90,9111.27,8977.80,9042.63,9042.63,27400
Feb 18 2009,8939.38,9112.99,8929.62,9015.18,9015.18,36800
Feb 17 2009,9213.40,9213.40,8994.34,9035.00,9035.00,28400
Feb 16 2009,9637.04,9637.04,9279.10,9305.45,9305.45,37200
Feb 13 2009,9540.60,9695.59,9540.60,9634.74,9634.74,30000
Feb 12 2009,9559.03,9578.99,9445.54,9465.83,9465.83,33800
Feb 11 2009,9462.14,9648.39,9459.59,9618.54,9618.54,37600
Feb 10 2009,9589.95,9724.87,9510.63,9647.47,9647.47,45000
Feb 9 2009,9359.00,9601.56,9329.30,9583.89,9583.89,20000
Feb 6 2009,9161.49,9321.38,9160.83,9300.86,9300.86,28400
Feb 5 2009,9241.56,9247.09,9017.08,9090.88,9090.88,29600
Feb 4 2009,9226.20,9338.21,9164.16,9201.85,9201.85,41600
Feb 3 2009,9128.99,9302.25,9040.56,9149.30,9149.30,46000
Feb 2 2009,9363.58,9363.58,9048.97,9066.70,9066.70,39800
Jan 30 2009,9111.12,9438.31,9088.15,9424.24,9424.24,48000
Jan 29 2009,9340.59,9379.68,9164.96,9236.28,9236.28,38800
Jan 28 2009,9077.65,9270.75,9053.80,9257.47,9257.47,39800
Jan 27 2009,8803.07,9021.97,8791.58,9004.08,9004.08,34200
Jan 23 2009,8804.15,8858.84,8631.60,8674.35,8674.35,44000
Jan 22 2009,8905.97,8927.69,8699.32,8813.84,8813.84,39200
Jan 21 2009,8900.78,9051.31,8734.93,8779.17,8779.17,32400
Jan 20 2009,9159.76,9159.76,9033.55,9100.55,9100.55,31200
Jan 19 2009,9365.04,9409.51,9273.47,9329.57,9329.57,30000
Jan 16 2009,9125.65,9342.47,9125.65,9323.59,9323.59,35400
Jan 15 2009,9000.62,9123.78,8946.62,9046.74,9046.74,37600
Jan 14 2009,9223.16,9412.97,9071.36,9370.49,9370.49,32000
Jan 13 2009,9042.36,9261.00,8992.92,9071.36,9071.36,45200
Jan 12 2009,9306.74,9327.30,9024.45,9110.05,9110.05,98000
Jan 9 2009,9434.85,9630.40,9250.82,9406.47,9406.47,158200
Jan 7 2009,10424.96,10469.72,9510.15,9586.88,9586.88,217600
Jan 6 2009,10241.51,10392.12,10150.68,10335.93,10335.93,55600
Jan 5 2009,10124.92,10306.17,10069.11,10275.60,10275.60,51200
Jan 2 2009,9973.06,10070.28,9863.86,9958.22,9958.22,51600
Dec 31 2008,9806.64,9825.90,9587.92,9647.31,9647.31,63800
Dec 30 2008,9625.13,9785.04,9494.70,9716.16,9716.16,56600
Dec 29 2008,9318.86,9550.40,9162.66,9533.52,9533.52,65800
Dec 26 2008,9655.07,9706.38,9294.98,9328.92,9328.92,43000
Dec 24 2008,9626.07,9653.42,9502.53,9568.72,9568.72,68800
Dec 23 2008,9813.20,9838.38,9643.56,9686.75,9686.75,52600
Dec 22 2008,10102.42,10173.34,9895.55,9928.35,9928.35,39000
Dec 19 2008,10001.33,10188.54,9987.42,10099.91,10099.91,59600
Dec 18 2008,9710.20,10110.34,9633.04,10076.43,10076.43,69200
Dec 17 2008,10073.10,10073.10,9682.91,9715.29,9715.29,75800
Dec 16 2008,9794.48,10009.21,9790.31,9976.98,9976.98,41000
Dec 15 2008,9821.85,9948.33,9749.29,9832.39,9832.39,47000
Dec 12 2008,9370.87,9745.51,9281.89,9690.07,9690.07,6400
Dec 11 2008,9679.32,9746.01,9441.97,9645.46,9645.46,68800
Dec 10 2008,9349.53,9678.70,9280.16,9654.90,9654.90,65000
Dec 8 2008,9276.89,9432.11,9095.70,9162.62,9162.62,50200
Dec 5 2008,9172.58,9340.69,8914.38,8965.20,8965.20,53000
Dec 4 2008,8779.02,9245.06,8726.71,9229.75,9229.75,55200
Dec 3 2008,8851.22,8854.81,8601.41,8747.43,8747.43,52400
Dec 2 2008,8535.83,8785.04,8467.43,8739.24,8739.24,41000
Dec 1 2008,9162.94,9326.68,8803.34,8839.87,8839.87,45200
Nov 28 2008,8889.18,9157.62,8889.18,9092.72,9092.72,34000
Nov 26 2008,8806.02,9061.72,8658.53,9026.72,9026.72,44600
Nov 25 2008,9170.28,9182.80,8649.40,8695.53,8695.53,41600
Nov 24 2008,8840.53,9042.02,8701.93,8903.12,8903.12,43800
Nov 21 2008,8481.02,8988.03,8442.31,8915.21,8915.21,59200
Nov 20 2008,8400.88,8540.46,8316.39,8451.01,8451.01,40000
Nov 19 2008,8970.67,9236.27,8726.80,8773.78,8773.78,42600
Nov 18 2008,9084.12,9169.05,8871.71,8937.20,8937.20,41000
Nov 17 2008,9396.93,9424.25,8956.68,9291.01,9291.01,41800
Nov 14 2008,9784.85,9826.25,9267.49,9385.42,9385.42,46200
Nov 12 2008,9683.75,9928.60,9376.73,9536.33,9536.33,52400
Nov 11 2008,10386.45,10397.36,9800.67,9839.69,9839.69,63600
Nov 10 2008,10154.56,10570.58,10095.90,10536.16,10536.16,45400
Nov 7 2008,9631.59,10065.37,9631.59,9964.29,9964.29,42000
Nov 6 2008,9755.03,10109.45,9635.22,9734.22,9734.22,49400
Nov 5 2008,10931.17,10945.41,10051.52,10120.01,10120.01,53400
Nov 4 2008,10304.57,10668.48,10116.22,10631.12,10631.12,51000
Nov 3 2008,10209.37,10373.17,10112.66,10337.68,10337.68,44800
Oct 31 2008,9361.66,9870.42,9361.66,9788.06,9788.06,57200
Oct 29 2008,9297.76,9297.76,8894.34,9044.51,9044.51,55000
Oct 27 2008,8588.86,8739.48,7697.39,8509.56,8509.56,55400
Oct 24 2008,9497.48,9570.71,8566.82,8701.07,8701.07,63600
Oct 23 2008,9683.26,10260.55,9682.40,9771.70,9771.70,41000
Oct 22 2008,10455.23,10484.85,10128.22,10169.90,10169.90,33400
Oct 21 2008,10428.11,10750.20,10250.23,10683.39,10683.39,45800
Oct 20 2008,10160.47,10538.05,10023.28,10223.09,10223.09,35400
Oct 17 2008,10763.34,10786.93,9911.32,9975.35,9975.35,47400
Oct 16 2008,10221.53,10787.20,10017.80,10581.49,10581.49,51600
Oct 15 2008,11245.27,11257.15,10760.33,10809.12,10809.12,34800
Oct 14 2008,11781.43,11870.22,11410.49,11483.40,11483.40,36000
Oct 13 2008,10817.68,11361.32,10817.68,11309.09,11309.09,43800
Oct 10 2008,10632.27,10904.13,10239.76,10527.85,10527.85,62400
Oct 8 2008,11316.24,11405.73,10740.76,11328.36,11328.36,66200
Oct 7 2008,12068.11,12181.08,11501.85,11695.24,11695.24,40400
Oct 6 2008,12284.49,12284.49,11732.97,11801.70,11801.70,33000
Oct 3 2008,12851.47,13001.19,12472.61,12526.32,12526.32,37200
Oct 1 2008,13006.72,13203.86,12697.30,13055.67,13055.67,32400
Sep 30 2008,12178.18,12995.20,12153.55,12860.43,12860.43,38400
Sep 29 2008,13109.96,13109.96,12402.84,12595.75,12595.75,37000
Sep 26 2008,13486.20,13486.20,13054.42,13102.18,13102.18,29000
Sep 25 2008,13716.88,13716.88,13430.68,13547.18,13547.18,36600
Sep 24 2008,13636.71,13840.81,13592.79,13692.52,13692.52,40200
Sep 23 2008,13721.42,13978.26,13543.47,13570.31,13570.31,29600
Sep 22 2008,14215.33,14215.33,13917.48,13994.96,13994.96,35800
Sep 19 2008,13763.83,14097.44,13674.96,14042.32,14042.32,47400
Sep 18 2008,12712.82,13346.79,12558.14,13315.60,13315.60,48000
Sep 17 2008,13620.74,13620.74,13127.96,13262.90,13262.90,30400
Sep 16 2008,13051.73,13556.03,13051.73,13518.80,13518.80,33600
Sep 15 2008,13592.05,13592.05,13150.81,13531.27,13531.27,24000
Sep 12 2008,14433.20,14433.20,13933.87,14000.81,14000.81,26800
Sep 11 2008,14557.33,14557.33,14265.38,14324.29,14324.29,22800
Sep 10 2008,14717.53,14866.32,14609.83,14662.61,14662.61,22800
Sep 9 2008,14814.33,14998.32,14714.92,14900.76,14900.76,19800
Sep 8 2008,15038.06,15107.01,14917.06,14944.97,14944.97,23400
Sep 5 2008,14569.01,14601.39,14438.59,14483.83,14483.83,23200
Sep 4 2008,14895.85,14994.15,14766.01,14899.10,14899.10,19800
Sep 2 2008,14609.44,15106.15,14543.21,15049.86,15049.86,25700
Sep 1 2008,14412.99,14547.41,14281.10,14498.51,14498.51,14800
Aug 29 2008,14279.02,14586.16,14279.02,14564.53,14564.53,32400
Aug 28 2008,14289.97,14347.19,14002.43,14048.34,14048.34,18800
Aug 27 2008,14563.10,14563.10,14261.69,14296.79,14296.79,15600
Aug 26 2008,14338.27,14495.27,14286.38,14482.22,14482.22,18800
Aug 25 2008,14643.37,14672.69,14416.20,14450.35,14450.35,17000
Aug 22 2008,14153.39,14428.52,14136.86,14401.49,14401.49,20400
Aug 21 2008,14646.98,14646.98,14201.18,14243.73,14243.73,19400
Aug 20 2008,14610.57,14746.20,14584.03,14678.23,14678.23,18400
Aug 19 2008,14517.76,14604.11,14368.72,14543.73,14543.73,17600
Aug 18 2008,14681.14,14824.92,14600.65,14645.66,14645.66,19600
Aug 14 2008,15017.68,15033.28,14686.66,14724.18,14724.18,22000
Aug 13 2008,15030.21,15272.56,15013.06,15093.12,15093.12,19200
Aug 12 2008,15577.20,15579.78,15124.91,15212.13,15212.13,27000
Aug 11 2008,15430.31,15520.71,15367.97,15503.92,15503.92,26200
Aug 8 2008,15036.57,15228.82,14888.12,15167.82,15167.82,21000
Aug 7 2008,15031.86,15280.06,14992.97,15117.25,15117.25,25800
Aug 6 2008,15263.65,15422.82,15035.60,15073.54,15073.54,32600
Aug 5 2008,14562.68,14986.63,14529.21,14961.07,14961.07,35600
Aug 4 2008,14594.64,14725.94,14503.51,14577.87,14577.87,24800
Aug 1 2008,14064.26,14682.33,14032.87,14656.69,14656.69,40200
Jul 31 2008,14359.48,14369.42,14161.76,14355.75,14355.75,27800
Jul 30 2008,14007.32,14322.67,14002.19,14287.21,14287.21,26000
Jul 29 2008,14085.53,14153.12,13727.14,13791.54,13791.54,23600
Jul 28 2008,14267.03,14421.61,14219.38,14349.11,14349.11,21800
Jul 25 2008,14451.95,14484.39,14210.63,14274.94,14274.94,27800
Jul 24 2008,15082.37,15130.09,14608.05,14777.01,14777.01,31200
Jul 23 2008,14568.22,14979.90,14568.22,14942.28,14942.28,39000
Jul 22 2008,13837.64,14206.13,13798.18,14104.20,14104.20,35600
Jul 21 2008,13782.13,13878.88,13581.19,13850.04,13850.04,32400
Jul 18 2008,13234.53,13684.27,13093.34,13635.40,13635.40,36600
Jul 17 2008,12909.57,13150.35,12843.79,13111.85,13111.85,33600
Jul 16 2008,12759.76,12935.25,12514.99,12575.80,12575.80,31200
Jul 15 2008,13067.08,13067.08,12607.62,12676.19,12676.19,30000
Jul 14 2008,13333.03,13557.21,13270.40,13330.51,13330.51,23600
Jul 11 2008,14063.45,14063.45,13351.34,13469.85,13469.85,29000
Jul 10 2008,13851.59,14046.59,13763.94,13926.24,13926.24,26400
Jul 9 2008,13581.41,13998.48,13581.41,13964.26,13964.26,27600
Jul 8 2008,13226.04,13451.67,13049.96,13349.65,13349.65,25400
Jul 7 2008,13561.92,13793.39,13476.29,13525.99,13525.99,21200
Jul 4 2008,13097.01,13508.38,13031.43,13454.00,13454.00,31400
Jul 3 2008,13458.30,13458.30,12934.92,13094.11,13094.11,29200
Jul 2 2008,12948.05,13711.01,12822.75,13664.62,13664.62,32000
Jul 1 2008,13480.02,13613.01,12904.09,12961.68,12961.68,27600
Jun 30 2008,13791.02,13872.06,13405.54,13461.60,13461.60,22400
Jun 27 2008,14127.76,14127.76,13760.78,13802.22,13802.22,32200
Jun 26 2008,14300.72,14449.81,14196.68,14421.82,14421.82,21800
Jun 25 2008,13776.21,14247.16,13736.01,14220.07,14220.07,23000
Jun 24 2008,14290.16,14432.90,13991.31,14106.58,14106.58,24800
Jun 23 2008,14423.05,14509.69,14163.45,14293.32,14293.32,24600
Jun 20 2008,15194.73,15194.73,14520.88,14571.29,14571.29,26000
Jun 19 2008,15250.47,15259.36,15051.66,15087.99,15087.99,18600
Jun 18 2008,15744.21,15789.62,15390.22,15422.31,15422.31,22000
Jun 17 2008,15388.36,15732.75,15358.75,15696.90,15696.90,18200
Jun 16 2008,15400.57,15553.37,15340.34,15395.82,15395.82,15200
Jun 13 2008,15327.10,15337.10,15135.81,15189.62,15189.62,20200
Jun 12 2008,14957.53,15270.85,14748.07,15250.20,15250.20,25000
Jun 11 2008,15018.68,15225.81,15009.48,15185.32,15185.32,34600
Jun 10 2008,14979.96,15088.03,14645.31,14889.25,14889.25,26400
Jun 9 2008,15115.97,15202.74,14846.18,15066.10,15066.10,24400
Jun 6 2008,15914.41,15970.70,15526.50,15572.18,15572.18,19600
Jun 5 2008,15479.65,15814.80,15314.02,15769.72,15769.72,28600
Jun 4 2008,15992.90,15992.90,15442.34,15514.79,15514.79,23800
Jun 3 2008,15851.72,15985.40,15709.51,15962.56,15962.56,20200
Jun 2 2008,16591.46,16632.72,15991.21,16063.18,16063.18,17600
May 30 2008,16454.03,16540.49,16314.99,16415.57,16415.57,18400
May 29 2008,16666.03,16666.03,16196.02,16316.26,16316.26,20000
May 28 2008,16358.62,16563.30,16217.78,16525.37,16525.37,21600
May 27 2008,16454.75,16506.35,16237.92,16275.59,16275.59,16200
May 26 2008,16468.32,16498.24,16300.88,16348.50,16348.50,15800
May 23 2008,16958.80,17054.34,16626.11,16649.64,16649.64,17600
May 22 2008,17104.59,17104.59,16863.38,16907.11,16907.11,16800
May 21 2008,17065.61,17293.34,17041.63,17243.16,17243.16,19600
May 20 2008,17366.05,17367.13,17136.26,17230.18,17230.18,16600
May 16 2008,17476.41,17497.36,17315.52,17434.94,17434.94,17000
May 15 2008,17084.89,17366.19,17079.94,17353.54,17353.54,25000
May 14 2008,16691.30,17014.94,16626.35,16978.35,16978.35,19000
May 13 2008,17008.03,17085.63,16697.47,16752.86,16752.86,17000
May 12 2008,16641.45,16897.36,16546.55,16860.90,16860.90,18000
May 9 2008,17020.79,17125.95,16678.94,16737.07,16737.07,18600
May 8 2008,17212.61,17212.61,17038.03,17080.65,17080.65,18200
May 7 2008,17404.15,17413.81,17229.98,17339.31,17339.31,21200
May 6 2008,17441.41,17502.15,17237.68,17373.01,17373.01,23200
May 5 2008,17687.00,17735.70,17457.27,17490.90,17490.90,20200
May 2 2008,17560.15,17621.24,17445.93,17600.12,17600.12,24600
Apr 30 2008,17479.01,17480.74,17241.88,17287.31,17287.31,26200
Apr 29 2008,17050.87,17424.94,17011.60,17378.46,17378.46,27600
Apr 28 2008,17251.56,17271.56,16978.89,17015.96,17015.96,19200
Apr 25 2008,16781.97,17150.92,16781.97,17125.98,17125.98,21600
Apr 24 2008,16796.26,16844.02,16668.60,16721.08,16721.08,19000
Apr 23 2008,16823.99,16871.27,16589.45,16698.04,16698.04,17000
Apr 22 2008,16686.55,16853.96,16597.53,16783.87,16783.87,21400
Apr 21 2008,16611.41,16778.59,16611.41,16739.33,16739.33,20200
Apr 17 2008,16456.04,16570.57,16397.17,16481.20,16481.20,17800
Apr 16 2008,16288.76,16413.80,16198.56,16244.19,16244.19,22000
Apr 15 2008,15694.41,16249.46,15573.03,16153.66,16153.66,22400
Apr 11 2008,15840.56,15957.24,15673.67,15807.64,15807.64,19600
Apr 10 2008,15754.87,15953.54,15655.20,15695.10,15695.10,22000
Apr 9 2008,15512.70,15829.59,15464.72,15790.51,15790.51,16400
Apr 8 2008,15770.16,15770.40,15479.42,15587.62,15587.62,18400
Apr 7 2008,15390.15,15851.88,15321.56,15757.08,15757.08,19800
Apr 4 2008,15896.09,15896.09,15303.04,15343.12,15343.12,19000
Apr 3 2008,15805.63,16002.73,15699.21,15832.55,15832.55,15600
Apr 2 2008,16023.30,16236.70,15719.47,15750.40,15750.40,16800
Apr 1 2008,15771.72,15834.05,15297.96,15626.62,15626.62,15300
Mar 31 2008,16226.66,16226.66,15563.15,15644.44,15644.44,23200
Mar 28 2008,16100.26,16452.08,15884.45,16371.29,16371.29,23800
Mar 27 2008,15950.29,16111.44,15869.09,16015.56,16015.56,24200
Mar 26 2008,16270.12,16309.88,16009.87,16086.83,16086.83,24600
Mar 25 2008,15612.61,16262.38,15612.61,16217.49,16217.49,29400
Mar 24 2008,15093.77,15351.31,15056.09,15289.40,15289.40,20200
Mar 19 2008,15325.79,15465.81,14930.08,14994.83,14994.83,28200
Mar 18 2008,14725.68,15164.73,14677.24,14833.46,14833.46,47600
Mar 17 2008,15326.93,15326.93,14739.72,14809.49,14809.49,22600
Mar 14 2008,15467.39,15798.42,15331.35,15760.52,15760.52,23800
Mar 13 2008,15873.28,15873.28,15228.99,15357.35,15357.35,21200
Mar 12 2008,16541.14,16683.37,16064.09,16127.98,16127.98,23000
Mar 11 2008,15778.27,16168.13,15739.04,16123.15,16123.15,22400
Mar 10 2008,15684.24,15998.33,15362.17,15923.72,15923.72,21800
Mar 7 2008,16211.96,16211.96,15689.92,15975.52,15975.52,24400
Mar 5 2008,16328.91,16595.64,16253.02,16542.08,16542.08,21600
Mar 4 2008,16742.20,16754.06,16164.57,16339.89,16339.89,20600
Mar 3 2008,17227.56,17227.56,16634.63,16677.88,16677.88,21800
Feb 29 2008,17779.54,17779.54,17258.20,17578.72,17578.72,23000
Feb 28 2008,17810.52,17921.51,17690.16,17824.48,17824.48,18200
Feb 27 2008,17983.42,18137.28,17770.65,17825.99,17825.99,13000
Feb 26 2008,17799.56,17860.10,17678.74,17806.19,17806.19,11000
Feb 25 2008,17523.81,17674.06,17137.99,17650.57,17650.57,13200
Feb 22 2008,17503.04,17526.80,17347.26,17349.07,17349.07,9800
Feb 21 2008,17825.22,17887.21,17482.31,17734.68,17734.68,15800
Feb 20 2008,17991.29,17991.29,17505.56,17617.60,17617.60,12800
Feb 19 2008,18215.26,18314.10,18018.48,18075.66,18075.66,12800
Feb 18 2008,18228.21,18256.82,17900.96,18048.05,18048.05,11800
Feb 15 2008,17541.17,18142.92,17445.05,18115.25,18115.25,17400
Feb 14 2008,17265.19,17836.64,17265.19,17766.63,17766.63,14400
Feb 13 2008,16816.94,17141.06,16725.68,16949.14,16949.14,14200
Feb 12 2008,16812.63,16966.72,16565.48,16608.01,16608.01,14400
Feb 11 2008,17427.34,17427.34,16457.74,16630.91,16630.91,20000
Feb 8 2008,17610.07,17688.73,17203.06,17464.89,17464.89,19200
Feb 7 2008,18198.68,18198.68,17492.28,17526.93,17526.93,17400
Feb 6 2008,18247.03,18274.15,17936.01,18139.49,18139.49,16400
Feb 5 2008,18592.58,18729.83,18509.54,18663.16,18663.16,19000
Feb 4 2008,18496.03,18895.34,18447.25,18660.32,18660.32,17400
Feb 1 2008,17820.67,18312.40,17534.96,18242.58,18242.58,14800
Jan 31 2008,17810.13,18008.71,17417.63,17648.71,17648.71,16800
Jan 30 2008,18120.22,18129.18,17683.51,17758.64,17758.64,13400
Jan 29 2008,18346.49,18491.06,17927.92,18091.94,18091.94,14800
Jan 28 2008,18011.89,18213.21,17443.29,18152.78,18152.78,12400
Jan 25 2008,17504.00,18406.25,17504.00,18361.66,18361.66,15200
Jan 24 2008,17920.98,18185.10,17070.05,17221.74,17221.74,22800
Jan 23 2008,17520.02,17997.11,16951.03,17594.07,17594.07,22000
Jan 22 2008,16884.09,17068.57,15332.42,16729.94,16729.94,30600
Jan 21 2008,18919.57,18919.57,16951.50,17605.35,17605.35,35800
Jan 18 2008,19579.61,19715.78,18930.42,19013.70,19013.70,28000
Jan 17 2008,19972.75,20026.12,19643.76,19700.82,19700.82,20200
Jan 16 2008,20079.89,20079.89,19513.25,19868.11,19868.11,24600
Jan 15 2008,20836.47,20872.93,20203.63,20251.09,20251.09,19400
Jan 14 2008,20918.23,20959.22,20661.90,20728.05,20728.05,16800
Jan 11 2008,20702.94,20894.79,20505.81,20827.45,20827.45,18200
Jan 10 2008,20930.28,21206.77,20530.07,20582.08,20582.08,21200
Jan 9 2008,20903.00,21113.13,20701.49,20869.78,20869.78,22200
Jan 8 2008,20970.07,21077.53,20696.60,20873.33,20873.33,22800
Jan 7 2008,20637.21,20861.83,20438.19,20812.65,20812.65,17600
Jan 4 2008,20367.94,20762.80,20367.94,20686.89,20686.89,18600
Jan 3 2008,20383.03,20519.70,20293.87,20345.20,20345.20,20600
Jan 2 2008,20393.10,20529.48,20077.40,20465.30,20465.30,20600